Requirement already satisfied: argcomplete in /usr/lib/python3/dist-packages (from -r Tools/setup/requirements.txt (line 1)) (3.1.4)
Collecting cerberus (from -r Tools/setup/requirements.txt (line 2))
  Downloading cerberus-1.3.8-py3-none-any.whl.metadata (5.5 kB)
Collecting coverage (from -r Tools/setup/requirements.txt (line 3))
  Downloading coverage-7.16.2-cp312-cp312-manylinux1_x86_64.manylinux_2_28_x86_64.manylinux_2_5_x86_64.whl.metadata (8.2 kB)
Requirement already satisfied: empy<4,>=3.3 in /usr/lib/python3/dist-packages (from -r Tools/setup/requirements.txt (line 4)) (3.3.4)
Collecting future (from -r Tools/setup/requirements.txt (line 5))
  Downloading future-1.0.0-py3-none-any.whl.metadata (4.0 kB)
Requirement already satisfied: jinja2>=2.8 in /usr/lib/python3/dist-packages (from -r Tools/setup/requirements.txt (line 6)) (3.1.2)
Collecting jsonschema (from -r Tools/setup/requirements.txt (line 7))
  Downloading jsonschema-4.26.0-py3-none-any.whl.metadata (7.6 kB)
Collecting kconfiglib (from -r Tools/setup/requirements.txt (line 8))
  Downloading kconfiglib-14.1.0-py2.py3-none-any.whl.metadata (39 kB)
Requirement already satisfied: lark in /usr/lib/python3/dist-packages (from -r Tools/setup/requirements.txt (line 9)) (1.1.9)
Requirement already satisfied: lxml in /usr/lib/python3/dist-packages (from -r Tools/setup/requirements.txt (line 10)) (5.2.1)
Requirement already satisfied: matplotlib>=3.0 in /usr/lib/python3/dist-packages (from -r Tools/setup/requirements.txt (line 11)) (3.6.3)
Requirement already satisfied: numpy>=1.13 in /usr/lib/python3/dist-packages (from -r Tools/setup/requirements.txt (line 12)) (1.26.4)
Collecting nunavut>=1.1.0 (from -r Tools/setup/requirements.txt (line 13))
  Downloading nunavut-2.3.1-6748279276-py3-none-any.whl.metadata (11 kB)
Requirement already satisfied: packaging in /usr/lib/python3/dist-packages (from -r Tools/setup/requirements.txt (line 14)) (24.0)
Collecting pandas>=0.21 (from -r Tools/setup/requirements.txt (line 15))
  Downloading pandas-3.0.6-cp312-cp312-manylinux_2_24_x86_64.manylinux_2_28_x86_64.whl.metadata (79 kB)
     ━━━━━━━━━━━━━━━━━━━━━━━━━━━━━━━━━━━━━━━ 79.5/79.5 kB 680.9 kB/s eta 0:00:00
Collecting pkgconfig (from -r Tools/setup/requirements.txt (line 16))
  Downloading pkgconfig-1.6.0-py3-none-any.whl.metadata (4.9 kB)
Requirement already satisfied: psutil in /usr/lib/python3/dist-packages (from -r Tools/setup/requirements.txt (line 17)) (5.9.8)
Collecting pycryptodome (from -r Tools/setup/requirements.txt (line 18))
  Downloading pycryptodome-3.24.0-cp37-abi3-manylinux2014_x86_64.manylinux_2_17_x86_64.whl.metadata (3.4 kB)
Requirement already satisfied: pygments in /usr/lib/python3/dist-packages (from -r Tools/setup/requirements.txt (line 19)) (2.17.2)
Collecting pymavlink (from -r Tools/setup/requirements.txt (line 20))
  Downloading pymavlink-2.4.50-cp312-cp312-manylinux2014_x86_64.manylinux_2_17_x86_64.manylinux_2_28_x86_64.whl.metadata (7.6 kB)
Collecting pyros-genmsg (from -r Tools/setup/requirements.txt (line 21))
  Downloading pyros_genmsg-0.5.8-py2.py3-none-any.whl.metadata (358 bytes)
Collecting pyserial (from -r Tools/setup/requirements.txt (line 22))
  Downloading pyserial-3.5-py2.py3-none-any.whl.metadata (1.6 kB)
Collecting pyulog>=0.5.0 (from -r Tools/setup/requirements.txt (line 23))
  Downloading pyulog-1.2.4-py3-none-any.whl.metadata (1.6 kB)
Requirement already satisfied: pyyaml in /usr/lib/python3/dist-packages (from -r Tools/setup/requirements.txt (line 24)) (6.0.1)
Collecting requests (from -r Tools/setup/requirements.txt (line 25))
  Downloading requests-2.34.2-py3-none-any.whl.metadata (4.8 kB)
Requirement already satisfied: setuptools>=39.2.0 in /usr/lib/python3/dist-packages (from -r Tools/setup/requirements.txt (line 26)) (68.1.2)
Requirement already satisfied: six>=1.12.0 in /usr/lib/python3/dist-packages (from -r Tools/setup/requirements.txt (line 27)) (1.16.0)
Requirement already satisfied: sympy>=1.10.1 in /usr/lib/python3/dist-packages (from -r Tools/setup/requirements.txt (line 28)) (1.12)
Collecting toml>=0.9 (from -r Tools/setup/requirements.txt (line 29))
  Downloading toml-0.10.2-py2.py3-none-any.whl.metadata (7.1 kB)
Collecting wheel>=0.31.1 (from -r Tools/setup/requirements.txt (line 30))
  Downloading wheel-0.48.0-py3-none-any.whl.metadata (2.3 kB)
Requirement already satisfied: attrs>=22.2.0 in /usr/lib/python3/dist-packages (from jsonschema->-r Tools/setup/requirements.txt (line 7)) (23.2.0)
Collecting jsonschema-specifications>=2023.03.6 (from jsonschema->-r Tools/setup/requirements.txt (line 7))
  Downloading jsonschema_specifications-2025.9.1-py3-none-any.whl.metadata (2.9 kB)
Collecting referencing>=0.28.4 (from jsonschema->-r Tools/setup/requirements.txt (line 7))
  Downloading referencing-0.37.0-py3-none-any.whl.metadata (2.8 kB)
Collecting rpds-py>=0.25.0 (from jsonschema->-r Tools/setup/requirements.txt (line 7))
  Downloading rpds_py-2026.9.1-cp312-cp312-manylinux_2_17_x86_64.manylinux2014_x86_64.whl.metadata (4.1 kB)
Collecting pydsdl~=1.18 (from nunavut>=1.1.0->-r Tools/setup/requirements.txt (line 13))
  Downloading pydsdl-1.25.0-py3-none-any.whl.metadata (1.9 kB)
Collecting importlib-resources (from nunavut>=1.1.0->-r Tools/setup/requirements.txt (line 13))
  Downloading importlib_resources-7.1.0-py3-none-any.whl.metadata (4.0 kB)
Requirement already satisfied: python-dateutil>=2.8.2 in /usr/lib/python3/dist-packages (from pandas>=0.21->-r Tools/setup/requirements.txt (line 15)) (2.8.2)
Collecting fastcrc (from pymavlink->-r Tools/setup/requirements.txt (line 20))
  Downloading fastcrc-0.5.0-cp312-cp312-manylinux_2_17_x86_64.manylinux2014_x86_64.whl.metadata (4.9 kB)
Collecting charset_normalizer<4,>=2 (from requests->-r Tools/setup/requirements.txt (line 25))
  Downloading charset_normalizer-3.5.2-cp312-cp312-manylinux2014_x86_64.manylinux_2_17_x86_64.manylinux_2_28_x86_64.whl.metadata (46 kB)
     ━━━━━━━━━━━━━━━━━━━━━━━━━━━━━━━━━━━━━━━ 46.4/46.4 kB 297.2 MB/s eta 0:00:00
Collecting idna<4,>=2.5 (from requests->-r Tools/setup/requirements.txt (line 25))
  Downloading idna-3.20-py3-none-any.whl.metadata (7.2 kB)
Collecting urllib3<3,>=1.26 (from requests->-r Tools/setup/requirements.txt (line 25))
  Downloading urllib3-2.8.0-py3-none-any.whl.metadata (7.4 kB)
Collecting certifi>=2023.5.7 (from requests->-r Tools/setup/requirements.txt (line 25))
  Downloading certifi-2026.7.22-py3-none-any.whl.metadata (2.5 kB)
Collecting typing-extensions>=4.4.0 (from referencing>=0.28.4->jsonschema->-r Tools/setup/requirements.txt (line 7))
  Downloading typing_extensions-4.16.0-py3-none-any.whl.metadata (3.3 kB)
Downloading cerberus-1.3.8-py3-none-any.whl (30 kB)
Downloading coverage-7.16.2-cp312-cp312-manylinux1_x86_64.manylinux_2_28_x86_64.manylinux_2_5_x86_64.whl (258 kB)
   ━━━━━━━━━━━━━━━━━━━━━━━━━━━━━━━━━━━━━━━ 258.6/258.6 kB 756.7 kB/s eta 0:00:00
Downloading future-1.0.0-py3-none-any.whl (491 kB)
   ━━━━━━━━━━━━━━━━━━━━━━━━━━━━━━━━━━━━━━━━ 491.3/491.3 kB 2.6 MB/s eta 0:00:00
Downloading jsonschema-4.26.0-py3-none-any.whl (90 kB)
   ━━━━━━━━━━━━━━━━━━━━━━━━━━━━━━━━━━━━━━━━ 90.6/90.6 kB 424.2 MB/s eta 0:00:00
Downloading kconfiglib-14.1.0-py2.py3-none-any.whl (145 kB)
   ━━━━━━━━━━━━━━━━━━━━━━━━━━━━━━━━━━━━━━━ 145.9/145.9 kB 219.0 MB/s eta 0:00:00
Downloading nunavut-2.3.1-6748279276-py3-none-any.whl (369 kB)
   ━━━━━━━━━━━━━━━━━━━━━━━━━━━━━━━━━━━━━━━━ 369.0/369.0 kB 13.1 MB/s eta 0:00:00
Downloading pandas-3.0.6-cp312-cp312-manylinux_2_24_x86_64.manylinux_2_28_x86_64.whl (10.8 MB)
   ━━━━━━━━━━━━━━━━━━━━━━━━━━━━━━━━━━━━━━━━ 10.8/10.8 MB 8.0 MB/s eta 0:00:00
Downloading pkgconfig-1.6.0-py3-none-any.whl (7.1 kB)
Downloading pycryptodome-3.24.0-cp37-abi3-manylinux2014_x86_64.manylinux_2_17_x86_64.whl (2.3 MB)
   ━━━━━━━━━━━━━━━━━━━━━━━━━━━━━━━━━━━━━━━━ 2.3/2.3 MB 5.7 MB/s eta 0:00:00
Downloading pymavlink-2.4.50-cp312-cp312-manylinux2014_x86_64.manylinux_2_17_x86_64.manylinux_2_28_x86_64.whl (7.2 MB)
   ━━━━━━━━━━━━━━━━━━━━━━━━━━━━━━━━━━━━━━━━ 7.2/7.2 MB 5.5 MB/s eta 0:00:00
Downloading pyros_genmsg-0.5.8-py2.py3-none-any.whl (25 kB)
Downloading pyserial-3.5-py2.py3-none-any.whl (90 kB)
   ━━━━━━━━━━━━━━━━━━━━━━━━━━━━━━━━━━━━━━━━ 90.6/90.6 kB 425.0 MB/s eta 0:00:00
Downloading pyulog-1.2.4-py3-none-any.whl (52 kB)
   ━━━━━━━━━━━━━━━━━━━━━━━━━━━━━━━━━━━━━━━━ 52.3/52.3 kB 276.7 MB/s eta 0:00:00
Downloading requests-2.34.2-py3-none-any.whl (73 kB)
   ━━━━━━━━━━━━━━━━━━━━━━━━━━━━━━━━━━━━━━━━ 73.1/73.1 kB 382.4 MB/s eta 0:00:00
Downloading toml-0.10.2-py2.py3-none-any.whl (16 kB)
Downloading wheel-0.48.0-py3-none-any.whl (33 kB)
Downloading certifi-2026.7.22-py3-none-any.whl (136 kB)
   ━━━━━━━━━━━━━━━━━━━━━━━━━━━━━━━━━━━━━━━ 137.0/137.0 kB 359.6 MB/s eta 0:00:00
Downloading charset_normalizer-3.5.2-cp312-cp312-manylinux2014_x86_64.manylinux_2_17_x86_64.manylinux_2_28_x86_64.whl (257 kB)
   ━━━━━━━━━━━━━━━━━━━━━━━━━━━━━━━━━━━━━━━ 257.6/257.6 kB 559.2 kB/s eta 0:00:00
Downloading idna-3.20-py3-none-any.whl (69 kB)
   ━━━━━━━━━━━━━━━━━━━━━━━━━━━━━━━━━━━━━━━━ 69.6/69.6 kB 397.3 MB/s eta 0:00:00
Downloading jsonschema_specifications-2025.9.1-py3-none-any.whl (18 kB)
Downloading pydsdl-1.25.0-py3-none-any.whl (145 kB)
   ━━━━━━━━━━━━━━━━━━━━━━━━━━━━━━━━━━━━━━━━ 145.3/145.3 kB 1.4 MB/s eta 0:00:00
Downloading referencing-0.37.0-py3-none-any.whl (26 kB)
Downloading rpds_py-2026.9.1-cp312-cp312-manylinux_2_17_x86_64.manylinux2014_x86_64.whl (371 kB)
   ━━━━━━━━━━━━━━━━━━━━━━━━━━━━━━━━━━━━━━━━ 371.3/371.3 kB 1.9 MB/s eta 0:00:00
Downloading urllib3-2.8.0-py3-none-any.whl (135 kB)
   ━━━━━━━━━━━━━━━━━━━━━━━━━━━━━━━━━━━━━━━━ 135.7/135.7 kB 2.0 MB/s eta 0:00:00
Downloading fastcrc-0.5.0-cp312-cp312-manylinux_2_17_x86_64.manylinux2014_x86_64.whl (1.0 MB)
   ━━━━━━━━━━━━━━━━━━━━━━━━━━━━━━━━━━━━━━━━ 1.0/1.0 MB 1.8 MB/s eta 0:00:00
Downloading importlib_resources-7.1.0-py3-none-any.whl (37 kB)
Downloading typing_extensions-4.16.0-py3-none-any.whl (45 kB)
   ━━━━━━━━━━━━━━━━━━━━━━━━━━━━━━━━━━━━━━━━ 45.6/45.6 kB 478.1 MB/s eta 0:00:00
Installing collected packages: pyserial, pyros-genmsg, pydsdl, wheel, urllib3, typing-extensions, toml, rpds-py, pyulog, pycryptodome, pkgconfig, pandas, kconfiglib, importlib-resources, idna, future, fastcrc, coverage, charset_normalizer, certifi, cerberus, requests, referencing, pymavlink, nunavut, jsonschema-specifications, jsonschema
Successfully installed cerberus-1.3.8 certifi-2026.7.22 charset_normalizer-3.5.2 coverage-7.16.2 fastcrc-0.5.0 future-1.0.0 idna-3.20 importlib-resources-7.1.0 jsonschema-4.26.0 jsonschema-specifications-2025.9.1 kconfiglib-14.1.0 nunavut-2.3.1 pandas-3.0.6 pkgconfig-1.6.0 pycryptodome-3.24.0 pydsdl-1.25.0 pymavlink-2.4.50 pyros-genmsg-0.5.8 pyserial-3.5 pyulog-1.2.4 referencing-0.37.0 requests-2.34.2 rpds-py-2026.9.1 toml-0.10.2 typing-extensions-4.16.0 urllib3-2.8.0 wheel-0.48.0
-- PX4_GIT_TAG: v1.17.0
CMake Warning (dev) at CMakeLists.txt:176 (find_package):
  Policy CMP0148 is not set: The FindPythonInterp and FindPythonLibs modules
  are removed.  Run "cmake --help-policy CMP0148" for policy details.  Use
  the cmake_policy command to set the policy and suppress this warning.

This warning is for project developers.  Use -Wno-dev to suppress it.

-- Found PythonInterp: /tmp/px4-python/bin/python3 (found suitable version "3.12.3", minimum required is "3") 
-- PX4 config file: /tmp/px4-work/boards/px4/sitl/default.px4board
-- PLATFORM posix
-- ROMFSROOT px4fmu_common
-- TESTING y
-- ETHERNET y
-- ROOT_PATH .
-- PARAM_FILE /fs/mtd_params
-- PX4 config: px4_sitl_default
-- PX4 platform: posix
-- PX4 lockstep: enabled
-- The CXX compiler identification is GNU 13.3.0
-- The C compiler identification is GNU 13.3.0
-- The ASM compiler identification is GNU
-- Found assembler: /usr/bin/cc
-- Detecting CXX compiler ABI info
-- Detecting CXX compiler ABI info - done
-- Check for working CXX compiler: /usr/bin/c++ - skipped
-- Detecting CXX compile features
-- Detecting CXX compile features - done
-- Detecting C compiler ABI info
-- Detecting C compiler ABI info - done
-- Check for working C compiler: /usr/bin/cc - skipped
-- Detecting C compile features
-- Detecting C compile features - done
-- cmake build type: RelWithDebInfo
-- Looking for gz-transport13 -- found version 13.6.0
-- Searching for dependencies of gz-transport13
-- Found Protobuf: /usr/lib/x86_64-linux-gnu/libprotobuf.so (found version "3.21.12") 
-- Config-file not installed for ZeroMQ -- checking for pkg-config
-- Checking for module 'libzmq >= 4'
--   Found libzmq, version 4.3.5
-- Found ZeroMQ: TRUE (Required is at least version "4") 
-- Checking for module 'uuid'
--   Found uuid, version 2.39.3
-- Found UUID: TRUE  
-- Looking for gz-utils2 -- found version 2.2.1
-- Searching for dependencies of gz-utils2
-- Searching for <gz-utils2> component [cli]
-- Looking for gz-utils2-cli -- found version 2.2.1
-- Searching for dependencies of gz-utils2-cli
-- Looking for gz-msgs10 -- found version 10.4.0
-- Searching for dependencies of gz-msgs10
-- Looking for gz-utils2 -- found version 2.2.1
-- Looking for gz-math7 -- found version 7.7.0
-- Searching for dependencies of gz-math7
-- Looking for gz-utils2 -- found version 2.2.1
-- Checking for module 'tinyxml2'
--   Found tinyxml2, version 10.0.0
-- Found Python3: /tmp/px4-python/bin/python3 (found version "3.12.3") found components: Interpreter 
-- Looking for gz-transport13 -- found version 13.6.0
-- Searching for dependencies of gz-transport13
-- Config-file not installed for ZeroMQ -- checking for pkg-config
-- Checking for module 'libzmq >= 4'
--   Found libzmq, version 4.3.5
-- Checking for module 'uuid'
--   Found uuid, version 2.39.3
-- Looking for gz-utils2 -- found version 2.2.1
-- Searching for dependencies of gz-utils2
-- Searching for <gz-utils2> component [cli]
-- Looking for gz-utils2-cli -- found version 2.2.1
-- Searching for dependencies of gz-utils2-cli
-- Looking for gz-msgs10 -- found version 10.4.0
-- Searching for dependencies of gz-msgs10
-- Looking for gz-utils2 -- found version 2.2.1
-- Looking for gz-math7 -- found version 7.7.0
-- Searching for dependencies of gz-math7
-- Looking for gz-utils2 -- found version 2.2.1
-- Checking for module 'tinyxml2'
--   Found tinyxml2, version 10.0.0
-- Looking for gz-sim8 -- found version 8.15.0
-- Searching for dependencies of gz-sim8
-- Looking for sdformat14 -- found version 14.9.0
-- Searching for dependencies of sdformat14
-- Looking for gz-math7 -- found version 7.7.0
-- Looking for gz-utils2 -- found version 2.2.1
-- Looking for gz-plugin2 -- found version 2.0.4
-- Searching for dependencies of gz-plugin2
-- Looking for gz-utils2 -- found version 2.2.1
-- Searching for <gz-plugin2> component [loader]
-- Looking for gz-plugin2-loader -- found version 2.0.4
-- Searching for dependencies of gz-plugin2-loader
-- Searching for <gz-plugin2> component [register]
-- Looking for gz-plugin2-register -- found version 2.0.4
-- Searching for dependencies of gz-plugin2-register
-- Looking for gz-transport13 -- found version 13.6.0
-- Searching for dependencies of gz-transport13
-- Config-file not installed for ZeroMQ -- checking for pkg-config
-- Checking for module 'libzmq >= 4'
--   Found libzmq, version 4.3.5
-- Looking for gz-utils2 -- found version 2.2.1
-- Looking for gz-msgs10 -- found version 10.4.0
-- Searching for <gz-transport13> component [log]
-- Looking for gz-transport13-log -- found version 13.6.0
-- Searching for dependencies of gz-transport13-log
-- Searching for <gz-transport13> component [parameters]
-- Looking for gz-transport13-parameters -- found version 13.6.0
-- Searching for dependencies of gz-transport13-parameters
-- Looking for gz-msgs10 -- found version 10.4.0
-- Looking for gz-common5 -- found version 5.9.0
-- Searching for dependencies of gz-common5
-- Looking for gz-utils2 -- found version 2.2.1
-- Looking for dlfcn.h - found
-- Looking for libdl - found
-- Found DL: TRUE  
-- Searching for <gz-common5> component [av]
-- Looking for gz-common5-av -- found version 5.9.0
-- Searching for dependencies of gz-common5-av
-- Checking for module 'libswscale'
--   Found libswscale, version 7.5.100
-- Found SWSCALE: TRUE  
-- Checking for module 'libavdevice >= 56.4.100'
--   Found libavdevice, version 60.3.100
-- Found AVDEVICE: TRUE (Required is at least version "56.4.100") 
-- Checking for module 'libavformat'
--   Found libavformat, version 60.16.100
-- Found AVFORMAT: TRUE  
-- Checking for module 'libavcodec'
--   Found libavcodec, version 60.31.102
-- Found AVCODEC: TRUE  
-- Checking for module 'libavutil'
--   Found libavutil, version 58.29.100
-- Found AVUTIL: TRUE  
-- Searching for <gz-common5> component [events]
-- Looking for gz-common5-events -- found version 5.9.0
-- Searching for dependencies of gz-common5-events
-- Looking for gz-math7 -- found version 7.7.0
-- Searching for <gz-common5> component [graphics]
-- Looking for gz-common5-graphics -- found version 5.9.0
-- Searching for dependencies of gz-common5-graphics
-- Looking for gz-math7 -- found version 7.7.0
-- Found GzAssimp: TRUE (found version "5.3.0") 
-- Searching for <gz-common5> component [io]
-- Looking for gz-common5-io -- found version 5.9.0
-- Searching for dependencies of gz-common5-io
-- Searching for <gz-common5> component [profiler]
-- Looking for gz-common5-profiler -- found version 5.9.0
-- Searching for dependencies of gz-common5-profiler
-- Looking for gz-fuel_tools9 -- found version 9.1.1
-- Searching for dependencies of gz-fuel_tools9
-- Found CURL: /usr/lib/x86_64-linux-gnu/libcurl.so (found version "8.5.0")  
-- Checking for module 'jsoncpp'
--   Found jsoncpp, version 1.9.5
-- Found JSONCPP: TRUE  
-- Checking for module 'yaml-0.1'
--   Found yaml-0.1, version 0.2.5
-- Found YAML: TRUE  
-- Checking for module 'libzip'
--   Found libzip, version 1.7.3
-- Found ZIP: TRUE  
-- Looking for gz-utils2 -- found version 2.2.1
-- Looking for gz-common5 -- found version 5.9.0
-- Searching for dependencies of gz-common5
-- Looking for gz-utils2 -- found version 2.2.1
-- Looking for dlfcn.h - found
-- Looking for libdl - found
-- Searching for <gz-common5> component [testing]
-- Looking for gz-common5-testing -- found version 5.9.0
-- Searching for dependencies of gz-common5-testing
-- Looking for gz-math7 -- found version 7.7.0
-- Looking for gz-msgs10 -- found version 10.4.0
-- Looking for gz-gui8 -- found version 8.4.0
-- Searching for dependencies of gz-gui8
-- Looking for gz-utils2 -- found version 2.2.1
-- Looking for gz-math7 -- found version 7.7.0
-- Looking for gz-common5 -- found version 5.9.0
-- Looking for gz-plugin2 -- found version 2.0.4
-- Looking for gz-transport13 -- found version 13.6.0
-- Looking for gz-rendering8 -- found version 8.2.3
-- Searching for dependencies of gz-rendering8
-- Looking for gz-math7 -- found version 7.7.0
-- Searching for dependencies of gz-math7
-- Looking for gz-utils2 -- found version 2.2.1
-- Searching for <gz-math7> component [eigen3]
-- Looking for gz-math7-eigen3 -- found version 7.7.0
-- Searching for dependencies of gz-math7-eigen3
-- Looking for gz-common5 -- found version 5.9.0
-- Searching for dependencies of gz-common5
-- Looking for gz-utils2 -- found version 2.2.1
-- Looking for dlfcn.h - found
-- Looking for libdl - found
-- Searching for <gz-common5> component [graphics]
-- Searching for <gz-common5> component [events]
-- Searching for <gz-common5> component [geospatial]
-- Looking for gz-common5-geospatial -- found version 5.9.0
-- Searching for dependencies of gz-common5-geospatial
-- Looking for gz-math7 -- found version 7.7.0
-- Looking for gz-common5 -- found version 5.9.0
-- Looking for gz-plugin2 -- found version 2.0.4
-- Searching for dependencies of gz-plugin2
-- Looking for gz-utils2 -- found version 2.2.1
-- Searching for <gz-plugin2> component [all]
-- Looking for all libraries of gz-plugin2 -- found version 2.0.4
-- Looking for gz-plugin2 -- found version 2.0.4
-- Looking for gz-utils2 -- found version 2.2.1
-- Found OpenGL: /usr/lib/x86_64-linux-gnu/libOpenGL.so  found components: OpenGL 
-- Looking for gz-msgs10 -- found version 10.4.0
-- Looking for gz-physics7 -- found version 7.8.0
-- Searching for dependencies of gz-physics7
-- Looking for gz-common5 -- found version 5.9.0
-- Looking for gz-math7 -- found version 7.7.0
-- Looking for gz-plugin2 -- found version 2.0.4
-- Looking for gz-utils2 -- found version 2.2.1
-- Searching for <gz-physics7> component [heightmap]
-- Looking for gz-physics7-heightmap -- found version 7.8.0
-- Searching for dependencies of gz-physics7-heightmap
-- Looking for gz-common5 -- found version 5.9.0
-- Searching for <gz-physics7> component [mesh]
-- Looking for gz-physics7-mesh -- found version 7.8.0
-- Searching for dependencies of gz-physics7-mesh
-- Looking for gz-common5 -- found version 5.9.0
-- Searching for <gz-physics7> component [sdf]
-- Looking for gz-physics7-sdf -- found version 7.8.0
-- Searching for dependencies of gz-physics7-sdf
-- Looking for sdformat14 -- found version 14.9.0
-- Looking for gz-sensors8 -- found version 8.2.2
-- Searching for dependencies of gz-sensors8
-- Looking for gz-math7 -- found version 7.7.0
-- Looking for gz-common5 -- found version 5.9.0
-- Looking for gz-transport13 -- found version 13.6.0
-- Looking for gz-rendering8 -- found version 8.2.3
-- Looking for gz-msgs10 -- found version 10.4.0
-- Looking for sdformat14 -- found version 14.9.0
-- Searching for <gz-sensors8> component [air_pressure]
-- Looking for gz-sensors8-air_pressure -- found version 8.2.2
-- Searching for dependencies of gz-sensors8-air_pressure
-- Searching for <gz-sensors8> component [air_speed]
-- Looking for gz-sensors8-air_speed -- found version 8.2.2
-- Searching for dependencies of gz-sensors8-air_speed
-- Searching for <gz-sensors8> component [altimeter]
-- Looking for gz-sensors8-altimeter -- found version 8.2.2
-- Searching for dependencies of gz-sensors8-altimeter
-- Searching for <gz-sensors8> component [imu]
-- Looking for gz-sensors8-imu -- found version 8.2.2
-- Searching for dependencies of gz-sensors8-imu
-- Searching for <gz-sensors8> component [force_torque]
-- Looking for gz-sensors8-force_torque -- found version 8.2.2
-- Searching for dependencies of gz-sensors8-force_torque
-- Searching for <gz-sensors8> component [logical_camera]
-- Looking for gz-sensors8-logical_camera -- found version 8.2.2
-- Searching for dependencies of gz-sensors8-logical_camera
-- Searching for <gz-sensors8> component [magnetometer]
-- Looking for gz-sensors8-magnetometer -- found version 8.2.2
-- Searching for dependencies of gz-sensors8-magnetometer
-- Searching for <gz-sensors8> component [navsat]
-- Looking for gz-sensors8-navsat -- found version 8.2.2
-- Searching for dependencies of gz-sensors8-navsat
-- Searching for <gz-sensors8> component [dvl]
-- Looking for gz-sensors8-dvl -- found version 8.2.2
-- Searching for dependencies of gz-sensors8-dvl
-- Looking for gz-sensors8 -- found version 8.2.2
-- Searching for dependencies of gz-sensors8
-- Looking for gz-math7 -- found version 7.7.0
-- Looking for gz-common5 -- found version 5.9.0
-- Looking for gz-transport13 -- found version 13.6.0
-- Looking for gz-rendering8 -- found version 8.2.3
-- Looking for gz-msgs10 -- found version 10.4.0
-- Looking for sdformat14 -- found version 14.9.0
-- Searching for <gz-sensors8> component [rendering]
-- Looking for gz-sensors8-rendering -- found version 8.2.2
-- Searching for dependencies of gz-sensors8-rendering
-- Searching for <gz-sensors8> component [rendering]
-- Searching for <gz-sensors8> component [lidar]
-- Looking for gz-sensors8-lidar -- found version 8.2.2
-- Searching for dependencies of gz-sensors8-lidar
-- Looking for gz-sensors8 -- found version 8.2.2
-- Searching for <gz-sensors8> component [gpu_lidar]
-- Looking for gz-sensors8-gpu_lidar -- found version 8.2.2
-- Searching for dependencies of gz-sensors8-gpu_lidar
-- Looking for gz-sensors8 -- found version 8.2.2
-- Searching for <gz-sensors8> component [camera]
-- Looking for gz-sensors8-camera -- found version 8.2.2
-- Searching for dependencies of gz-sensors8-camera
-- Looking for gz-sensors8 -- found version 8.2.2
-- Searching for <gz-sensors8> component [boundingbox_camera]
-- Looking for gz-sensors8-boundingbox_camera -- found version 8.2.2
-- Searching for dependencies of gz-sensors8-boundingbox_camera
-- Searching for <gz-sensors8> component [segmentation_camera]
-- Looking for gz-sensors8-segmentation_camera -- found version 8.2.2
-- Searching for dependencies of gz-sensors8-segmentation_camera
-- Searching for <gz-sensors8> component [depth_camera]
-- Looking for gz-sensors8-depth_camera -- found version 8.2.2
-- Searching for dependencies of gz-sensors8-depth_camera
-- Looking for gz-sensors8 -- found version 8.2.2
-- Searching for <gz-sensors8> component [rgbd_camera]
-- Looking for gz-sensors8-rgbd_camera -- found version 8.2.2
-- Searching for dependencies of gz-sensors8-rgbd_camera
-- Looking for gz-sensors8 -- found version 8.2.2
-- Searching for <gz-sensors8> component [thermal_camera]
-- Looking for gz-sensors8-thermal_camera -- found version 8.2.2
-- Searching for dependencies of gz-sensors8-thermal_camera
-- Looking for gz-sensors8 -- found version 8.2.2
-- Searching for <gz-sensors8> component [wide_angle_camera]
-- Looking for gz-sensors8-wide_angle_camera -- found version 8.2.2
-- Searching for dependencies of gz-sensors8-wide_angle_camera
-- Looking for gz-rendering8 -- found version 8.2.3
-- Looking for gz-math7 -- found version 7.7.0
-- Looking for gz-utils2 -- found version 2.2.1
-- Looking for gz-sensors8 -- found version 8.2.2
-- Looking for gz-plugin2 -- found version 2.0.4
-- Found OpenCV: /usr (found version "4.6.0") 
-- Found OpenCV: /usr (found version "4.6.0") found components: core imgproc 
-- Found PkgConfig: /usr/bin/pkg-config (found version "1.8.1") 
-- Checking for module 'gstreamer-1.0'
--   Package 'gstreamer-1.0', required by 'virtual:world', not found
-- Checking for module 'gstreamer-app-1.0'
--   Package 'gstreamer-app-1.0', required by 'virtual:world', not found
CMake Warning at src/modules/simulation/gz_plugins/gstreamer/CMakeLists.txt:42 (message):
  GStreamer and Gstreamer App are required to build this plugin.


-- Found Java: /usr/bin/java (found version "21.0.12") 
-- ROMFS: ROMFS/px4fmu_common
Architecture:  amd64
==> CPACK_INSTALL_PREFIX = @DEB_INSTALL_PREFIX@
-- Configuring done (2.4s)
-- Generating done (0.3s)
-- Build files have been written to: /tmp/px4-work/build/px4_sitl_default
[1/1139] Generating uORB topic headers
[2/1139] Generating uORB json files
[3/1139] Generating uORB topic ucdr headers
[4/1139] Generating output_functions.hpp
[5/1139] Generating git version header
[6/1139] Generating Flight Tasks
[7/1139] Running cpp protocol buffer compiler on /tmp/px4-work/src/modules/simulation/gz_msgs/opticalflow.proto
[8/1139] Building CXX object src/modules/simulation/gz_msgs/CMakeFiles/px4_gz_msgs.dir/opticalflow.pb.cc.o
[9/1139] Linking CXX static library src/modules/simulation/gz_msgs/libpx4_gz_msgs.a
[10/1139] Creating directories for 'OpticalFlow'
[11/1139] Performing download step (git clone) for 'OpticalFlow'
Cloning into 'OpticalFlow'...
Your branch is up to date with 'origin/master'.
Already on 'master'
Submodule 'external/klt_feature_tracker' (https://github.com/PX4/klt_feature_tracker.git) registered for path 'external/klt_feature_tracker'
Cloning into '/tmp/px4-work/build/px4_sitl_default/OpticalFlow/src/OpticalFlow/external/klt_feature_tracker'...
Submodule path 'external/klt_feature_tracker': checked out 'a2733b54f17b571dd958be498b57479a4104d8cd'
[12/1139] Performing disconnected update step for 'OpticalFlow'
[13/1139] No patch_disconnected step for 'OpticalFlow'
[14/1139] Performing configure step for 'OpticalFlow'
-- The C compiler identification is GNU 13.3.0
-- The CXX compiler identification is GNU 13.3.0
-- Detecting C compiler ABI info
-- Detecting C compiler ABI info - done
-- Check for working C compiler: /usr/bin/cc - skipped
-- Detecting C compile features
-- Detecting C compile features - done
-- Detecting CXX compiler ABI info
-- Detecting CXX compiler ABI info - done
-- Check for working CXX compiler: /usr/bin/c++ - skipped
-- Detecting CXX compile features
-- Detecting CXX compile features - done
-- Found OpenCV: /usr (found version "4.6.0") found components: core 
-- Building klt_feature_tracker without catkin
-- Found OpenCV: /usr (found version "4.6.0") found components: opencv_calib3d opencv_core opencv_dnn opencv_features2d opencv_flann opencv_highgui opencv_imgcodecs opencv_imgproc opencv_ml opencv_objdetect opencv_photo opencv_stitching opencv_video opencv_videoio opencv_alphamat opencv_aruco opencv_barcode opencv_bgsegm opencv_bioinspired opencv_ccalib opencv_cvv opencv_datasets opencv_dnn_objdetect opencv_dnn_superres opencv_dpm opencv_face opencv_freetype opencv_fuzzy opencv_hdf opencv_hfs opencv_img_hash opencv_intensity_transform opencv_line_descriptor opencv_mcc opencv_optflow opencv_phase_unwrapping opencv_plot opencv_quality opencv_rapid opencv_reg opencv_rgbd opencv_saliency opencv_shape opencv_stereo opencv_structured_light opencv_superres opencv_surface_matching opencv_text opencv_tracking opencv_videostab opencv_viz opencv_wechat_qrcode opencv_ximgproc opencv_xobjdetect opencv_xphoto 
-- Building OpticalFlow with OpenCV
-- Configuring done (0.2s)
-- Generating done (0.0s)
-- Build files have been written to: /tmp/px4-work/build/px4_sitl_default/OpticalFlow/src/OpticalFlow-build
[15/1139] Performing build step for 'OpticalFlow'
[1/7] Building CXX object CMakeFiles/OpticalFlow.dir/src/px4flow.cpp.o
[2/7] Building CXX object CMakeFiles/OpticalFlow.dir/src/optical_flow.cpp.o
[3/7] Building CXX object CMakeFiles/OpticalFlow.dir/src/flow_px4.cpp.o
[4/7] Building CXX object klt_feature_tracker/CMakeFiles/klt_feature_tracker.dir/src/trackFeatures.cpp.o
[5/7] Linking CXX static library klt_feature_tracker/libklt_feature_tracker.a
[6/7] Building CXX object CMakeFiles/OpticalFlow.dir/src/flow_opencv.cpp.o
[7/7] Linking CXX shared library libOpticalFlow.so
[16/1139] Performing install step for 'OpticalFlow'
[0/1] Install the project...
-- Install configuration: ""
-- Installing: /tmp/px4-work/build/px4_sitl_default/OpticalFlow/install/lib/libOpticalFlow.so
-- Installing: /tmp/px4-work/build/px4_sitl_default/OpticalFlow/install/include
-- Installing: /tmp/px4-work/build/px4_sitl_default/OpticalFlow/install/include/trackFeatures.h
-- Up-to-date: /tmp/px4-work/build/px4_sitl_default/OpticalFlow/install/include
-- Installing: /tmp/px4-work/build/px4_sitl_default/OpticalFlow/install/include/optical_flow.hpp
-- Installing: /tmp/px4-work/build/px4_sitl_default/OpticalFlow/install/include/px4flow.hpp
-- Installing: /tmp/px4-work/build/px4_sitl_default/OpticalFlow/install/include/flow_opencv.hpp
-- Installing: /tmp/px4-work/build/px4_sitl_default/OpticalFlow/install/include/flow_px4.hpp
-- Installing: /tmp/px4-work/build/px4_sitl_default/OpticalFlow/install/FindOpticalFlow.cmake
[17/1139] Completed 'OpticalFlow'
[18/1139] Building CXX object src/modules/simulation/gz_plugins/optical_flow/CMakeFiles/OpticalFlowSystem.dir/OpticalFlowSensor.cpp.o
[19/1139] Building CXX object src/modules/simulation/gz_plugins/optical_flow/CMakeFiles/OpticalFlowSystem.dir/OpticalFlowSystem.cpp.o
[20/1139] Linking CXX shared library src/modules/simulation/gz_plugins/libOpticalFlowSystem.so
[21/1139] Building CXX object src/modules/simulation/gz_plugins/template_plugin/CMakeFiles/TemplatePlugin.dir/TemplateSystem.cpp.o
[22/1139] Linking CXX shared library src/modules/simulation/gz_plugins/libTemplatePlugin.so
[23/1139] Building CXX object src/modules/simulation/gz_plugins/moving_platform_controller/CMakeFiles/MovingPlatformController.dir/MovingPlatformController.cpp.o
[24/1139] Linking CXX shared library src/modules/simulation/gz_plugins/libMovingPlatformController.so
[25/1139] Building CXX object src/modules/simulation/gz_plugins/generic_motor/CMakeFiles/GenericMotorModelPlugin.dir/GenericMotorModel.cpp.o
[26/1139] Linking CXX shared library src/modules/simulation/gz_plugins/libGenericMotorModelPlugin.so
[27/1139] Building CXX object src/modules/simulation/gz_plugins/buoyancy/CMakeFiles/BuoyancySystemPlugin.dir/BuoyancySystem.cpp.o
[28/1139] Linking CXX shared library src/modules/simulation/gz_plugins/libBuoyancySystemPlugin.so
[29/1139] Building CXX object src/modules/simulation/gz_plugins/spacecraft_thruster/CMakeFiles/SpacecraftThrusterModelPlugin.dir/SpacecraftThrusterModel.cpp.o
[30/1139] Linking CXX shared library src/modules/simulation/gz_plugins/libSpacecraftThrusterModelPlugin.so
[30/1139] git submodule src/modules/uxrce_dds_client/Micro-XRCE-DDS-Client
[31/1139] git submodule src/drivers/gps/devices
[32/1139] git submodule src/modules/mavlink/mavlink
[34/1139] Generating Mavlink uAvionix: src/modules/mavlink/mavlink/message_definitions/v1.0/uAvionix.xml
[35/1139] Generating Mavlink development: src/modules/mavlink/mavlink/message_definitions/v1.0/development.xml
[36/1139] Generating XRCE-DDS topic bridge
[37/1139] Building CXX object boards/px4/sitl/src/CMakeFiles/drivers_board.dir/board_shutdown.cpp.o
[38/1139] Building C object boards/px4/sitl/src/CMakeFiles/drivers_board.dir/sitl_led.c.o
[39/1139] Linking CXX static library boards/px4/sitl/src/libdrivers_board.a
[40/1139] Generating combined event json file
[41/1139] Generating px4 event header file
[42/1139] Generating uORB topic sources
[43/1139] Generating uORB compressed fields
[44/1139] Building CXX object msg/CMakeFiles/uorb_msgs.dir/topics_sources/action_request.cpp.o
[45/1139] Building CXX object msg/CMakeFiles/uorb_msgs.dir/topics_sources/actuator_armed.cpp.o
[46/1139] Building CXX object msg/CMakeFiles/uorb_msgs.dir/topics_sources/actuator_controls_status.cpp.o
[47/1139] Building CXX object msg/CMakeFiles/uorb_msgs.dir/topics_sources/actuator_outputs.cpp.o
[48/1139] Building CXX object msg/CMakeFiles/uorb_msgs.dir/topics_sources/actuator_servos_trim.cpp.o
[49/1139] Building CXX object msg/CMakeFiles/uorb_msgs.dir/topics_sources/actuator_test.cpp.o
[50/1139] Building CXX object msg/CMakeFiles/uorb_msgs.dir/topics_sources/adc_report.cpp.o
[51/1139] Building CXX object msg/CMakeFiles/uorb_msgs.dir/topics_sources/airspeed.cpp.o
[52/1139] Building CXX object msg/CMakeFiles/uorb_msgs.dir/topics_sources/airspeed_wind.cpp.o
[53/1139] Building CXX object msg/CMakeFiles/uorb_msgs.dir/topics_sources/autotune_attitude_control_status.cpp.o
[54/1139] Building CXX object msg/CMakeFiles/uorb_msgs.dir/topics_sources/battery_info.cpp.o
[55/1139] Building CXX object msg/CMakeFiles/uorb_msgs.dir/topics_sources/button_event.cpp.o
[56/1139] Building CXX object msg/CMakeFiles/uorb_msgs.dir/topics_sources/camera_capture.cpp.o
[57/1139] Building CXX object msg/CMakeFiles/uorb_msgs.dir/topics_sources/camera_status.cpp.o
[58/1139] Building CXX object msg/CMakeFiles/uorb_msgs.dir/topics_sources/camera_trigger.cpp.o
[59/1139] Building CXX object msg/CMakeFiles/uorb_msgs.dir/topics_sources/can_interface_status.cpp.o
[60/1139] Building CXX object msg/CMakeFiles/uorb_msgs.dir/topics_sources/cellular_status.cpp.o
[61/1139] Building CXX object msg/CMakeFiles/uorb_msgs.dir/topics_sources/collision_constraints.cpp.o
[62/1139] Building CXX object msg/CMakeFiles/uorb_msgs.dir/topics_sources/control_allocator_status.cpp.o
[63/1139] Building CXX object msg/CMakeFiles/uorb_msgs.dir/topics_sources/cpuload.cpp.o
[64/1139] Building CXX object msg/CMakeFiles/uorb_msgs.dir/topics_sources/dataman_request.cpp.o
[65/1139] Building CXX object msg/CMakeFiles/uorb_msgs.dir/topics_sources/dataman_response.cpp.o
[66/1139] Building CXX object msg/CMakeFiles/uorb_msgs.dir/topics_sources/debug_array.cpp.o
[67/1139] Building CXX object msg/CMakeFiles/uorb_msgs.dir/topics_sources/debug_key_value.cpp.o
[68/1139] Building CXX object msg/CMakeFiles/uorb_msgs.dir/topics_sources/debug_value.cpp.o
[69/1139] Building CXX object msg/CMakeFiles/uorb_msgs.dir/topics_sources/debug_vect.cpp.o
[70/1139] Building CXX object msg/CMakeFiles/uorb_msgs.dir/topics_sources/differential_pressure.cpp.o
[71/1139] Building CXX object msg/CMakeFiles/uorb_msgs.dir/topics_sources/distance_sensor.cpp.o
[72/1139] Building CXX object msg/CMakeFiles/uorb_msgs.dir/topics_sources/distance_sensor_mode_change_request.cpp.o
[73/1139] Building CXX object msg/CMakeFiles/uorb_msgs.dir/topics_sources/dronecan_node_status.cpp.o
[74/1139] Building CXX object msg/CMakeFiles/uorb_msgs.dir/topics_sources/ekf2_timestamps.cpp.o
[75/1139] Building CXX object msg/CMakeFiles/uorb_msgs.dir/topics_sources/esc_report.cpp.o
[76/1139] Building CXX object msg/CMakeFiles/uorb_msgs.dir/topics_sources/esc_status.cpp.o
[77/1139] Building CXX object msg/CMakeFiles/uorb_msgs.dir/topics_sources/estimator_aid_source1d.cpp.o
[78/1139] Building CXX object msg/CMakeFiles/uorb_msgs.dir/topics_sources/estimator_aid_source2d.cpp.o
[79/1139] Building CXX object msg/CMakeFiles/uorb_msgs.dir/topics_sources/estimator_aid_source3d.cpp.o
[80/1139] Building CXX object msg/CMakeFiles/uorb_msgs.dir/topics_sources/estimator_bias.cpp.o
[81/1139] Building CXX object msg/CMakeFiles/uorb_msgs.dir/topics_sources/estimator_bias3d.cpp.o
[82/1139] Building CXX object msg/CMakeFiles/uorb_msgs.dir/topics_sources/estimator_event_flags.cpp.o
[83/1139] Building CXX object msg/CMakeFiles/uorb_msgs.dir/topics_sources/estimator_gps_status.cpp.o
[84/1139] Building CXX object msg/CMakeFiles/uorb_msgs.dir/topics_sources/estimator_innovations.cpp.o
[85/1139] Building CXX object msg/CMakeFiles/uorb_msgs.dir/topics_sources/estimator_selector_status.cpp.o
[86/1139] Building CXX object msg/CMakeFiles/uorb_msgs.dir/topics_sources/estimator_sensor_bias.cpp.o
[87/1139] Building CXX object msg/CMakeFiles/uorb_msgs.dir/topics_sources/estimator_states.cpp.o
[88/1139] Building CXX object msg/CMakeFiles/uorb_msgs.dir/topics_sources/estimator_status.cpp.o
[89/1139] Building CXX object msg/CMakeFiles/uorb_msgs.dir/topics_sources/estimator_status_flags.cpp.o
[90/1139] Building CXX object msg/CMakeFiles/uorb_msgs.dir/topics_sources/failsafe_flags.cpp.o
[91/1139] Building CXX object msg/CMakeFiles/uorb_msgs.dir/topics_sources/failure_detector_status.cpp.o
[92/1139] Building CXX object msg/CMakeFiles/uorb_msgs.dir/topics_sources/figure_eight_status.cpp.o
[93/1139] Building CXX object msg/CMakeFiles/uorb_msgs.dir/topics_sources/fixed_wing_lateral_guidance_status.cpp.o
[94/1139] Building CXX object msg/CMakeFiles/uorb_msgs.dir/topics_sources/fixed_wing_lateral_status.cpp.o
[95/1139] Building CXX object msg/CMakeFiles/uorb_msgs.dir/topics_sources/fixed_wing_runway_control.cpp.o
[96/1139] Building CXX object msg/CMakeFiles/uorb_msgs.dir/topics_sources/flight_phase_estimation.cpp.o
[97/1139] Building CXX object msg/CMakeFiles/uorb_msgs.dir/topics_sources/follow_target.cpp.o
[98/1139] Building CXX object msg/CMakeFiles/uorb_msgs.dir/topics_sources/follow_target_estimator.cpp.o
[99/1139] Building CXX object msg/CMakeFiles/uorb_msgs.dir/topics_sources/follow_target_status.cpp.o
[100/1139] Building CXX object msg/CMakeFiles/uorb_msgs.dir/topics_sources/fuel_tank_status.cpp.o
[101/1139] Building CXX object msg/CMakeFiles/uorb_msgs.dir/topics_sources/generator_status.cpp.o
[102/1139] Building CXX object msg/CMakeFiles/uorb_msgs.dir/topics_sources/geofence_result.cpp.o
[103/1139] Building CXX object msg/CMakeFiles/uorb_msgs.dir/topics_sources/geofence_status.cpp.o
[104/1139] Building CXX object msg/CMakeFiles/uorb_msgs.dir/topics_sources/gimbal_controls.cpp.o
[105/1139] Building CXX object msg/CMakeFiles/uorb_msgs.dir/topics_sources/gimbal_device_attitude_status.cpp.o
[106/1139] Building CXX object msg/CMakeFiles/uorb_msgs.dir/topics_sources/gimbal_device_information.cpp.o
[107/1139] Building CXX object msg/CMakeFiles/uorb_msgs.dir/topics_sources/gimbal_device_set_attitude.cpp.o
[108/1139] Building CXX object msg/CMakeFiles/uorb_msgs.dir/topics_sources/gimbal_manager_information.cpp.o
[109/1139] Building CXX object msg/CMakeFiles/uorb_msgs.dir/topics_sources/gimbal_manager_set_attitude.cpp.o
[110/1139] Building CXX object msg/CMakeFiles/uorb_msgs.dir/topics_sources/gimbal_manager_set_manual_control.cpp.o
[111/1139] Building CXX object msg/CMakeFiles/uorb_msgs.dir/topics_sources/gimbal_manager_status.cpp.o
[112/1139] Building CXX object msg/CMakeFiles/uorb_msgs.dir/topics_sources/gpio_config.cpp.o
[113/1139] Building CXX object msg/CMakeFiles/uorb_msgs.dir/topics_sources/gpio_in.cpp.o
[114/1139] Building CXX object msg/CMakeFiles/uorb_msgs.dir/topics_sources/gpio_out.cpp.o
[115/1139] Building CXX object msg/CMakeFiles/uorb_msgs.dir/topics_sources/gpio_request.cpp.o
[116/1139] Building CXX object msg/CMakeFiles/uorb_msgs.dir/topics_sources/gps_dump.cpp.o
[117/1139] Building CXX object msg/CMakeFiles/uorb_msgs.dir/topics_sources/gps_inject_data.cpp.o
[118/1139] Building CXX object msg/CMakeFiles/uorb_msgs.dir/topics_sources/gripper.cpp.o
[119/1139] Building CXX object msg/CMakeFiles/uorb_msgs.dir/topics_sources/health_report.cpp.o
[120/1139] Building CXX object msg/CMakeFiles/uorb_msgs.dir/topics_sources/heater_status.cpp.o
[121/1139] Building CXX object msg/CMakeFiles/uorb_msgs.dir/topics_sources/hover_thrust_estimate.cpp.o
[122/1139] Building CXX object msg/CMakeFiles/uorb_msgs.dir/topics_sources/input_rc.cpp.o
[123/1139] Building CXX object msg/CMakeFiles/uorb_msgs.dir/topics_sources/internal_combustion_engine_control.cpp.o
[124/1139] Building CXX object msg/CMakeFiles/uorb_msgs.dir/topics_sources/internal_combustion_engine_status.cpp.o
[125/1139] Building CXX object msg/CMakeFiles/uorb_msgs.dir/topics_sources/iridiumsbd_status.cpp.o
[126/1139] Building CXX object msg/CMakeFiles/uorb_msgs.dir/topics_sources/irlock_report.cpp.o
[127/1139] Building CXX object msg/CMakeFiles/uorb_msgs.dir/topics_sources/landing_gear.cpp.o
[128/1139] Building CXX object msg/CMakeFiles/uorb_msgs.dir/topics_sources/landing_gear_wheel.cpp.o
[129/1139] Building CXX object msg/CMakeFiles/uorb_msgs.dir/topics_sources/landing_target_innovations.cpp.o
[130/1139] Building CXX object msg/CMakeFiles/uorb_msgs.dir/topics_sources/landing_target_pose.cpp.o
[131/1139] Building CXX object msg/CMakeFiles/uorb_msgs.dir/topics_sources/launch_detection_status.cpp.o
[132/1139] Building CXX object msg/CMakeFiles/uorb_msgs.dir/topics_sources/led_control.cpp.o
[133/1139] Building CXX object msg/CMakeFiles/uorb_msgs.dir/topics_sources/log_message.cpp.o
[134/1139] Building CXX object msg/CMakeFiles/uorb_msgs.dir/topics_sources/logger_status.cpp.o
[135/1139] Building CXX object msg/CMakeFiles/uorb_msgs.dir/topics_sources/mag_worker_data.cpp.o
[136/1139] Building CXX object msg/CMakeFiles/uorb_msgs.dir/topics_sources/magnetometer_bias_estimate.cpp.o
[137/1139] Building CXX object msg/CMakeFiles/uorb_msgs.dir/topics_sources/manual_control_switches.cpp.o
[138/1139] Building CXX object msg/CMakeFiles/uorb_msgs.dir/topics_sources/mavlink_log.cpp.o
[139/1139] Building CXX object msg/CMakeFiles/uorb_msgs.dir/topics_sources/mavlink_tunnel.cpp.o
[140/1139] Building CXX object msg/CMakeFiles/uorb_msgs.dir/topics_sources/message_format_request.cpp.o
[141/1139] Building CXX object msg/CMakeFiles/uorb_msgs.dir/topics_sources/message_format_response.cpp.o
[142/1139] Building CXX object msg/CMakeFiles/uorb_msgs.dir/topics_sources/mission.cpp.o
[143/1139] Building CXX object msg/CMakeFiles/uorb_msgs.dir/topics_sources/mission_result.cpp.o
[144/1139] Building CXX object msg/CMakeFiles/uorb_msgs.dir/topics_sources/mount_orientation.cpp.o
[145/1139] Building CXX object msg/CMakeFiles/uorb_msgs.dir/topics_sources/navigator_mission_item.cpp.o
[146/1139] Building CXX object msg/CMakeFiles/uorb_msgs.dir/topics_sources/navigator_status.cpp.o
[147/1139] Building CXX object msg/CMakeFiles/uorb_msgs.dir/topics_sources/neural_control.cpp.o
[148/1139] Building CXX object msg/CMakeFiles/uorb_msgs.dir/topics_sources/normalized_unsigned_setpoint.cpp.o
[149/1139] Building CXX object msg/CMakeFiles/uorb_msgs.dir/topics_sources/obstacle_distance.cpp.o
[150/1139] Building CXX object msg/CMakeFiles/uorb_msgs.dir/topics_sources/offboard_control_mode.cpp.o
[151/1139] Building CXX object msg/CMakeFiles/uorb_msgs.dir/topics_sources/onboard_computer_status.cpp.o
[152/1139] Building CXX object msg/CMakeFiles/uorb_msgs.dir/topics_sources/open_drone_id_arm_status.cpp.o
[153/1139] Building CXX object msg/CMakeFiles/uorb_msgs.dir/topics_sources/open_drone_id_operator_id.cpp.o
[154/1139] Building CXX object msg/CMakeFiles/uorb_msgs.dir/topics_sources/open_drone_id_self_id.cpp.o
[155/1139] Building CXX object msg/CMakeFiles/uorb_msgs.dir/topics_sources/open_drone_id_system.cpp.o
[156/1139] Building CXX object msg/CMakeFiles/uorb_msgs.dir/topics_sources/orb_test.cpp.o
[157/1139] Building CXX object msg/CMakeFiles/uorb_msgs.dir/topics_sources/orb_test_large.cpp.o
[158/1139] Building CXX object msg/CMakeFiles/uorb_msgs.dir/topics_sources/orb_test_medium.cpp.o
[159/1139] Building CXX object msg/CMakeFiles/uorb_msgs.dir/topics_sources/orbit_status.cpp.o
[160/1139] Building CXX object msg/CMakeFiles/uorb_msgs.dir/topics_sources/parameter_reset_request.cpp.o
[161/1139] Building CXX object msg/CMakeFiles/uorb_msgs.dir/topics_sources/parameter_set_used_request.cpp.o
[162/1139] Building CXX object msg/CMakeFiles/uorb_msgs.dir/topics_sources/parameter_set_value_request.cpp.o
[163/1139] Building CXX object msg/CMakeFiles/uorb_msgs.dir/topics_sources/parameter_set_value_response.cpp.o
[164/1139] Building CXX object msg/CMakeFiles/uorb_msgs.dir/topics_sources/parameter_update.cpp.o
[165/1139] Building CXX object msg/CMakeFiles/uorb_msgs.dir/topics_sources/ping.cpp.o
[166/1139] Building CXX object msg/CMakeFiles/uorb_msgs.dir/topics_sources/position_controller_landing_status.cpp.o
[167/1139] Building CXX object msg/CMakeFiles/uorb_msgs.dir/topics_sources/position_controller_status.cpp.o
[168/1139] Building CXX object msg/CMakeFiles/uorb_msgs.dir/topics_sources/position_setpoint.cpp.o
[169/1139] Building CXX object msg/CMakeFiles/uorb_msgs.dir/topics_sources/position_setpoint_triplet.cpp.o
[170/1139] Building CXX object msg/CMakeFiles/uorb_msgs.dir/topics_sources/power_button_state.cpp.o
[171/1139] Building CXX object msg/CMakeFiles/uorb_msgs.dir/topics_sources/power_monitor.cpp.o
[172/1139] Building CXX object msg/CMakeFiles/uorb_msgs.dir/topics_sources/pps_capture.cpp.o
[173/1139] Building CXX object msg/CMakeFiles/uorb_msgs.dir/topics_sources/pure_pursuit_status.cpp.o
[174/1139] Building CXX object msg/CMakeFiles/uorb_msgs.dir/topics_sources/pwm_input.cpp.o
[175/1139] Building CXX object msg/CMakeFiles/uorb_msgs.dir/topics_sources/px4io_status.cpp.o
[176/1139] Building CXX object msg/CMakeFiles/uorb_msgs.dir/topics_sources/qshell_req.cpp.o
[177/1139] Building CXX object msg/CMakeFiles/uorb_msgs.dir/topics_sources/qshell_retval.cpp.o
[178/1139] Building CXX object msg/CMakeFiles/uorb_msgs.dir/topics_sources/radio_status.cpp.o
[179/1139] Building CXX object msg/CMakeFiles/uorb_msgs.dir/topics_sources/rate_ctrl_status.cpp.o
[180/1139] Building CXX object msg/CMakeFiles/uorb_msgs.dir/topics_sources/rc_channels.cpp.o
[181/1139] Building CXX object msg/CMakeFiles/uorb_msgs.dir/topics_sources/rc_parameter_map.cpp.o
[182/1139] Building CXX object msg/CMakeFiles/uorb_msgs.dir/topics_sources/rover_attitude_setpoint.cpp.o
[183/1139] Building CXX object msg/CMakeFiles/uorb_msgs.dir/topics_sources/rover_attitude_status.cpp.o
[184/1139] Building CXX object msg/CMakeFiles/uorb_msgs.dir/topics_sources/rover_position_setpoint.cpp.o
[185/1139] Building CXX object msg/CMakeFiles/uorb_msgs.dir/topics_sources/rover_rate_setpoint.cpp.o
[186/1139] Building CXX object msg/CMakeFiles/uorb_msgs.dir/topics_sources/rover_rate_status.cpp.o
[187/1139] Building CXX object msg/CMakeFiles/uorb_msgs.dir/topics_sources/rover_speed_setpoint.cpp.o
[188/1139] Building CXX object msg/CMakeFiles/uorb_msgs.dir/topics_sources/rover_speed_status.cpp.o
[189/1139] Building CXX object msg/CMakeFiles/uorb_msgs.dir/topics_sources/rover_steering_setpoint.cpp.o
[190/1139] Building CXX object msg/CMakeFiles/uorb_msgs.dir/topics_sources/rover_throttle_setpoint.cpp.o
[191/1139] Building CXX object msg/CMakeFiles/uorb_msgs.dir/topics_sources/rpm.cpp.o
[192/1139] Building CXX object msg/CMakeFiles/uorb_msgs.dir/topics_sources/rtl_status.cpp.o
[193/1139] Building CXX object msg/CMakeFiles/uorb_msgs.dir/topics_sources/rtl_time_estimate.cpp.o
[194/1139] Building CXX object msg/CMakeFiles/uorb_msgs.dir/topics_sources/satellite_info.cpp.o
[195/1139] Building CXX object msg/CMakeFiles/uorb_msgs.dir/topics_sources/sensor_accel.cpp.o
[196/1139] Building CXX object msg/CMakeFiles/uorb_msgs.dir/topics_sources/sensor_accel_fifo.cpp.o
[197/1139] Building CXX object msg/CMakeFiles/uorb_msgs.dir/topics_sources/sensor_airflow.cpp.o
[198/1139] Building CXX object msg/CMakeFiles/uorb_msgs.dir/topics_sources/sensor_baro.cpp.o
[199/1139] Building CXX object msg/CMakeFiles/uorb_msgs.dir/topics_sources/sensor_combined.cpp.o
[200/1139] Building CXX object msg/CMakeFiles/uorb_msgs.dir/topics_sources/sensor_correction.cpp.o
[201/1139] Building CXX object msg/CMakeFiles/uorb_msgs.dir/topics_sources/sensor_gnss_relative.cpp.o
[202/1139] Building CXX object msg/CMakeFiles/uorb_msgs.dir/topics_sources/sensor_gnss_status.cpp.o
[203/1139] Building CXX object msg/CMakeFiles/uorb_msgs.dir/topics_sources/sensor_gps.cpp.o
[204/1139] Building CXX object msg/CMakeFiles/uorb_msgs.dir/topics_sources/sensor_gyro.cpp.o
[205/1139] Building CXX object msg/CMakeFiles/uorb_msgs.dir/topics_sources/sensor_gyro_fft.cpp.o
[206/1139] Building CXX object msg/CMakeFiles/uorb_msgs.dir/topics_sources/sensor_gyro_fifo.cpp.o
[207/1139] Building CXX object msg/CMakeFiles/uorb_msgs.dir/topics_sources/sensor_hygrometer.cpp.o
[208/1139] Building CXX object msg/CMakeFiles/uorb_msgs.dir/topics_sources/sensor_mag.cpp.o
[209/1139] Building CXX object msg/CMakeFiles/uorb_msgs.dir/topics_sources/sensor_optical_flow.cpp.o
[210/1139] Building CXX object msg/CMakeFiles/uorb_msgs.dir/topics_sources/sensor_preflight_mag.cpp.o
[211/1139] Building CXX object msg/CMakeFiles/uorb_msgs.dir/topics_sources/sensor_selection.cpp.o
[212/1139] Building CXX object msg/CMakeFiles/uorb_msgs.dir/topics_sources/sensor_uwb.cpp.o
[213/1139] Building CXX object msg/CMakeFiles/uorb_msgs.dir/topics_sources/sensors_status.cpp.o
[214/1139] Building CXX object msg/CMakeFiles/uorb_msgs.dir/topics_sources/sensors_status_imu.cpp.o
[215/1139] Building CXX object msg/CMakeFiles/uorb_msgs.dir/topics_sources/system_power.cpp.o
[216/1139] Building CXX object msg/CMakeFiles/uorb_msgs.dir/topics_sources/takeoff_status.cpp.o
[217/1139] Building CXX object msg/CMakeFiles/uorb_msgs.dir/topics_sources/task_stack_info.cpp.o
[218/1139] Building CXX object msg/CMakeFiles/uorb_msgs.dir/topics_sources/tecs_status.cpp.o
[219/1139] Building CXX object msg/CMakeFiles/uorb_msgs.dir/topics_sources/telemetry_status.cpp.o
[220/1139] Building CXX object msg/CMakeFiles/uorb_msgs.dir/topics_sources/tiltrotor_extra_controls.cpp.o
[221/1139] Building CXX object msg/CMakeFiles/uorb_msgs.dir/topics_sources/timesync_status.cpp.o
[222/1139] Building CXX object msg/CMakeFiles/uorb_msgs.dir/topics_sources/trajectory_setpoint6dof.cpp.o
[223/1139] Building CXX object msg/CMakeFiles/uorb_msgs.dir/topics_sources/transponder_report.cpp.o
[224/1139] Building CXX object msg/CMakeFiles/uorb_msgs.dir/topics_sources/tune_control.cpp.o
[225/1139] Building CXX object msg/CMakeFiles/uorb_msgs.dir/topics_sources/uavcan_parameter_request.cpp.o
[226/1139] Building CXX object msg/CMakeFiles/uorb_msgs.dir/topics_sources/uavcan_parameter_value.cpp.o
[227/1139] Building CXX object msg/CMakeFiles/uorb_msgs.dir/topics_sources/ulog_stream.cpp.o
[228/1139] Building CXX object msg/CMakeFiles/uorb_msgs.dir/topics_sources/ulog_stream_ack.cpp.o
[229/1139] Building CXX object msg/CMakeFiles/uorb_msgs.dir/topics_sources/vehicle_acceleration.cpp.o
[230/1139] Building CXX object msg/CMakeFiles/uorb_msgs.dir/topics_sources/vehicle_air_data.cpp.o
[231/1139] Building CXX object msg/CMakeFiles/uorb_msgs.dir/topics_sources/vehicle_angular_acceleration_setpoint.cpp.o
[232/1139] Building CXX object msg/CMakeFiles/uorb_msgs.dir/topics_sources/vehicle_constraints.cpp.o
[233/1139] Building CXX object msg/CMakeFiles/uorb_msgs.dir/topics_sources/vehicle_imu.cpp.o
[234/1139] Building CXX object msg/CMakeFiles/uorb_msgs.dir/topics_sources/vehicle_imu_status.cpp.o
[235/1139] Building CXX object msg/CMakeFiles/uorb_msgs.dir/topics_sources/vehicle_local_position_setpoint.cpp.o
[236/1139] Building CXX object msg/CMakeFiles/uorb_msgs.dir/topics_sources/vehicle_magnetometer.cpp.o
[237/1139] Building CXX object msg/CMakeFiles/uorb_msgs.dir/topics_sources/vehicle_optical_flow.cpp.o
[238/1139] Building CXX object msg/CMakeFiles/uorb_msgs.dir/topics_sources/vehicle_optical_flow_vel.cpp.o
[239/1139] Building CXX object msg/CMakeFiles/uorb_msgs.dir/topics_sources/vehicle_roi.cpp.o
[240/1139] Building CXX object msg/CMakeFiles/uorb_msgs.dir/topics_sources/vehicle_thrust_setpoint.cpp.o
[241/1139] Building CXX object msg/CMakeFiles/uorb_msgs.dir/topics_sources/vehicle_torque_setpoint.cpp.o
[242/1139] Building CXX object msg/CMakeFiles/uorb_msgs.dir/topics_sources/velocity_limits.cpp.o
[243/1139] Building CXX object msg/CMakeFiles/uorb_msgs.dir/topics_sources/wheel_encoders.cpp.o
[244/1139] Building CXX object msg/CMakeFiles/uorb_msgs.dir/topics_sources/yaw_estimator_status.cpp.o
[245/1139] Building CXX object msg/CMakeFiles/uorb_msgs.dir/topics_sources/actuator_motors.cpp.o
[246/1139] Building CXX object msg/CMakeFiles/uorb_msgs.dir/topics_sources/actuator_servos.cpp.o
[247/1139] Building CXX object msg/CMakeFiles/uorb_msgs.dir/topics_sources/airspeed_validated.cpp.o
[248/1139] Building CXX object msg/CMakeFiles/uorb_msgs.dir/topics_sources/arming_check_reply.cpp.o
[249/1139] Building CXX object msg/CMakeFiles/uorb_msgs.dir/topics_sources/arming_check_request.cpp.o
[250/1139] Building CXX object msg/CMakeFiles/uorb_msgs.dir/topics_sources/battery_status.cpp.o
[251/1139] Building CXX object msg/CMakeFiles/uorb_msgs.dir/topics_sources/config_overrides.cpp.o
[252/1139] Building CXX object msg/CMakeFiles/uorb_msgs.dir/topics_sources/event.cpp.o
[253/1139] Building CXX object msg/CMakeFiles/uorb_msgs.dir/topics_sources/fixed_wing_lateral_setpoint.cpp.o
[254/1139] Building CXX object msg/CMakeFiles/uorb_msgs.dir/topics_sources/fixed_wing_longitudinal_setpoint.cpp.o
[255/1139] Building CXX object msg/CMakeFiles/uorb_msgs.dir/topics_sources/goto_setpoint.cpp.o
[256/1139] Building CXX object msg/CMakeFiles/uorb_msgs.dir/topics_sources/home_position.cpp.o
[257/1139] Building CXX object msg/CMakeFiles/uorb_msgs.dir/topics_sources/lateral_control_configuration.cpp.o
[258/1139] Building CXX object msg/CMakeFiles/uorb_msgs.dir/topics_sources/longitudinal_control_configuration.cpp.o
[259/1139] Building CXX object msg/CMakeFiles/uorb_msgs.dir/topics_sources/manual_control_setpoint.cpp.o
[260/1139] Building CXX object msg/CMakeFiles/uorb_msgs.dir/topics_sources/mode_completed.cpp.o
[261/1139] Building CXX object msg/CMakeFiles/uorb_msgs.dir/topics_sources/register_ext_component_reply.cpp.o
[262/1139] Building CXX object msg/CMakeFiles/uorb_msgs.dir/topics_sources/register_ext_component_request.cpp.o
[263/1139] Building CXX object msg/CMakeFiles/uorb_msgs.dir/topics_sources/trajectory_setpoint.cpp.o
[264/1139] Building CXX object msg/CMakeFiles/uorb_msgs.dir/topics_sources/unregister_ext_component.cpp.o
[265/1139] Building CXX object msg/CMakeFiles/uorb_msgs.dir/topics_sources/vehicle_angular_velocity.cpp.o
[266/1139] Building CXX object msg/CMakeFiles/uorb_msgs.dir/topics_sources/vehicle_attitude.cpp.o
[267/1139] Building CXX object msg/CMakeFiles/uorb_msgs.dir/topics_sources/vehicle_attitude_setpoint.cpp.o
[268/1139] Building CXX object msg/CMakeFiles/uorb_msgs.dir/topics_sources/vehicle_command.cpp.o
[269/1139] Building CXX object msg/CMakeFiles/uorb_msgs.dir/topics_sources/vehicle_command_ack.cpp.o
[270/1139] Building CXX object msg/CMakeFiles/uorb_msgs.dir/topics_sources/vehicle_control_mode.cpp.o
[271/1139] Building CXX object msg/CMakeFiles/uorb_msgs.dir/topics_sources/vehicle_global_position.cpp.o
[272/1139] Building CXX object msg/CMakeFiles/uorb_msgs.dir/topics_sources/vehicle_land_detected.cpp.o
[273/1139] Building CXX object msg/CMakeFiles/uorb_msgs.dir/topics_sources/vehicle_local_position.cpp.o
[274/1139] Building CXX object msg/CMakeFiles/uorb_msgs.dir/topics_sources/vehicle_odometry.cpp.o
[275/1139] Building CXX object msg/CMakeFiles/uorb_msgs.dir/topics_sources/vehicle_rates_setpoint.cpp.o
[276/1139] Building CXX object msg/CMakeFiles/uorb_msgs.dir/topics_sources/vehicle_status.cpp.o
[277/1139] Building CXX object msg/CMakeFiles/uorb_msgs.dir/topics_sources/vtol_vehicle_status.cpp.o
[278/1139] Building CXX object msg/CMakeFiles/uorb_msgs.dir/topics_sources/wind.cpp.o
[279/1139] Building CXX object msg/CMakeFiles/uorb_msgs.dir/topics_sources/uORBTopics.cpp.o
[280/1139] Building CXX object msg/CMakeFiles/uorb_msgs.dir/topics_sources/uORBMessageFieldsGenerated.cpp.o
[281/1139] Linking CXX static library msg/libuorb_msgs.a
[282/1139] Building CXX object src/lib/geo/CMakeFiles/geo.dir/geo.cpp.o
[283/1139] Linking CXX static library src/lib/geo/libgeo.a
[284/1139] Building CXX object src/lib/lat_lon_alt/CMakeFiles/lat_lon_alt.dir/lat_lon_alt.cpp.o
[285/1139] Linking CXX static library src/lib/lat_lon_alt/liblat_lon_alt.a
[286/1139] Building CXX object src/lib/perf/CMakeFiles/perf.dir/perf_counter.cpp.o
[287/1139] Linking CXX static library src/lib/perf/libperf.a
[288/1139] Building CXX object src/lib/tinybson/CMakeFiles/tinybson.dir/tinybson.cpp.o
[289/1139] Linking CXX static library src/lib/tinybson/libtinybson.a
[290/1139] Building C object src/lib/version/CMakeFiles/version.dir/version.c.o
[291/1139] Linking C static library src/lib/version/libversion.a
[292/1139] Building CXX object src/lib/wind_estimator/CMakeFiles/wind_estimator.dir/WindEstimator.cpp.o
[293/1139] Linking CXX static library src/lib/wind_estimator/libwind_estimator.a
[294/1139] Building CXX object src/lib/world_magnetic_model/CMakeFiles/world_magnetic_model.dir/geo_mag_declination.cpp.o
[295/1139] Linking CXX static library src/lib/world_magnetic_model/libworld_magnetic_model.a
[296/1139] Building C object platforms/common/work_queue/CMakeFiles/work_queue.dir/dq_addlast.c.o
[297/1139] Building C object platforms/common/work_queue/CMakeFiles/work_queue.dir/dq_rem.c.o
[298/1139] Building C object platforms/common/work_queue/CMakeFiles/work_queue.dir/dq_remfirst.c.o
[299/1139] Building C object platforms/common/work_queue/CMakeFiles/work_queue.dir/hrt_queue.c.o
[300/1139] Building C object platforms/common/work_queue/CMakeFiles/work_queue.dir/hrt_thread.c.o
[301/1139] Building C object platforms/common/work_queue/CMakeFiles/work_queue.dir/hrt_work_cancel.c.o
[302/1139] Building C object platforms/common/work_queue/CMakeFiles/work_queue.dir/queue.c.o
[303/1139] Building C object platforms/common/work_queue/CMakeFiles/work_queue.dir/sq_addafter.c.o
[304/1139] Building C object platforms/common/work_queue/CMakeFiles/work_queue.dir/sq_addlast.c.o
[305/1139] Building C object platforms/common/work_queue/CMakeFiles/work_queue.dir/sq_remfirst.c.o
[306/1139] Building C object platforms/common/work_queue/CMakeFiles/work_queue.dir/work_cancel.c.o
[307/1139] Building C object platforms/common/work_queue/CMakeFiles/work_queue.dir/work_lock.c.o
[308/1139] Building C object platforms/common/work_queue/CMakeFiles/work_queue.dir/work_queue.c.o
[309/1139] Building C object platforms/common/work_queue/CMakeFiles/work_queue.dir/work_thread.c.o
[310/1139] Linking C static library platforms/common/work_queue/libwork_queue.a
[311/1139] Building CXX object src/modules/commander/ModeUtil/CMakeFiles/mode_util.dir/control_mode.cpp.o
[312/1139] Building CXX object src/modules/commander/ModeUtil/CMakeFiles/mode_util.dir/mode_requirements.cpp.o
[313/1139] Linking CXX static library src/modules/commander/ModeUtil/libmode_util.a
[314/1139] Building CXX object src/modules/ekf2/EKF/CMakeFiles/ecl_EKF.dir/control.cpp.o
[315/1139] Building CXX object src/modules/ekf2/EKF/CMakeFiles/ecl_EKF.dir/covariance.cpp.o
[316/1139] Building CXX object src/modules/ekf2/EKF/CMakeFiles/ecl_EKF.dir/ekf.cpp.o
[317/1139] Building CXX object src/modules/ekf2/EKF/CMakeFiles/ecl_EKF.dir/ekf_helper.cpp.o
[318/1139] Building CXX object src/modules/ekf2/EKF/CMakeFiles/ecl_EKF.dir/estimator_interface.cpp.o
[319/1139] Building CXX object src/modules/ekf2/EKF/CMakeFiles/ecl_EKF.dir/height_control.cpp.o
[320/1139] Building CXX object src/modules/ekf2/EKF/CMakeFiles/ecl_EKF.dir/velocity_fusion.cpp.o
[321/1139] Building CXX object src/modules/ekf2/EKF/CMakeFiles/ecl_EKF.dir/position_fusion.cpp.o
[322/1139] Building CXX object src/modules/ekf2/EKF/CMakeFiles/ecl_EKF.dir/yaw_fusion.cpp.o
[323/1139] Building CXX object src/modules/ekf2/EKF/CMakeFiles/ecl_EKF.dir/imu_down_sampler/imu_down_sampler.cpp.o
[324/1139] Building CXX object src/modules/ekf2/EKF/CMakeFiles/ecl_EKF.dir/aid_sources/fake_height_control.cpp.o
[325/1139] Building CXX object src/modules/ekf2/EKF/CMakeFiles/ecl_EKF.dir/aid_sources/fake_pos_control.cpp.o
[326/1139] Building CXX object src/modules/ekf2/EKF/CMakeFiles/ecl_EKF.dir/aid_sources/ZeroGyroUpdate.cpp.o
[327/1139] Building CXX object src/modules/ekf2/EKF/CMakeFiles/ecl_EKF.dir/aid_sources/ZeroVelocityUpdate.cpp.o
[328/1139] Building CXX object src/modules/ekf2/EKF/CMakeFiles/ecl_EKF.dir/aid_sources/zero_innovation_heading_update.cpp.o
[329/1139] Building CXX object src/modules/ekf2/EKF/CMakeFiles/ecl_EKF.dir/aid_sources/airspeed/airspeed_fusion.cpp.o
[330/1139] Building CXX object src/modules/ekf2/EKF/CMakeFiles/ecl_EKF.dir/aid_sources/aux_global_position/aux_global_position.cpp.o
[331/1139] Building CXX object src/modules/ekf2/EKF/CMakeFiles/ecl_EKF.dir/aid_sources/auxvel/auxvel_fusion.cpp.o
[332/1139] Building CXX object src/modules/ekf2/EKF/CMakeFiles/ecl_EKF.dir/aid_sources/barometer/baro_height_control.cpp.o
[333/1139] Building CXX object src/modules/ekf2/EKF/CMakeFiles/ecl_EKF.dir/aid_sources/drag/drag_fusion.cpp.o
[334/1139] Building CXX object src/modules/ekf2/EKF/CMakeFiles/ecl_EKF.dir/aid_sources/external_vision/ev_control.cpp.o
[335/1139] Building CXX object src/modules/ekf2/EKF/CMakeFiles/ecl_EKF.dir/aid_sources/external_vision/ev_height_control.cpp.o
[336/1139] Building CXX object src/modules/ekf2/EKF/CMakeFiles/ecl_EKF.dir/aid_sources/external_vision/ev_pos_control.cpp.o
[337/1139] Building CXX object src/modules/ekf2/EKF/CMakeFiles/ecl_EKF.dir/aid_sources/external_vision/ev_vel_control.cpp.o
[338/1139] Building CXX object src/modules/ekf2/EKF/CMakeFiles/ecl_EKF.dir/aid_sources/external_vision/ev_yaw_control.cpp.o
[339/1139] Building CXX object src/modules/ekf2/EKF/CMakeFiles/ecl_EKF.dir/aid_sources/gnss/gnss_checks.cpp.o
[340/1139] Building CXX object src/modules/ekf2/EKF/CMakeFiles/ecl_EKF.dir/aid_sources/gnss/gnss_height_control.cpp.o
[341/1139] Building CXX object src/modules/ekf2/EKF/CMakeFiles/ecl_EKF.dir/aid_sources/gnss/gps_control.cpp.o
[342/1139] Building CXX object src/modules/ekf2/EKF/CMakeFiles/ecl_EKF.dir/aid_sources/gnss/gnss_yaw_control.cpp.o
[343/1139] Building CXX object src/modules/ekf2/EKF/CMakeFiles/ecl_EKF.dir/aid_sources/gravity/gravity_fusion.cpp.o
[344/1139] Building CXX object src/modules/ekf2/EKF/CMakeFiles/ecl_EKF.dir/aid_sources/magnetometer/mag_control.cpp.o
[345/1139] Building CXX object src/modules/ekf2/EKF/CMakeFiles/ecl_EKF.dir/aid_sources/magnetometer/mag_fusion.cpp.o
[346/1139] Building CXX object src/modules/ekf2/EKF/CMakeFiles/ecl_EKF.dir/aid_sources/optical_flow/optical_flow_control.cpp.o
[347/1139] Building CXX object src/modules/ekf2/EKF/CMakeFiles/ecl_EKF.dir/aid_sources/optical_flow/optical_flow_fusion.cpp.o
[348/1139] Building CXX object src/modules/ekf2/EKF/CMakeFiles/ecl_EKF.dir/aid_sources/range_finder/range_finder_consistency_check.cpp.o
[349/1139] Building CXX object src/modules/ekf2/EKF/CMakeFiles/ecl_EKF.dir/aid_sources/range_finder/range_height_control.cpp.o
[350/1139] Building CXX object src/modules/ekf2/EKF/CMakeFiles/ecl_EKF.dir/aid_sources/range_finder/range_height_fusion.cpp.o
[351/1139] Building CXX object src/modules/ekf2/EKF/CMakeFiles/ecl_EKF.dir/aid_sources/range_finder/sensor_range_finder.cpp.o
[352/1139] Building CXX object src/modules/ekf2/EKF/CMakeFiles/ecl_EKF.dir/aid_sources/sideslip/sideslip_fusion.cpp.o
[353/1139] Building CXX object src/modules/ekf2/EKF/CMakeFiles/ecl_EKF.dir/terrain_control.cpp.o
[354/1139] Building CXX object src/modules/ekf2/EKF/CMakeFiles/ecl_EKF.dir/wind.cpp.o
[355/1139] Building CXX object src/modules/ekf2/EKF/bias_estimator/CMakeFiles/bias_estimator.dir/bias_estimator.cpp.o
[356/1139] Linking CXX static library src/modules/ekf2/EKF/bias_estimator/libbias_estimator.a
[357/1139] Building CXX object src/modules/ekf2/EKF/output_predictor/CMakeFiles/output_predictor.dir/output_predictor.cpp.o
[358/1139] Linking CXX static library src/modules/ekf2/EKF/output_predictor/liboutput_predictor.a
[359/1139] Building CXX object src/modules/ekf2/EKF/yaw_estimator/CMakeFiles/yaw_estimator.dir/EKFGSF_yaw.cpp.o
[360/1139] Linking CXX static library src/modules/ekf2/EKF/yaw_estimator/libyaw_estimator.a
[361/1139] Linking CXX static library src/modules/ekf2/EKF/libecl_EKF.a
[362/1139] Creating directories for 'libmicroxrceddsclient_project'
[363/1139] No download step for 'libmicroxrceddsclient_project'
[364/1139] No update step for 'libmicroxrceddsclient_project'
[365/1139] No patch step for 'libmicroxrceddsclient_project'
[366/1139] Performing configure step for 'libmicroxrceddsclient_project'
[367/1139] Performing build step for 'libmicroxrceddsclient_project'
[368/1139] Performing install step for 'libmicroxrceddsclient_project'
[369/1139] Completed 'libmicroxrceddsclient_project'
[370/1139] Generating px4 event json file from source
[371/1139] Generating combined event json file
[372/1139] Generating actuators.json
[373/1139] Generating serial_params.c
[374/1139] Generating parameters.xml
[375/1139] Generating component_general.json and checksums.h
[376/1139] Generating px4_parameters.hpp
[377/1139] Building CXX object src/lib/adsb/CMakeFiles/adsb.dir/AdsbConflict.cpp.o
[378/1139] Building CXX object src/lib/airspeed/CMakeFiles/airspeed.dir/airspeed.cpp.o
[379/1139] Building CXX object src/lib/atmosphere/CMakeFiles/atmosphere.dir/atmosphere.cpp.o
[380/1139] Building CXX object src/lib/battery/CMakeFiles/battery.dir/battery.cpp.o
[381/1139] Building CXX object src/lib/cdev/CMakeFiles/cdev.dir/CDev.cpp.o
[382/1139] Building CXX object src/lib/cdev/CMakeFiles/cdev.dir/posix/cdev_platform.cpp.o
[383/1139] Building CXX object src/lib/cdev/test/CMakeFiles/lib__cdev__test__cdev_test.dir/cdevtest_example.cpp.o
[384/1139] Building CXX object src/lib/cdev/test/CMakeFiles/lib__cdev__test__cdev_test.dir/cdevtest_main.cpp.o
[385/1139] Building CXX object src/lib/cdev/test/CMakeFiles/lib__cdev__test__cdev_test.dir/cdevtest_start.cpp.o
[386/1139] Building CXX object src/lib/circuit_breaker/CMakeFiles/circuit_breaker.dir/circuit_breaker.cpp.o
[387/1139] Building CXX object src/lib/collision_prevention/CMakeFiles/CollisionPrevention.dir/CollisionPrevention.cpp.o
[388/1139] Building CXX object src/lib/collision_prevention/CMakeFiles/CollisionPrevention.dir/ObstacleMath.cpp.o
[389/1139] Building CXX object src/lib/control_allocation/control_allocation/CMakeFiles/ControlAllocation.dir/ControlAllocation.cpp.o
[390/1139] Building CXX object src/lib/control_allocation/control_allocation/CMakeFiles/ControlAllocation.dir/ControlAllocationPseudoInverse.cpp.o
[391/1139] Building CXX object src/lib/control_allocation/control_allocation/CMakeFiles/ControlAllocation.dir/ControlAllocationSequentialDesaturation.cpp.o
[392/1139] Building CXX object src/lib/control_allocation/actuator_effectiveness/CMakeFiles/ActuatorEffectiveness.dir/ActuatorEffectiveness.cpp.o
[393/1139] Building CXX object src/lib/controllib/CMakeFiles/controllib.dir/block/Block.cpp.o
[394/1139] Building CXX object src/lib/controllib/CMakeFiles/controllib.dir/block/BlockParam.cpp.o
[395/1139] Building CXX object src/lib/controllib/CMakeFiles/controllib.dir/BlockDerivative.cpp.o
[396/1139] Building CXX object src/lib/controllib/CMakeFiles/controllib.dir/BlockHighPass.cpp.o
[397/1139] Building CXX object src/lib/controllib/CMakeFiles/controllib.dir/BlockIntegral.cpp.o
[398/1139] Building CXX object src/lib/controllib/CMakeFiles/controllib.dir/BlockIntegralTrap.cpp.o
[399/1139] Building CXX object src/lib/controllib/CMakeFiles/controllib.dir/BlockLimit.cpp.o
[400/1139] Building CXX object src/lib/controllib/CMakeFiles/controllib.dir/BlockLimitSym.cpp.o
[401/1139] Building CXX object src/lib/controllib/CMakeFiles/controllib.dir/BlockLowPass.cpp.o
[402/1139] Building CXX object src/lib/controllib/CMakeFiles/controllib.dir/BlockLowPass2.cpp.o
[403/1139] Building CXX object src/lib/controllib/controllib_test/CMakeFiles/lib__controllib__controllib_test.dir/controllib_test_main.cpp.o
[404/1139] Building CXX object src/lib/conversion/CMakeFiles/conversion.dir/rotation.cpp.o
[405/1139] Building CXX object src/lib/dataman_client/CMakeFiles/dataman_client.dir/DatamanClient.cpp.o
[406/1139] Building CXX object src/lib/drivers/accelerometer/CMakeFiles/drivers_accelerometer.dir/PX4Accelerometer.cpp.o
[407/1139] Building CXX object src/lib/drivers/gyroscope/CMakeFiles/drivers_gyroscope.dir/PX4Gyroscope.cpp.o
[408/1139] Building CXX object src/lib/drivers/magnetometer/CMakeFiles/drivers_magnetometer.dir/PX4Magnetometer.cpp.o
[409/1139] Building C object src/lib/heatshrink/CMakeFiles/heatshrink.dir/heatshrink/heatshrink_decoder.c.o
[410/1139] Building CXX object src/lib/hysteresis/CMakeFiles/hysteresis.dir/hysteresis.cpp.o
[411/1139] Building CXX object src/lib/mathlib/CMakeFiles/mathlib.dir/math/test/test.cpp.o
[412/1139] Building CXX object src/lib/mixer_module/CMakeFiles/mixer_module.dir/actuator_test.cpp.o
[413/1139] Building CXX object src/lib/mixer_module/CMakeFiles/mixer_module.dir/mixer_module.cpp.o
[414/1139] Building CXX object src/lib/motion_planning/CMakeFiles/motion_planning.dir/HeadingSmoothing.cpp.o
[415/1139] Building CXX object src/lib/motion_planning/CMakeFiles/motion_planning.dir/ManualVelocitySmoothingXY.cpp.o
[416/1139] Building CXX object src/lib/motion_planning/CMakeFiles/motion_planning.dir/ManualVelocitySmoothingZ.cpp.o
[417/1139] Building CXX object src/lib/motion_planning/CMakeFiles/motion_planning.dir/PositionSmoothing.cpp.o
[418/1139] Building CXX object src/lib/motion_planning/CMakeFiles/motion_planning.dir/VelocitySmoothing.cpp.o
[419/1139] Building CXX object src/lib/npfg/CMakeFiles/npfg.dir/DirectionalGuidance.cpp.o
[420/1139] Building CXX object src/lib/npfg/CMakeFiles/npfg.dir/CourseToAirspeedRefMapper.cpp.o
[421/1139] Building CXX object src/lib/npfg/CMakeFiles/npfg.dir/AirspeedDirectionController.cpp.o
[422/1139] Building CXX object src/lib/fw_performance_model/CMakeFiles/performance_model.dir/PerformanceModel.cpp.o
[423/1139] Building CXX object src/lib/pid/CMakeFiles/PID.dir/PID.cpp.o
[424/1139] Building CXX object src/lib/pure_pursuit/CMakeFiles/pure_pursuit.dir/PurePursuit.cpp.o
[425/1139] Building CXX object src/lib/rate_control/CMakeFiles/RateControl.dir/rate_control.cpp.o
[426/1139] Building CXX object src/lib/rc/CMakeFiles/rc.dir/crsf.cpp.o
[427/1139] Building CXX object src/lib/rc/CMakeFiles/rc.dir/ghst.cpp.o
[428/1139] Building CXX object src/lib/rc/CMakeFiles/rc.dir/st24.cpp.o
[429/1139] Building CXX object src/lib/rc/CMakeFiles/rc.dir/sumd.cpp.o
[430/1139] Building CXX object src/lib/rc/CMakeFiles/rc.dir/sbus.cpp.o
[431/1139] Building CXX object src/lib/rc/CMakeFiles/rc.dir/dsm.cpp.o
[432/1139] Building CXX object src/lib/rc/CMakeFiles/rc.dir/common_rc.cpp.o
[433/1139] Building CXX object src/lib/rc/rc_tests/CMakeFiles/lib__rc__rc_tests.dir/RCTest.cpp.o
[434/1139] Building CXX object src/lib/ringbuffer/CMakeFiles/ringbuffer.dir/Ringbuffer.cpp.o
[435/1139] Building CXX object src/lib/rover_control/CMakeFiles/rover_control.dir/RoverControl.cpp.o
[436/1139] Building CXX object src/lib/rtl/CMakeFiles/rtl_time_estimator.dir/rtl_time_estimator.cpp.o
[437/1139] Building CXX object src/lib/sensor_calibration/CMakeFiles/sensor_calibration.dir/Accelerometer.cpp.o
[438/1139] Building CXX object src/lib/sensor_calibration/CMakeFiles/sensor_calibration.dir/Barometer.cpp.o
[439/1139] Building CXX object src/lib/sensor_calibration/CMakeFiles/sensor_calibration.dir/Gyroscope.cpp.o
[440/1139] Building CXX object src/lib/sensor_calibration/CMakeFiles/sensor_calibration.dir/Magnetometer.cpp.o
[441/1139] Building CXX object src/lib/sensor_calibration/CMakeFiles/sensor_calibration.dir/Utilities.cpp.o
[442/1139] Building CXX object src/lib/slew_rate/CMakeFiles/SlewRate.dir/dummy.cpp.o
[443/1139] Building CXX object src/lib/sticks/CMakeFiles/Sticks.dir/Sticks.cpp.o
[444/1139] Building CXX object src/lib/stick_yaw/CMakeFiles/StickYaw.dir/StickYaw.cpp.o
[445/1139] Building CXX object src/lib/systemlib/CMakeFiles/systemlib.dir/mavlink_log.cpp.o
[446/1139] Building CXX object src/lib/system_identification/CMakeFiles/SystemIdentification.dir/system_identification.cpp.o
[447/1139] Building CXX object src/lib/tecs/CMakeFiles/tecs.dir/TECS.cpp.o
[448/1139] Building CXX object src/lib/timesync/CMakeFiles/timesync.dir/Timesync.cpp.o
[449/1139] Building CXX object src/lib/tunes/CMakeFiles/tunes.dir/default_tunes.cpp.o
[450/1139] Building CXX object src/lib/tunes/CMakeFiles/tunes.dir/tunes.cpp.o
[451/1139] Building CXX object src/lib/variable_length_ringbuffer/CMakeFiles/variable_length_ringbuffer.dir/VariableLengthRingbuffer.cpp.o
[452/1139] Building CXX object src/lib/weather_vane/CMakeFiles/WeatherVane.dir/WeatherVane.cpp.o
[453/1139] Building CXX object platforms/posix/src/px4/common/CMakeFiles/px4_layer.dir/px4_posix_impl.cpp.o
[454/1139] Building CXX object platforms/posix/src/px4/common/CMakeFiles/px4_layer.dir/tasks.cpp.o
[455/1139] Building CXX object platforms/posix/src/px4/common/CMakeFiles/px4_layer.dir/px4_sem.cpp.o
[456/1139] Building CXX object platforms/posix/src/px4/common/CMakeFiles/px4_layer.dir/px4_init.cpp.o
[457/1139] Building C object platforms/posix/src/px4/common/CMakeFiles/px4_layer.dir/lib_crc32.c.o
[458/1139] Building CXX object platforms/posix/src/px4/common/CMakeFiles/px4_layer.dir/drv_hrt.cpp.o
[459/1139] Building CXX object platforms/posix/src/px4/common/CMakeFiles/px4_layer.dir/cpuload.cpp.o
[460/1139] Building CXX object platforms/posix/src/px4/common/CMakeFiles/px4_layer.dir/print_load.cpp.o
[461/1139] Building CXX object platforms/posix/src/px4/common/CMakeFiles/px4_layer.dir/__/__/__/__/common/Serial.cpp.o
[462/1139] Building CXX object platforms/posix/src/px4/common/CMakeFiles/px4_layer.dir/SerialImpl.cpp.o
[463/1139] Building CXX object platforms/posix/src/px4/common/px4_daemon/CMakeFiles/px4_daemon.dir/pxh.cpp.o
[464/1139] Building CXX object platforms/posix/src/px4/common/px4_daemon/CMakeFiles/px4_daemon.dir/history.cpp.o
[465/1139] Building CXX object platforms/posix/src/px4/common/px4_daemon/CMakeFiles/px4_daemon.dir/client.cpp.o
[466/1139] Building CXX object platforms/posix/src/px4/common/px4_daemon/CMakeFiles/px4_daemon.dir/server.cpp.o
[467/1139] Building CXX object platforms/posix/src/px4/common/px4_daemon/CMakeFiles/px4_daemon.dir/server_io.cpp.o
[468/1139] Building CXX object platforms/posix/src/px4/common/px4_daemon/CMakeFiles/px4_daemon.dir/sock_protocol.cpp.o
[469/1139] Building CXX object platforms/posix/src/px4/common/lockstep_scheduler/CMakeFiles/lockstep_scheduler.dir/src/lockstep_scheduler.cpp.o
[470/1139] Building CXX object platforms/posix/src/px4/common/lockstep_scheduler/CMakeFiles/lockstep_scheduler.dir/src/lockstep_components.cpp.o
[471/1139] Building CXX object platforms/posix/src/px4/generic/generic/tone_alarm/CMakeFiles/arch_tone_alarm.dir/ToneAlarmInterface.cpp.o
[472/1139] Building C object platforms/common/CMakeFiles/px4_platform.dir/board_common.c.o
[473/1139] Building C object platforms/common/CMakeFiles/px4_platform.dir/board_identity.c.o
[474/1139] Building CXX object platforms/common/CMakeFiles/px4_platform.dir/external_reset_lockout.cpp.o
[475/1139] Building CXX object platforms/common/CMakeFiles/px4_platform.dir/i2c.cpp.o
[476/1139] Building CXX object platforms/common/CMakeFiles/px4_platform.dir/i2c_spi_buses.cpp.o
[477/1139] Building CXX object platforms/common/CMakeFiles/px4_platform.dir/module.cpp.o
[478/1139] Building C object platforms/common/CMakeFiles/px4_platform.dir/px4_getopt.c.o
[479/1139] Building CXX object platforms/common/CMakeFiles/px4_platform.dir/px4_cli.cpp.o
[480/1139] Building CXX object platforms/common/CMakeFiles/px4_platform.dir/shutdown.cpp.o
[481/1139] Building CXX object platforms/common/CMakeFiles/px4_platform.dir/spi.cpp.o
[482/1139] Building C object platforms/common/CMakeFiles/px4_platform.dir/pab_manifest.c.o
[483/1139] Building CXX object platforms/common/CMakeFiles/px4_platform.dir/Serial.cpp.o
[484/1139] Building CXX object platforms/common/CMakeFiles/px4_platform.dir/px4_log.cpp.o
[485/1139] Building CXX object platforms/common/CMakeFiles/px4_platform.dir/px4_log_history.cpp.o
[486/1139] Building CXX object platforms/common/uORB/CMakeFiles/uORB.dir/Subscription.cpp.o
[487/1139] Building CXX object platforms/common/uORB/CMakeFiles/uORB.dir/SubscriptionInterval.cpp.o
[488/1139] Building CXX object platforms/common/uORB/CMakeFiles/uORB.dir/uORB.cpp.o
[489/1139] Building CXX object platforms/common/uORB/CMakeFiles/uORB.dir/uORBMessageFields.cpp.o
[490/1139] Building CXX object platforms/common/uORB/CMakeFiles/uORB.dir/uORBUtils.cpp.o
[491/1139] Building CXX object platforms/common/uORB/CMakeFiles/uORB.dir/uORBDeviceMaster.cpp.o
[492/1139] Building CXX object platforms/common/uORB/CMakeFiles/uORB.dir/uORBDeviceNode.cpp.o
[493/1139] Building CXX object platforms/common/uORB/CMakeFiles/uORB.dir/uORBManager.cpp.o
[494/1139] Building CXX object platforms/common/uORB/uORB_tests/CMakeFiles/modules__uORB__uORB_tests.dir/uORB_tests_main.cpp.o
[495/1139] Building CXX object platforms/common/uORB/uORB_tests/CMakeFiles/modules__uORB__uORB_tests.dir/uORBTest_UnitTest.cpp.o
[496/1139] Building CXX object platforms/common/px4_work_queue/CMakeFiles/px4_work_queue.dir/ScheduledWorkItem.cpp.o
[497/1139] Building CXX object platforms/common/px4_work_queue/CMakeFiles/px4_work_queue.dir/WorkItem.cpp.o
[498/1139] Building CXX object platforms/common/px4_work_queue/CMakeFiles/px4_work_queue.dir/WorkItemSingleShot.cpp.o
[499/1139] Building CXX object platforms/common/px4_work_queue/CMakeFiles/px4_work_queue.dir/WorkQueue.cpp.o
[500/1139] Building CXX object platforms/common/px4_work_queue/CMakeFiles/px4_work_queue.dir/WorkQueueManager.cpp.o
[501/1139] Building CXX object platforms/common/px4_work_queue/test/CMakeFiles/lib__work_queue__test__wqueue_test.dir/wqueue_main.cpp.o
[502/1139] Building CXX object platforms/common/px4_work_queue/test/CMakeFiles/lib__work_queue__test__wqueue_test.dir/wqueue_scheduled_test.cpp.o
[503/1139] Building CXX object platforms/common/px4_work_queue/test/CMakeFiles/lib__work_queue__test__wqueue_test.dir/wqueue_start.cpp.o
[504/1139] Building CXX object platforms/common/px4_work_queue/test/CMakeFiles/lib__work_queue__test__wqueue_test.dir/wqueue_test.cpp.o
[505/1139] Building CXX object src/drivers/camera_trigger/CMakeFiles/drivers__camera_trigger.dir/camera_trigger.cpp.o
[506/1139] Building CXX object src/drivers/camera_trigger/CMakeFiles/drivers__camera_trigger.dir/interfaces/src/camera_interface.cpp.o
[507/1139] Building CXX object src/drivers/camera_trigger/CMakeFiles/drivers__camera_trigger.dir/interfaces/src/pwm.cpp.o
[508/1139] Building CXX object src/drivers/camera_trigger/CMakeFiles/drivers__camera_trigger.dir/interfaces/src/seagull_map2.cpp.o
[509/1139] Building CXX object src/drivers/camera_trigger/CMakeFiles/drivers__camera_trigger.dir/interfaces/src/gpio.cpp.o
[510/1139] Building CXX object src/drivers/gnss/septentrio/CMakeFiles/driver__septentrio.dir/septentrio.cpp.o
[511/1139] Building CXX object src/drivers/gnss/septentrio/CMakeFiles/driver__septentrio.dir/util.cpp.o
[512/1139] Building CXX object src/drivers/gnss/septentrio/CMakeFiles/driver__septentrio.dir/rtcm.cpp.o
[513/1139] Building CXX object src/drivers/gnss/septentrio/CMakeFiles/driver__septentrio.dir/sbf/decoder.cpp.o
[514/1139] Building CXX object src/drivers/gps/CMakeFiles/drivers__gps.dir/gps.cpp.o
[515/1139] Building CXX object src/drivers/gps/CMakeFiles/drivers__gps.dir/devices/src/crc.cpp.o
[516/1139] Building CXX object src/drivers/gps/CMakeFiles/drivers__gps.dir/devices/src/gps_helper.cpp.o
[517/1139] Building CXX object src/drivers/gps/CMakeFiles/drivers__gps.dir/devices/src/mtk.cpp.o
[518/1139] Building CXX object src/drivers/gps/CMakeFiles/drivers__gps.dir/devices/src/ashtech.cpp.o
[519/1139] Building CXX object src/drivers/gps/CMakeFiles/drivers__gps.dir/devices/src/ubx.cpp.o
[520/1139] Building CXX object src/drivers/gps/CMakeFiles/drivers__gps.dir/devices/src/rtcm.cpp.o
[521/1139] Building CXX object src/drivers/gps/CMakeFiles/drivers__gps.dir/devices/src/emlid_reach.cpp.o
[522/1139] Building CXX object src/drivers/gps/CMakeFiles/drivers__gps.dir/devices/src/femtomes.cpp.o
[523/1139] Building CXX object src/drivers/gps/CMakeFiles/drivers__gps.dir/devices/src/nmea.cpp.o
[524/1139] Building CXX object src/drivers/gps/CMakeFiles/drivers__gps.dir/devices/src/unicore.cpp.o
[525/1139] Building CXX object src/drivers/osd/msp_osd/CMakeFiles/drivers__osd__msp_osd.dir/msp_osd.cpp.o
[526/1139] Building CXX object src/drivers/osd/msp_osd/CMakeFiles/drivers__osd__msp_osd.dir/MspV1.cpp.o
[527/1139] Building CXX object src/drivers/osd/msp_osd/CMakeFiles/drivers__osd__msp_osd.dir/uorb_to_msp.cpp.o
[528/1139] Building CXX object src/drivers/osd/msp_osd/MessageDisplay/CMakeFiles/message_display.dir/MessageDisplay.cpp.o
[529/1139] Building CXX object src/drivers/tone_alarm/CMakeFiles/drivers__tone_alarm.dir/ToneAlarm.cpp.o
[530/1139] Building CXX object src/modules/airship_att_control/CMakeFiles/modules__airship_att_control.dir/airship_att_control_main.cpp.o
[531/1139] Building CXX object src/modules/airspeed_selector/CMakeFiles/modules__airspeed_selector.dir/airspeed_selector_main.cpp.o
[532/1139] Building CXX object src/modules/airspeed_selector/CMakeFiles/modules__airspeed_selector.dir/AirspeedValidator.cpp.o
[533/1139] Building CXX object src/modules/attitude_estimator_q/CMakeFiles/modules__attitude_estimator_q.dir/attitude_estimator_q_main.cpp.o
[534/1139] Building CXX object src/modules/camera_feedback/CMakeFiles/modules__camera_feedback.dir/CameraFeedback.cpp.o
[535/1139] Building CXX object src/modules/commander/CMakeFiles/modules__commander.dir/accelerometer_calibration.cpp.o
[536/1139] Building CXX object src/modules/commander/CMakeFiles/modules__commander.dir/airspeed_calibration.cpp.o
[537/1139] Building CXX object src/modules/commander/CMakeFiles/modules__commander.dir/baro_calibration.cpp.o
[538/1139] Building CXX object src/modules/commander/CMakeFiles/modules__commander.dir/calibration_routines.cpp.o
[539/1139] Building CXX object src/modules/commander/CMakeFiles/modules__commander.dir/Commander.cpp.o
[540/1139] Building CXX object src/modules/commander/CMakeFiles/modules__commander.dir/commander_helper.cpp.o
[541/1139] Building CXX object src/modules/commander/CMakeFiles/modules__commander.dir/esc_calibration.cpp.o
[542/1139] Building CXX object src/modules/commander/CMakeFiles/modules__commander.dir/factory_calibration_storage.cpp.o
[543/1139] Building CXX object src/modules/commander/CMakeFiles/modules__commander.dir/gyro_calibration.cpp.o
[544/1139] Building CXX object src/modules/commander/CMakeFiles/modules__commander.dir/HomePosition.cpp.o
[545/1139] Building CXX object src/modules/commander/CMakeFiles/modules__commander.dir/ModeManagement.cpp.o
[546/1139] Building CXX object src/modules/commander/CMakeFiles/modules__commander.dir/level_calibration.cpp.o
[547/1139] Building CXX object src/modules/commander/CMakeFiles/modules__commander.dir/lm_fit.cpp.o
[548/1139] Building CXX object src/modules/commander/CMakeFiles/modules__commander.dir/mag_calibration.cpp.o
[549/1139] Building CXX object src/modules/commander/CMakeFiles/modules__commander.dir/rc_calibration.cpp.o
[550/1139] Building CXX object src/modules/commander/CMakeFiles/modules__commander.dir/Safety.cpp.o
[551/1139] Building CXX object src/modules/commander/CMakeFiles/modules__commander.dir/UserModeIntention.cpp.o
[552/1139] Building CXX object src/modules/commander/CMakeFiles/modules__commander.dir/worker_thread.cpp.o
[553/1139] Building CXX object src/modules/commander/Arming/ArmAuthorization/CMakeFiles/ArmAuthorization.dir/ArmAuthorization.cpp.o
[554/1139] Building CXX object src/modules/commander/failsafe/CMakeFiles/failsafe.dir/failsafe.cpp.o
[555/1139] Building CXX object src/modules/commander/failsafe/CMakeFiles/failsafe.dir/framework.cpp.o
[556/1139] Building CXX object src/modules/commander/failure_detector/CMakeFiles/failure_detector.dir/FailureDetector.cpp.o
[557/1139] Building CXX object src/modules/commander/failure_detector/CMakeFiles/failure_detector.dir/FailureInjector.cpp.o
[558/1139] Building CXX object src/modules/commander/HealthAndArmingChecks/CMakeFiles/health_and_arming_checks.dir/Common.cpp.o
[559/1139] Building CXX object src/modules/commander/HealthAndArmingChecks/CMakeFiles/health_and_arming_checks.dir/HealthAndArmingChecks.cpp.o
[560/1139] Building CXX object src/modules/commander/HealthAndArmingChecks/CMakeFiles/health_and_arming_checks.dir/checks/accelerometerCheck.cpp.o
[561/1139] Building CXX object src/modules/commander/HealthAndArmingChecks/CMakeFiles/health_and_arming_checks.dir/checks/airspeedCheck.cpp.o
[562/1139] Building CXX object src/modules/commander/HealthAndArmingChecks/CMakeFiles/health_and_arming_checks.dir/checks/armPermissionCheck.cpp.o
[563/1139] Building CXX object src/modules/commander/HealthAndArmingChecks/CMakeFiles/health_and_arming_checks.dir/checks/baroCheck.cpp.o
[564/1139] Building CXX object src/modules/commander/HealthAndArmingChecks/CMakeFiles/health_and_arming_checks.dir/checks/batteryCheck.cpp.o
[565/1139] Building CXX object src/modules/commander/HealthAndArmingChecks/CMakeFiles/health_and_arming_checks.dir/checks/cpuResourceCheck.cpp.o
[566/1139] Building CXX object src/modules/commander/HealthAndArmingChecks/CMakeFiles/health_and_arming_checks.dir/checks/distanceSensorChecks.cpp.o
[567/1139] Building CXX object src/modules/commander/HealthAndArmingChecks/CMakeFiles/health_and_arming_checks.dir/checks/opticalFlowCheck.cpp.o
[568/1139] Building CXX object src/modules/commander/HealthAndArmingChecks/CMakeFiles/health_and_arming_checks.dir/checks/escCheck.cpp.o
[569/1139] Building CXX object src/modules/commander/HealthAndArmingChecks/CMakeFiles/health_and_arming_checks.dir/checks/estimatorCheck.cpp.o
[570/1139] Building CXX object src/modules/commander/HealthAndArmingChecks/CMakeFiles/health_and_arming_checks.dir/checks/failureDetectorCheck.cpp.o
[571/1139] Building CXX object src/modules/commander/HealthAndArmingChecks/CMakeFiles/health_and_arming_checks.dir/checks/flightTimeCheck.cpp.o
[572/1139] Building CXX object src/modules/commander/HealthAndArmingChecks/CMakeFiles/health_and_arming_checks.dir/checks/geofenceCheck.cpp.o
[573/1139] Building CXX object src/modules/commander/HealthAndArmingChecks/CMakeFiles/health_and_arming_checks.dir/checks/gyroCheck.cpp.o
[574/1139] Building CXX object src/modules/commander/HealthAndArmingChecks/CMakeFiles/health_and_arming_checks.dir/checks/homePositionCheck.cpp.o
[575/1139] Building CXX object src/modules/commander/HealthAndArmingChecks/CMakeFiles/health_and_arming_checks.dir/checks/imuConsistencyCheck.cpp.o
[576/1139] Building CXX object src/modules/commander/HealthAndArmingChecks/CMakeFiles/health_and_arming_checks.dir/checks/loggerCheck.cpp.o
[577/1139] Building CXX object src/modules/commander/HealthAndArmingChecks/CMakeFiles/health_and_arming_checks.dir/checks/magnetometerCheck.cpp.o
[578/1139] Building CXX object src/modules/commander/HealthAndArmingChecks/CMakeFiles/health_and_arming_checks.dir/checks/manualControlCheck.cpp.o
[579/1139] Building CXX object src/modules/commander/HealthAndArmingChecks/CMakeFiles/health_and_arming_checks.dir/checks/missionCheck.cpp.o
[580/1139] Building CXX object src/modules/commander/HealthAndArmingChecks/CMakeFiles/health_and_arming_checks.dir/checks/modeCheck.cpp.o
[581/1139] Building CXX object src/modules/commander/HealthAndArmingChecks/CMakeFiles/health_and_arming_checks.dir/checks/navigatorCheck.cpp.o
[582/1139] Building CXX object src/modules/commander/HealthAndArmingChecks/CMakeFiles/health_and_arming_checks.dir/checks/offboardCheck.cpp.o
[583/1139] Building CXX object src/modules/commander/HealthAndArmingChecks/CMakeFiles/health_and_arming_checks.dir/checks/openDroneIDCheck.cpp.o
[584/1139] Building CXX object src/modules/commander/HealthAndArmingChecks/CMakeFiles/health_and_arming_checks.dir/checks/parachuteCheck.cpp.o
[585/1139] Building CXX object src/modules/commander/HealthAndArmingChecks/CMakeFiles/health_and_arming_checks.dir/checks/powerCheck.cpp.o
[586/1139] Building CXX object src/modules/commander/HealthAndArmingChecks/CMakeFiles/health_and_arming_checks.dir/checks/rcAndDataLinkCheck.cpp.o
[587/1139] Building CXX object src/modules/commander/HealthAndArmingChecks/CMakeFiles/health_and_arming_checks.dir/checks/rcCalibrationCheck.cpp.o
[588/1139] Building CXX object src/modules/commander/HealthAndArmingChecks/CMakeFiles/health_and_arming_checks.dir/checks/sdcardCheck.cpp.o
[589/1139] Building CXX object src/modules/commander/HealthAndArmingChecks/CMakeFiles/health_and_arming_checks.dir/checks/systemCheck.cpp.o
[590/1139] Building CXX object src/modules/commander/HealthAndArmingChecks/CMakeFiles/health_and_arming_checks.dir/checks/vtolCheck.cpp.o
[591/1139] Building CXX object src/modules/commander/HealthAndArmingChecks/CMakeFiles/health_and_arming_checks.dir/checks/windCheck.cpp.o
[592/1139] Building CXX object src/modules/commander/HealthAndArmingChecks/CMakeFiles/health_and_arming_checks.dir/checks/externalChecks.cpp.o
[593/1139] Building CXX object src/modules/commander/MulticopterThrowLaunch/CMakeFiles/MulticopterThrowLaunch.dir/MulticopterThrowLaunch.cpp.o
[594/1139] Building CXX object src/modules/control_allocator/CMakeFiles/modules__control_allocator.dir/ControlAllocator.cpp.o
[595/1139] Building CXX object src/modules/control_allocator/VehicleActuatorEffectiveness/CMakeFiles/VehicleActuatorEffectiveness.dir/ActuatorEffectivenessUUV.cpp.o
[596/1139] Building CXX object src/modules/control_allocator/VehicleActuatorEffectiveness/CMakeFiles/VehicleActuatorEffectiveness.dir/ActuatorEffectivenessControlSurfaces.cpp.o
[597/1139] Building CXX object src/modules/control_allocator/VehicleActuatorEffectiveness/CMakeFiles/VehicleActuatorEffectiveness.dir/ActuatorEffectivenessCustom.cpp.o
[598/1139] Building CXX object src/modules/control_allocator/VehicleActuatorEffectiveness/CMakeFiles/VehicleActuatorEffectiveness.dir/ActuatorEffectivenessFixedWing.cpp.o
[599/1139] Building CXX object src/modules/control_allocator/VehicleActuatorEffectiveness/CMakeFiles/VehicleActuatorEffectiveness.dir/ActuatorEffectivenessHelicopter.cpp.o
[600/1139] Building CXX object src/modules/control_allocator/VehicleActuatorEffectiveness/CMakeFiles/VehicleActuatorEffectiveness.dir/ActuatorEffectivenessHelicopterCoaxial.cpp.o
[601/1139] Building CXX object src/modules/control_allocator/VehicleActuatorEffectiveness/CMakeFiles/VehicleActuatorEffectiveness.dir/ActuatorEffectivenessMCTilt.cpp.o
[602/1139] Building CXX object src/modules/control_allocator/VehicleActuatorEffectiveness/CMakeFiles/VehicleActuatorEffectiveness.dir/ActuatorEffectivenessMultirotor.cpp.o
[603/1139] Building CXX object src/modules/control_allocator/VehicleActuatorEffectiveness/CMakeFiles/VehicleActuatorEffectiveness.dir/ActuatorEffectivenessTilts.cpp.o
[604/1139] Building CXX object src/modules/control_allocator/VehicleActuatorEffectiveness/CMakeFiles/VehicleActuatorEffectiveness.dir/ActuatorEffectivenessRotors.cpp.o
[605/1139] Building CXX object src/modules/control_allocator/VehicleActuatorEffectiveness/CMakeFiles/VehicleActuatorEffectiveness.dir/ActuatorEffectivenessSpacecraft.cpp.o
[606/1139] Building CXX object src/modules/control_allocator/VehicleActuatorEffectiveness/CMakeFiles/VehicleActuatorEffectiveness.dir/ActuatorEffectivenessStandardVTOL.cpp.o
[607/1139] Building CXX object src/modules/control_allocator/VehicleActuatorEffectiveness/CMakeFiles/VehicleActuatorEffectiveness.dir/ActuatorEffectivenessTiltrotorVTOL.cpp.o
[608/1139] Building CXX object src/modules/control_allocator/VehicleActuatorEffectiveness/CMakeFiles/VehicleActuatorEffectiveness.dir/ActuatorEffectivenessTailsitterVTOL.cpp.o
[609/1139] Building CXX object src/modules/control_allocator/VehicleActuatorEffectiveness/CMakeFiles/VehicleActuatorEffectiveness.dir/ActuatorEffectivenessRoverAckermann.cpp.o
[610/1139] Building CXX object src/modules/control_allocator/VehicleActuatorEffectiveness/CMakeFiles/VehicleActuatorEffectiveness.dir/RpmControl.cpp.o
[611/1139] Building CXX object src/modules/dataman/CMakeFiles/modules__dataman.dir/dataman.cpp.o
[612/1139] Building CXX object src/modules/ekf2/CMakeFiles/modules__ekf2.dir/EKF/control.cpp.o
[613/1139] Building CXX object src/modules/ekf2/CMakeFiles/modules__ekf2.dir/EKF/covariance.cpp.o
[614/1139] Building CXX object src/modules/ekf2/CMakeFiles/modules__ekf2.dir/EKF/ekf.cpp.o
[615/1139] Building CXX object src/modules/ekf2/CMakeFiles/modules__ekf2.dir/EKF/ekf_helper.cpp.o
[616/1139] Building CXX object src/modules/ekf2/CMakeFiles/modules__ekf2.dir/EKF/estimator_interface.cpp.o
[617/1139] Building CXX object src/modules/ekf2/CMakeFiles/modules__ekf2.dir/EKF/height_control.cpp.o
[618/1139] Building CXX object src/modules/ekf2/CMakeFiles/modules__ekf2.dir/EKF/velocity_fusion.cpp.o
[619/1139] Building CXX object src/modules/ekf2/CMakeFiles/modules__ekf2.dir/EKF/position_fusion.cpp.o
[620/1139] Building CXX object src/modules/ekf2/CMakeFiles/modules__ekf2.dir/EKF/yaw_fusion.cpp.o
[621/1139] Building CXX object src/modules/ekf2/CMakeFiles/modules__ekf2.dir/EKF/imu_down_sampler/imu_down_sampler.cpp.o
[622/1139] Building CXX object src/modules/ekf2/CMakeFiles/modules__ekf2.dir/EKF/aid_sources/fake_height_control.cpp.o
[623/1139] Building CXX object src/modules/ekf2/CMakeFiles/modules__ekf2.dir/EKF/aid_sources/fake_pos_control.cpp.o
[624/1139] Building CXX object src/modules/ekf2/CMakeFiles/modules__ekf2.dir/EKF/aid_sources/ZeroGyroUpdate.cpp.o
[625/1139] Building CXX object src/modules/ekf2/CMakeFiles/modules__ekf2.dir/EKF/aid_sources/ZeroVelocityUpdate.cpp.o
[626/1139] Building CXX object src/modules/ekf2/CMakeFiles/modules__ekf2.dir/EKF/aid_sources/zero_innovation_heading_update.cpp.o
[627/1139] Building CXX object src/modules/ekf2/CMakeFiles/modules__ekf2.dir/EKF/aid_sources/airspeed/airspeed_fusion.cpp.o
[628/1139] Building CXX object src/modules/ekf2/CMakeFiles/modules__ekf2.dir/EKF/aid_sources/aux_global_position/aux_global_position.cpp.o
[629/1139] Building CXX object src/modules/ekf2/CMakeFiles/modules__ekf2.dir/EKF/aid_sources/auxvel/auxvel_fusion.cpp.o
[630/1139] Building CXX object src/modules/ekf2/CMakeFiles/modules__ekf2.dir/EKF/aid_sources/barometer/baro_height_control.cpp.o
[631/1139] Building CXX object src/modules/ekf2/CMakeFiles/modules__ekf2.dir/EKF/aid_sources/drag/drag_fusion.cpp.o
[632/1139] Building CXX object src/modules/ekf2/CMakeFiles/modules__ekf2.dir/EKF/aid_sources/external_vision/ev_control.cpp.o
[633/1139] Building CXX object src/modules/ekf2/CMakeFiles/modules__ekf2.dir/EKF/aid_sources/external_vision/ev_height_control.cpp.o
[634/1139] Building CXX object src/modules/ekf2/CMakeFiles/modules__ekf2.dir/EKF/aid_sources/external_vision/ev_pos_control.cpp.o
[635/1139] Building CXX object src/modules/ekf2/CMakeFiles/modules__ekf2.dir/EKF/aid_sources/external_vision/ev_vel_control.cpp.o
[636/1139] Building CXX object src/modules/ekf2/CMakeFiles/modules__ekf2.dir/EKF/aid_sources/external_vision/ev_yaw_control.cpp.o
[637/1139] Building CXX object src/modules/ekf2/CMakeFiles/modules__ekf2.dir/EKF/aid_sources/gnss/gnss_checks.cpp.o
[638/1139] Building CXX object src/modules/ekf2/CMakeFiles/modules__ekf2.dir/EKF/aid_sources/gnss/gnss_height_control.cpp.o
[639/1139] Building CXX object src/modules/ekf2/CMakeFiles/modules__ekf2.dir/EKF/aid_sources/gnss/gps_control.cpp.o
[640/1139] Building CXX object src/modules/ekf2/CMakeFiles/modules__ekf2.dir/EKF/aid_sources/gnss/gnss_yaw_control.cpp.o
[641/1139] Building CXX object src/modules/ekf2/CMakeFiles/modules__ekf2.dir/EKF/aid_sources/gravity/gravity_fusion.cpp.o
[642/1139] Building CXX object src/modules/ekf2/CMakeFiles/modules__ekf2.dir/EKF/aid_sources/magnetometer/mag_control.cpp.o
[643/1139] Building CXX object src/modules/ekf2/CMakeFiles/modules__ekf2.dir/EKF/aid_sources/magnetometer/mag_fusion.cpp.o
[644/1139] Building CXX object src/modules/ekf2/CMakeFiles/modules__ekf2.dir/EKF/aid_sources/optical_flow/optical_flow_control.cpp.o
[645/1139] Building CXX object src/modules/ekf2/CMakeFiles/modules__ekf2.dir/EKF/aid_sources/optical_flow/optical_flow_fusion.cpp.o
[646/1139] Building CXX object src/modules/ekf2/CMakeFiles/modules__ekf2.dir/EKF/aid_sources/range_finder/range_finder_consistency_check.cpp.o
[647/1139] Building CXX object src/modules/ekf2/CMakeFiles/modules__ekf2.dir/EKF/aid_sources/range_finder/range_height_control.cpp.o
[648/1139] Building CXX object src/modules/ekf2/CMakeFiles/modules__ekf2.dir/EKF/aid_sources/range_finder/range_height_fusion.cpp.o
[649/1139] Building CXX object src/modules/ekf2/CMakeFiles/modules__ekf2.dir/EKF/aid_sources/range_finder/sensor_range_finder.cpp.o
[650/1139] Building CXX object src/modules/ekf2/CMakeFiles/modules__ekf2.dir/EKF/aid_sources/sideslip/sideslip_fusion.cpp.o
[651/1139] Building CXX object src/modules/ekf2/CMakeFiles/modules__ekf2.dir/EKF/terrain_control.cpp.o
[652/1139] Building CXX object src/modules/ekf2/CMakeFiles/modules__ekf2.dir/EKF/wind.cpp.o
[653/1139] Building CXX object src/modules/ekf2/CMakeFiles/modules__ekf2.dir/EKF2.cpp.o
[654/1139] Building CXX object src/modules/ekf2/CMakeFiles/modules__ekf2.dir/EKF2Selector.cpp.o
[655/1139] Building CXX object src/modules/events/CMakeFiles/modules__events.dir/rc_loss_alarm.cpp.o
[656/1139] Building CXX object src/modules/events/CMakeFiles/modules__events.dir/send_event.cpp.o
[657/1139] Building CXX object src/modules/events/CMakeFiles/modules__events.dir/set_leds.cpp.o
[658/1139] Building CXX object src/modules/events/CMakeFiles/modules__events.dir/status_display.cpp.o
[659/1139] Building CXX object src/modules/flight_mode_manager/CMakeFiles/modules__flight_mode_manager.dir/FlightModeManager.cpp.o
[660/1139] Building CXX object src/modules/flight_mode_manager/CMakeFiles/modules__flight_mode_manager.dir/FlightTasks_generated.cpp.o
[661/1139] Building CXX object src/modules/flight_mode_manager/tasks/FlightTask/CMakeFiles/FlightTask.dir/FlightTask.cpp.o
[662/1139] Building CXX object src/modules/flight_mode_manager/tasks/Utility/CMakeFiles/FlightTaskUtility.dir/StickAccelerationXY.cpp.o
[663/1139] Building CXX object src/modules/flight_mode_manager/tasks/Utility/CMakeFiles/FlightTaskUtility.dir/StickTiltXY.cpp.o
[664/1139] Building CXX object src/modules/flight_mode_manager/tasks/Utility/CMakeFiles/FlightTaskUtility.dir/Gimbal.cpp.o
[665/1139] Building CXX object src/modules/flight_mode_manager/tasks/Auto/CMakeFiles/FlightTaskAuto.dir/FlightTaskAuto.cpp.o
[666/1139] Building CXX object src/modules/flight_mode_manager/tasks/Descend/CMakeFiles/FlightTaskDescend.dir/FlightTaskDescend.cpp.o
[667/1139] Building CXX object src/modules/flight_mode_manager/tasks/Failsafe/CMakeFiles/FlightTaskFailsafe.dir/FlightTaskFailsafe.cpp.o
[668/1139] Building CXX object src/modules/flight_mode_manager/tasks/ManualAcceleration/CMakeFiles/FlightTaskManualAcceleration.dir/FlightTaskManualAcceleration.cpp.o
[669/1139] Building CXX object src/modules/flight_mode_manager/tasks/ManualAccelerationSlow/CMakeFiles/FlightTaskManualAccelerationSlow.dir/FlightTaskManualAccelerationSlow.cpp.o
[670/1139] Building CXX object src/modules/flight_mode_manager/tasks/ManualAltitude/CMakeFiles/FlightTaskManualAltitude.dir/FlightTaskManualAltitude.cpp.o
[671/1139] Building CXX object src/modules/flight_mode_manager/tasks/ManualAltitudeSmoothVel/CMakeFiles/FlightTaskManualAltitudeSmoothVel.dir/FlightTaskManualAltitudeSmoothVel.cpp.o
[672/1139] Building CXX object src/modules/flight_mode_manager/tasks/ManualPosition/CMakeFiles/FlightTaskManualPosition.dir/FlightTaskManualPosition.cpp.o
[673/1139] Building CXX object src/modules/flight_mode_manager/tasks/Transition/CMakeFiles/FlightTaskTransition.dir/FlightTaskTransition.cpp.o
[674/1139] Building CXX object src/modules/flight_mode_manager/tasks/AltitudeCruise/CMakeFiles/FlightTaskAltitudeCruise.dir/FlightTaskAltitudeCruise.cpp.o
[675/1139] Building CXX object src/modules/flight_mode_manager/tasks/AutoFollowTarget/CMakeFiles/FlightTaskAutoFollowTarget.dir/FlightTaskAutoFollowTarget.cpp.o
[676/1139] Building CXX object src/modules/flight_mode_manager/tasks/AutoFollowTarget/follow_target_estimator/CMakeFiles/follow_target_estimator.dir/TargetEstimator.cpp.o
[677/1139] Building CXX object src/modules/flight_mode_manager/tasks/Orbit/CMakeFiles/FlightTaskOrbit.dir/FlightTaskOrbit.cpp.o
[678/1139] Building CXX object src/modules/fw_att_control/CMakeFiles/modules__fw_att_control.dir/FixedwingAttitudeControl.cpp.o
[679/1139] Building CXX object src/modules/fw_att_control/CMakeFiles/modules__fw_att_control.dir/fw_pitch_controller.cpp.o
[680/1139] Building CXX object src/modules/fw_att_control/CMakeFiles/modules__fw_att_control.dir/fw_roll_controller.cpp.o
[681/1139] Building CXX object src/modules/fw_att_control/CMakeFiles/modules__fw_att_control.dir/fw_wheel_controller.cpp.o
[682/1139] Building CXX object src/modules/fw_att_control/CMakeFiles/modules__fw_att_control.dir/fw_yaw_controller.cpp.o
[683/1139] Building CXX object src/modules/fw_autotune_attitude_control/CMakeFiles/fw_autotune_attitude_control.dir/fw_autotune_attitude_control.cpp.o
[684/1139] Building CXX object src/modules/fw_lateral_longitudinal_control/CMakeFiles/modules__fw_lateral_longitudinal_control.dir/FwLateralLongitudinalControl.cpp.o
[685/1139] Building CXX object src/modules/fw_mode_manager/CMakeFiles/modules__fw_mode_manager.dir/FixedWingModeManager.cpp.o
[686/1139] Building CXX object src/modules/fw_mode_manager/CMakeFiles/modules__fw_mode_manager.dir/ControllerConfigurationHandler.cpp.o
[687/1139] Building CXX object src/modules/fw_mode_manager/launchdetection/CMakeFiles/launchdetection.dir/LaunchDetector.cpp.o
[688/1139] Building CXX object src/modules/fw_mode_manager/runway_takeoff/CMakeFiles/runway_takeoff.dir/RunwayTakeoff.cpp.o
[689/1139] Building CXX object src/modules/fw_mode_manager/figure_eight/CMakeFiles/figure_eight.dir/FigureEight.cpp.o
[690/1139] Building CXX object src/modules/fw_rate_control/CMakeFiles/modules__fw_rate_control.dir/FixedwingRateControl.cpp.o
[691/1139] Building CXX object src/modules/gimbal/CMakeFiles/drivers__gimbal.dir/input.cpp.o
[692/1139] Building CXX object src/modules/gimbal/CMakeFiles/drivers__gimbal.dir/input_mavlink.cpp.o
[693/1139] Building CXX object src/modules/gimbal/CMakeFiles/drivers__gimbal.dir/input_rc.cpp.o
[694/1139] Building CXX object src/modules/gimbal/CMakeFiles/drivers__gimbal.dir/input_test.cpp.o
[695/1139] Building CXX object src/modules/gimbal/CMakeFiles/drivers__gimbal.dir/output.cpp.o
[696/1139] Building CXX object src/modules/gimbal/CMakeFiles/drivers__gimbal.dir/output_mavlink.cpp.o
[697/1139] Building CXX object src/modules/gimbal/CMakeFiles/drivers__gimbal.dir/output_rc.cpp.o
[698/1139] Building CXX object src/modules/gimbal/CMakeFiles/drivers__gimbal.dir/gimbal.cpp.o
[699/1139] Building CXX object src/modules/gyro_calibration/CMakeFiles/modules__gyro_calibration.dir/GyroCalibration.cpp.o
[700/1139] Building CXX object src/modules/gyro_fft/CMakeFiles/modules__gyro_fft.dir/GyroFFT.cpp.o
[701/1139] Building C object src/modules/gyro_fft/CMakeFiles/modules__gyro_fft.dir/CMSIS_5/CMSIS/DSP/Source/BasicMathFunctions/arm_mult_q15.c.o
[702/1139] Building C object src/modules/gyro_fft/CMakeFiles/modules__gyro_fft.dir/CMSIS_5/CMSIS/DSP/Source/CommonTables/arm_common_tables.c.o
[703/1139] Building C object src/modules/gyro_fft/CMakeFiles/modules__gyro_fft.dir/CMSIS_5/CMSIS/DSP/Source/CommonTables/arm_const_structs.c.o
[704/1139] Building C object src/modules/gyro_fft/CMakeFiles/modules__gyro_fft.dir/CMSIS_5/CMSIS/DSP/Source/SupportFunctions/arm_float_to_q15.c.o
[705/1139] Building C object src/modules/gyro_fft/CMakeFiles/modules__gyro_fft.dir/CMSIS_5/CMSIS/DSP/Source/TransformFunctions/arm_bitreversal2.c.o
[706/1139] Building C object src/modules/gyro_fft/CMakeFiles/modules__gyro_fft.dir/CMSIS_5/CMSIS/DSP/Source/TransformFunctions/arm_cfft_q15.c.o
[707/1139] Building C object src/modules/gyro_fft/CMakeFiles/modules__gyro_fft.dir/CMSIS_5/CMSIS/DSP/Source/TransformFunctions/arm_cfft_radix4_q15.c.o
[708/1139] Building C object src/modules/gyro_fft/CMakeFiles/modules__gyro_fft.dir/CMSIS_5/CMSIS/DSP/Source/TransformFunctions/arm_rfft_init_q15.c.o
[709/1139] Building C object src/modules/gyro_fft/CMakeFiles/modules__gyro_fft.dir/CMSIS_5/CMSIS/DSP/Source/TransformFunctions/arm_rfft_q15.c.o
[710/1139] Building CXX object src/modules/land_detector/CMakeFiles/modules__land_detector.dir/land_detector_main.cpp.o
[711/1139] Building CXX object src/modules/land_detector/CMakeFiles/modules__land_detector.dir/LandDetector.cpp.o
[712/1139] Building CXX object src/modules/land_detector/CMakeFiles/modules__land_detector.dir/MulticopterLandDetector.cpp.o
[713/1139] Building CXX object src/modules/land_detector/CMakeFiles/modules__land_detector.dir/FixedwingLandDetector.cpp.o
[714/1139] Building CXX object src/modules/land_detector/CMakeFiles/modules__land_detector.dir/VtolLandDetector.cpp.o
[715/1139] Building CXX object src/modules/land_detector/CMakeFiles/modules__land_detector.dir/RoverLandDetector.cpp.o
[716/1139] Building CXX object src/modules/land_detector/CMakeFiles/modules__land_detector.dir/AirshipLandDetector.cpp.o
[717/1139] Building CXX object src/modules/landing_target_estimator/CMakeFiles/modules__landing_target_estimator.dir/landing_target_estimator_main.cpp.o
[718/1139] Building CXX object src/modules/landing_target_estimator/CMakeFiles/modules__landing_target_estimator.dir/LandingTargetEstimator.cpp.o
[719/1139] Building CXX object src/modules/landing_target_estimator/CMakeFiles/modules__landing_target_estimator.dir/KalmanFilter.cpp.o
[720/1139] Building CXX object src/modules/load_mon/CMakeFiles/modules__load_mon.dir/LoadMon.cpp.o
[721/1139] Building CXX object src/modules/local_position_estimator/CMakeFiles/modules__local_position_estimator.dir/BlockLocalPositionEstimator.cpp.o
[722/1139] Building CXX object src/modules/local_position_estimator/CMakeFiles/modules__local_position_estimator.dir/sensors/flow.cpp.o
[723/1139] Building CXX object src/modules/local_position_estimator/CMakeFiles/modules__local_position_estimator.dir/sensors/lidar.cpp.o
[724/1139] Building CXX object src/modules/local_position_estimator/CMakeFiles/modules__local_position_estimator.dir/sensors/sonar.cpp.o
[725/1139] Building CXX object src/modules/local_position_estimator/CMakeFiles/modules__local_position_estimator.dir/sensors/gps.cpp.o
[726/1139] Building CXX object src/modules/local_position_estimator/CMakeFiles/modules__local_position_estimator.dir/sensors/baro.cpp.o
[727/1139] Building CXX object src/modules/local_position_estimator/CMakeFiles/modules__local_position_estimator.dir/sensors/vision.cpp.o
[728/1139] Building CXX object src/modules/local_position_estimator/CMakeFiles/modules__local_position_estimator.dir/sensors/mocap.cpp.o
[729/1139] Building CXX object src/modules/local_position_estimator/CMakeFiles/modules__local_position_estimator.dir/sensors/land.cpp.o
[730/1139] Building CXX object src/modules/local_position_estimator/CMakeFiles/modules__local_position_estimator.dir/sensors/landing_target.cpp.o
[731/1139] Building CXX object src/modules/logger/CMakeFiles/modules__logger.dir/logged_topics.cpp.o
[732/1139] Building CXX object src/modules/logger/CMakeFiles/modules__logger.dir/logger.cpp.o
[733/1139] Building CXX object src/modules/logger/CMakeFiles/modules__logger.dir/log_writer.cpp.o
[734/1139] Building CXX object src/modules/logger/CMakeFiles/modules__logger.dir/log_writer_file.cpp.o
[735/1139] Building CXX object src/modules/logger/CMakeFiles/modules__logger.dir/log_writer_mavlink.cpp.o
[736/1139] Building CXX object src/modules/logger/CMakeFiles/modules__logger.dir/util.cpp.o
[737/1139] Building CXX object src/modules/logger/CMakeFiles/modules__logger.dir/watchdog.cpp.o
[738/1139] Building CXX object src/modules/mag_bias_estimator/CMakeFiles/modules__mag_bias_estimator.dir/MagBiasEstimator.cpp.o
[739/1139] Building CXX object src/modules/manual_control/CMakeFiles/modules__manual_control.dir/ManualControl.cpp.o
[740/1139] Building CXX object src/modules/manual_control/CMakeFiles/modules__manual_control.dir/ManualControlSelector.cpp.o
[741/1139] Building C object src/modules/mavlink/CMakeFiles/modules__mavlink.dir/mavlink.c.o
[742/1139] Building CXX object src/modules/mavlink/CMakeFiles/modules__mavlink.dir/mavlink_command_sender.cpp.o
[743/1139] Building CXX object src/modules/mavlink/CMakeFiles/modules__mavlink.dir/mavlink_events.cpp.o
[744/1139] Building CXX object src/modules/mavlink/CMakeFiles/modules__mavlink.dir/mavlink_ftp.cpp.o
[745/1139] Building CXX object src/modules/mavlink/CMakeFiles/modules__mavlink.dir/mavlink_log_handler.cpp.o
[746/1139] Building CXX object src/modules/mavlink/CMakeFiles/modules__mavlink.dir/mavlink_main.cpp.o
[747/1139] Building CXX object src/modules/mavlink/CMakeFiles/modules__mavlink.dir/mavlink_messages.cpp.o
[748/1139] Building CXX object src/modules/mavlink/CMakeFiles/modules__mavlink.dir/mavlink_mission.cpp.o
[749/1139] Building CXX object src/modules/mavlink/CMakeFiles/modules__mavlink.dir/mavlink_parameters.cpp.o
[750/1139] Building CXX object src/modules/mavlink/CMakeFiles/modules__mavlink.dir/mavlink_rate_limiter.cpp.o
[751/1139] Building CXX object src/modules/mavlink/CMakeFiles/modules__mavlink.dir/mavlink_receiver.cpp.o
[752/1139] Building CXX object src/modules/mavlink/CMakeFiles/modules__mavlink.dir/mavlink_shell.cpp.o
[753/1139] Building CXX object src/modules/mavlink/CMakeFiles/modules__mavlink.dir/mavlink_simple_analyzer.cpp.o
[754/1139] Building CXX object src/modules/mavlink/CMakeFiles/modules__mavlink.dir/mavlink_stream.cpp.o
[755/1139] Building CXX object src/modules/mavlink/CMakeFiles/modules__mavlink.dir/mavlink_timesync.cpp.o
[756/1139] Building CXX object src/modules/mavlink/CMakeFiles/modules__mavlink.dir/mavlink_ulog.cpp.o
[757/1139] Building CXX object src/modules/mavlink/CMakeFiles/modules__mavlink.dir/MavlinkStatustextHandler.cpp.o
[758/1139] Building CXX object src/modules/mavlink/CMakeFiles/modules__mavlink.dir/open_drone_id_translations.cpp.o
[759/1139] Building CXX object src/modules/mavlink/CMakeFiles/modules__mavlink.dir/tune_publisher.cpp.o
[760/1139] Building CXX object src/modules/mc_att_control/CMakeFiles/modules__mc_att_control.dir/mc_att_control_main.cpp.o
[761/1139] Building CXX object src/modules/mc_att_control/AttitudeControl/CMakeFiles/AttitudeControl.dir/AttitudeControl.cpp.o
[762/1139] Building CXX object src/modules/mc_autotune_attitude_control/CMakeFiles/mc_autotune_attitude_control.dir/mc_autotune_attitude_control.cpp.o
[763/1139] Building CXX object src/modules/mc_hover_thrust_estimator/CMakeFiles/zero_order_hover_thrust_ekf.dir/zero_order_hover_thrust_ekf.cpp.o
[764/1139] Building CXX object src/modules/mc_hover_thrust_estimator/CMakeFiles/modules__mc_hover_thrust_estimator.dir/MulticopterHoverThrustEstimator.cpp.o
[765/1139] Building CXX object src/modules/mc_pos_control/CMakeFiles/modules__mc_pos_control.dir/MulticopterPositionControl.cpp.o
[766/1139] Building CXX object src/modules/mc_pos_control/GotoControl/CMakeFiles/GotoControl.dir/GotoControl.cpp.o
[767/1139] Building CXX object src/modules/mc_pos_control/PositionControl/CMakeFiles/PositionControl.dir/ControlMath.cpp.o
[768/1139] Building CXX object src/modules/mc_pos_control/PositionControl/CMakeFiles/PositionControl.dir/PositionControl.cpp.o
[769/1139] Building CXX object src/modules/mc_pos_control/Takeoff/CMakeFiles/Takeoff.dir/Takeoff.cpp.o
[770/1139] Building CXX object src/modules/mc_rate_control/CMakeFiles/modules__mc_rate_control.dir/MulticopterRateControl.cpp.o
[771/1139] Building CXX object src/modules/navigator/CMakeFiles/modules__navigator.dir/navigator_main.cpp.o
[772/1139] Building CXX object src/modules/navigator/CMakeFiles/modules__navigator.dir/navigator_mode.cpp.o
[773/1139] Building CXX object src/modules/navigator/CMakeFiles/modules__navigator.dir/mission_base.cpp.o
[774/1139] Building CXX object src/modules/navigator/CMakeFiles/modules__navigator.dir/mission_block.cpp.o
[775/1139] Building CXX object src/modules/navigator/CMakeFiles/modules__navigator.dir/mission.cpp.o
[776/1139] Building CXX object src/modules/navigator/CMakeFiles/modules__navigator.dir/loiter.cpp.o
[777/1139] Building CXX object src/modules/navigator/CMakeFiles/modules__navigator.dir/rtl.cpp.o
[778/1139] Building CXX object src/modules/navigator/CMakeFiles/modules__navigator.dir/rtl_direct.cpp.o
[779/1139] Building CXX object src/modules/navigator/CMakeFiles/modules__navigator.dir/rtl_direct_mission_land.cpp.o
[780/1139] Building CXX object src/modules/navigator/CMakeFiles/modules__navigator.dir/rtl_mission_fast.cpp.o
[781/1139] Building CXX object src/modules/navigator/CMakeFiles/modules__navigator.dir/rtl_mission_fast_reverse.cpp.o
[782/1139] Building CXX object src/modules/navigator/CMakeFiles/modules__navigator.dir/takeoff.cpp.o
[783/1139] Building CXX object src/modules/navigator/CMakeFiles/modules__navigator.dir/land.cpp.o
[784/1139] Building CXX object src/modules/navigator/CMakeFiles/modules__navigator.dir/precland.cpp.o
[785/1139] Building CXX object src/modules/navigator/CMakeFiles/modules__navigator.dir/mission_feasibility_checker.cpp.o
[786/1139] Building CXX object src/modules/navigator/CMakeFiles/modules__navigator.dir/geofence.cpp.o
[787/1139] Building CXX object src/modules/navigator/CMakeFiles/modules__navigator.dir/vtol_takeoff.cpp.o
[788/1139] Building CXX object src/modules/navigator/GeofenceBreachAvoidance/CMakeFiles/geofence_breach_avoidance.dir/geofence_breach_avoidance.cpp.o
[789/1139] Building CXX object src/modules/navigator/MissionFeasibility/CMakeFiles/mission_feasibility_checker.dir/FeasibilityChecker.cpp.o
[790/1139] Building CXX object src/modules/payload_deliverer/CMakeFiles/modules__payload_deliverer.dir/payload_deliverer.cpp.o
[791/1139] Building CXX object src/modules/payload_deliverer/CMakeFiles/modules__payload_deliverer.dir/gripper.cpp.o
[792/1139] Building CXX object src/modules/rc_update/CMakeFiles/modules__rc_update.dir/rc_update.cpp.o
[793/1139] Building CXX object src/modules/replay/CMakeFiles/modules__replay.dir/replay_main.cpp.o
[794/1139] Building CXX object src/modules/replay/CMakeFiles/modules__replay.dir/Replay.cpp.o
[795/1139] Building CXX object src/modules/replay/CMakeFiles/modules__replay.dir/ReplayEkf2.cpp.o
[796/1139] Building CXX object src/modules/rover_ackermann/CMakeFiles/modules__rover_ackermann.dir/RoverAckermann.cpp.o
[797/1139] Building CXX object src/modules/rover_ackermann/AckermannActControl/CMakeFiles/AckermannActControl.dir/AckermannActControl.cpp.o
[798/1139] Building CXX object src/modules/rover_ackermann/AckermannRateControl/CMakeFiles/AckermannRateControl.dir/AckermannRateControl.cpp.o
[799/1139] Building CXX object src/modules/rover_ackermann/AckermannAttControl/CMakeFiles/AckermannAttControl.dir/AckermannAttControl.cpp.o
[800/1139] Building CXX object src/modules/rover_ackermann/AckermannSpeedControl/CMakeFiles/AckermannSpeedControl.dir/AckermannSpeedControl.cpp.o
[801/1139] Building CXX object src/modules/rover_ackermann/AckermannPosControl/CMakeFiles/AckermannPosControl.dir/AckermannPosControl.cpp.o
[802/1139] Building CXX object src/modules/rover_ackermann/AckermannDriveModes/AckermannAutoMode/CMakeFiles/AckermannAutoMode.dir/AckermannAutoMode.cpp.o
[803/1139] Building CXX object src/modules/rover_ackermann/AckermannDriveModes/AckermannManualMode/CMakeFiles/AckermannManualMode.dir/AckermannManualMode.cpp.o
[804/1139] Building CXX object src/modules/rover_ackermann/AckermannDriveModes/AckermannOffboardMode/CMakeFiles/AckermannOffboardMode.dir/AckermannOffboardMode.cpp.o
[805/1139] Building CXX object src/modules/rover_differential/CMakeFiles/modules__rover_differential.dir/RoverDifferential.cpp.o
[806/1139] Building CXX object src/modules/rover_differential/DifferentialActControl/CMakeFiles/DifferentialActControl.dir/DifferentialActControl.cpp.o
[807/1139] Building CXX object src/modules/rover_differential/DifferentialRateControl/CMakeFiles/DifferentialRateControl.dir/DifferentialRateControl.cpp.o
[808/1139] Building CXX object src/modules/rover_differential/DifferentialAttControl/CMakeFiles/DifferentialAttControl.dir/DifferentialAttControl.cpp.o
[809/1139] Building CXX object src/modules/rover_differential/DifferentialSpeedControl/CMakeFiles/DifferentialSpeedControl.dir/DifferentialSpeedControl.cpp.o
[810/1139] Building CXX object src/modules/rover_differential/DifferentialPosControl/CMakeFiles/DifferentialPosControl.dir/DifferentialPosControl.cpp.o
[811/1139] Building CXX object src/modules/rover_differential/DifferentialDriveModes/DifferentialAutoMode/CMakeFiles/DifferentialAutoMode.dir/DifferentialAutoMode.cpp.o
[812/1139] Building CXX object src/modules/rover_differential/DifferentialDriveModes/DifferentialManualMode/CMakeFiles/DifferentialManualMode.dir/DifferentialManualMode.cpp.o
[813/1139] Building CXX object src/modules/rover_differential/DifferentialDriveModes/DifferentialOffboardMode/CMakeFiles/DifferentialOffboardMode.dir/DifferentialOffboardMode.cpp.o
[814/1139] Building CXX object src/modules/rover_mecanum/CMakeFiles/modules__rover_mecanum.dir/RoverMecanum.cpp.o
[815/1139] Building CXX object src/modules/rover_mecanum/MecanumActControl/CMakeFiles/MecanumActControl.dir/MecanumActControl.cpp.o
[816/1139] Building CXX object src/modules/rover_mecanum/MecanumRateControl/CMakeFiles/MecanumRateControl.dir/MecanumRateControl.cpp.o
[817/1139] Building CXX object src/modules/rover_mecanum/MecanumAttControl/CMakeFiles/MecanumAttControl.dir/MecanumAttControl.cpp.o
[818/1139] Building CXX object src/modules/rover_mecanum/MecanumSpeedControl/CMakeFiles/MecanumSpeedControl.dir/MecanumSpeedControl.cpp.o
[819/1139] Building CXX object src/modules/rover_mecanum/MecanumPosControl/CMakeFiles/MecanumPosControl.dir/MecanumPosControl.cpp.o
[820/1139] Building CXX object src/modules/rover_mecanum/MecanumDriveModes/MecanumAutoMode/CMakeFiles/MecanumAutoMode.dir/MecanumAutoMode.cpp.o
[821/1139] Building CXX object src/modules/rover_mecanum/MecanumDriveModes/MecanumManualMode/CMakeFiles/MecanumManualMode.dir/MecanumManualMode.cpp.o
[822/1139] Building CXX object src/modules/rover_mecanum/MecanumDriveModes/MecanumOffboardMode/CMakeFiles/MecanumOffboardMode.dir/MecanumOffboardMode.cpp.o
[823/1139] Building CXX object src/modules/sensors/CMakeFiles/modules__sensors.dir/sensors.cpp.o
[824/1139] Building CXX object src/modules/sensors/CMakeFiles/modules__sensors.dir/voted_sensors_update.cpp.o
[825/1139] Building CXX object src/modules/sensors/data_validator/CMakeFiles/data_validator.dir/DataValidator.cpp.o
[826/1139] Building CXX object src/modules/sensors/data_validator/CMakeFiles/data_validator.dir/DataValidatorGroup.cpp.o
[827/1139] Building CXX object src/modules/sensors/vehicle_acceleration/CMakeFiles/vehicle_acceleration.dir/VehicleAcceleration.cpp.o
[828/1139] Building CXX object src/modules/sensors/vehicle_imu/CMakeFiles/vehicle_imu.dir/VehicleIMU.cpp.o
[829/1139] Building CXX object src/modules/sensors/vehicle_air_data/CMakeFiles/vehicle_air_data.dir/VehicleAirData.cpp.o
[830/1139] Building CXX object src/modules/sensors/vehicle_angular_velocity/CMakeFiles/vehicle_angular_velocity.dir/VehicleAngularVelocity.cpp.o
[831/1139] Building CXX object src/modules/sensors/vehicle_gps_position/CMakeFiles/vehicle_gps_position.dir/VehicleGPSPosition.cpp.o
[832/1139] Building CXX object src/modules/sensors/vehicle_gps_position/CMakeFiles/vehicle_gps_position.dir/gps_blending.cpp.o
[833/1139] Building CXX object src/modules/sensors/vehicle_magnetometer/CMakeFiles/vehicle_magnetometer.dir/VehicleMagnetometer.cpp.o
[834/1139] Building CXX object src/modules/sensors/vehicle_optical_flow/CMakeFiles/vehicle_optical_flow.dir/VehicleOpticalFlow.cpp.o
[835/1139] Building CXX object src/modules/simulation/battery_simulator/CMakeFiles/modules__simulation__battery_simulator.dir/BatterySimulator.cpp.o
[836/1139] Building CXX object src/modules/simulation/gz_bridge/CMakeFiles/modules__simulation__gz_bridge.dir/GZBridge.cpp.o
[837/1139] Building CXX object src/modules/simulation/gz_bridge/CMakeFiles/modules__simulation__gz_bridge.dir/GZMixingInterfaceESC.cpp.o
[838/1139] Building CXX object src/modules/simulation/gz_bridge/CMakeFiles/modules__simulation__gz_bridge.dir/GZMixingInterfaceServo.cpp.o
[839/1139] Building CXX object src/modules/simulation/gz_bridge/CMakeFiles/modules__simulation__gz_bridge.dir/GZMixingInterfaceWheel.cpp.o
[840/1139] Building CXX object src/modules/simulation/gz_bridge/CMakeFiles/modules__simulation__gz_bridge.dir/GZGimbal.cpp.o
[841/1139] Building CXX object src/modules/simulation/pwm_out_sim/CMakeFiles/modules__simulation__pwm_out_sim.dir/PWMSim.cpp.o
[842/1139] Building CXX object src/modules/simulation/sensor_agp_sim/CMakeFiles/modules__simulation__sensor_agp_sim.dir/SensorAgpSim.cpp.o
[843/1139] Building CXX object src/modules/simulation/sensor_airspeed_sim/CMakeFiles/modules__simulation__sensor_airspeed_sim.dir/SensorAirspeedSim.cpp.o
[844/1139] Building CXX object src/modules/simulation/sensor_baro_sim/CMakeFiles/modules__simulation__sensor_baro_sim.dir/SensorBaroSim.cpp.o
[845/1139] Building CXX object src/modules/simulation/sensor_gps_sim/CMakeFiles/modules__simulation__sensor_gps_sim.dir/SensorGpsSim.cpp.o
[846/1139] Building CXX object src/modules/simulation/sensor_mag_sim/CMakeFiles/modules__simulation__senosr_mag_sim.dir/SensorMagSim.cpp.o
[847/1139] Building CXX object src/modules/simulation/simulator_mavlink/CMakeFiles/modules__simulation__simulator_mavlink.dir/SimulatorMavlink.cpp.o
[848/1139] Building CXX object src/modules/simulation/simulator_sih/CMakeFiles/modules__simulation__simulator_sih.dir/sih.cpp.o
[849/1139] Building CXX object src/modules/simulation/system_power_simulator/CMakeFiles/modules__simulation__system_power_simulator.dir/SystemPowerSimulator.cpp.o
[850/1139] Building CXX object src/modules/temperature_compensation/CMakeFiles/modules__temperature_compensation.dir/TemperatureCompensationModule.cpp.o
[851/1139] Building CXX object src/modules/temperature_compensation/CMakeFiles/modules__temperature_compensation.dir/TemperatureCompensation.cpp.o
[852/1139] Building CXX object src/modules/temperature_compensation/CMakeFiles/modules__temperature_compensation.dir/temperature_calibration/accel.cpp.o
[853/1139] Building CXX object src/modules/temperature_compensation/CMakeFiles/modules__temperature_compensation.dir/temperature_calibration/baro.cpp.o
[854/1139] Building CXX object src/modules/temperature_compensation/CMakeFiles/modules__temperature_compensation.dir/temperature_calibration/gyro.cpp.o
[855/1139] Building CXX object src/modules/temperature_compensation/CMakeFiles/modules__temperature_compensation.dir/temperature_calibration/mag.cpp.o
[856/1139] Building CXX object src/modules/temperature_compensation/CMakeFiles/modules__temperature_compensation.dir/temperature_calibration/task.cpp.o
[857/1139] Building CXX object src/modules/uuv_att_control/CMakeFiles/modules__uuv_att_control.dir/uuv_att_control.cpp.o
[858/1139] Building CXX object src/modules/uuv_pos_control/CMakeFiles/modules__uuv_pos_control.dir/uuv_pos_control.cpp.o
[859/1139] Building CXX object src/modules/uxrce_dds_client/CMakeFiles/modules__uxrce_dds_client.dir/uxrce_dds_client.cpp.o
[860/1139] Building CXX object src/modules/uxrce_dds_client/CMakeFiles/modules__uxrce_dds_client.dir/vehicle_command_srv.cpp.o
[861/1139] Building CXX object src/modules/uxrce_dds_client/CMakeFiles/modules__uxrce_dds_client.dir/srv_base.cpp.o
[862/1139] Building CXX object src/modules/vtol_att_control/CMakeFiles/modules__vtol_att_control.dir/vtol_att_control_main.cpp.o
[863/1139] Building CXX object src/modules/vtol_att_control/CMakeFiles/modules__vtol_att_control.dir/tiltrotor.cpp.o
[864/1139] Building CXX object src/modules/vtol_att_control/CMakeFiles/modules__vtol_att_control.dir/vtol_type.cpp.o
[865/1139] Building CXX object src/modules/vtol_att_control/CMakeFiles/modules__vtol_att_control.dir/tailsitter.cpp.o
[866/1139] Building CXX object src/modules/vtol_att_control/CMakeFiles/modules__vtol_att_control.dir/standard.cpp.o
[867/1139] Building CXX object src/systemcmds/actuator_test/CMakeFiles/systemcmds__actuator_test.dir/actuator_test.cpp.o
[868/1139] Building CXX object src/systemcmds/bsondump/CMakeFiles/systemcmds__bsondump.dir/bsondump.cpp.o
[869/1139] Building CXX object src/systemcmds/dyn/CMakeFiles/systemcmds__dyn.dir/dyn.cpp.o
[870/1139] Building CXX object src/systemcmds/failure/CMakeFiles/systemcmds__failure.dir/failure.cpp.o
[871/1139] Building CXX object src/systemcmds/led_control/CMakeFiles/systemcmds__led_control.dir/led_control.cpp.o
[872/1139] Building CXX object src/systemcmds/param/CMakeFiles/systemcmds__param.dir/param.cpp.o
[873/1139] Building CXX object src/systemcmds/perf/CMakeFiles/systemcmds__perf.dir/perf.cpp.o
[874/1139] Building CXX object src/systemcmds/sd_bench/CMakeFiles/systemcmds__sd_bench.dir/sd_bench.cpp.o
[875/1139] Building CXX object src/systemcmds/shutdown/CMakeFiles/systemcmds__shutdown.dir/shutdown.cpp.o
[876/1139] Building CXX object src/systemcmds/system_time/CMakeFiles/systemcmds__system_time.dir/system_time.cpp.o
[877/1139] Building CXX object src/systemcmds/tests/CMakeFiles/systemcmds__tests.dir/test_atomic_bitset.cpp.o
[878/1139] Building CXX object src/systemcmds/tests/CMakeFiles/systemcmds__tests.dir/test_bitset.cpp.o
[879/1139] Building CXX object src/systemcmds/tests/CMakeFiles/systemcmds__tests.dir/test_bson.cpp.o
[880/1139] Building CXX object src/systemcmds/tests/CMakeFiles/systemcmds__tests.dir/test_dataman.cpp.o
[881/1139] Building C object src/systemcmds/tests/CMakeFiles/systemcmds__tests.dir/test_file.c.o
[882/1139] Building C object src/systemcmds/tests/CMakeFiles/systemcmds__tests.dir/test_file2.c.o
[883/1139] Building CXX object src/systemcmds/tests/CMakeFiles/systemcmds__tests.dir/test_float.cpp.o
[884/1139] Building C object src/systemcmds/tests/CMakeFiles/systemcmds__tests.dir/test_hott_telemetry.c.o
[885/1139] Building CXX object src/systemcmds/tests/CMakeFiles/systemcmds__tests.dir/test_hrt.cpp.o
[886/1139] Building CXX object src/systemcmds/tests/CMakeFiles/systemcmds__tests.dir/test_int.cpp.o
[887/1139] Building CXX object src/systemcmds/tests/CMakeFiles/systemcmds__tests.dir/test_i2c_spi_cli.cpp.o
[888/1139] Building CXX object src/systemcmds/tests/CMakeFiles/systemcmds__tests.dir/test_IntrusiveQueue.cpp.o
[889/1139] Building C object src/systemcmds/tests/CMakeFiles/systemcmds__tests.dir/test_led.c.o
[890/1139] Building CXX object src/systemcmds/tests/CMakeFiles/systemcmds__tests.dir/test_List.cpp.o
[891/1139] Building CXX object src/systemcmds/tests/CMakeFiles/systemcmds__tests.dir/test_IntrusiveSortedList.cpp.o
[892/1139] Building CXX object src/systemcmds/tests/CMakeFiles/systemcmds__tests.dir/test_mathlib.cpp.o
[893/1139] Building CXX object src/systemcmds/tests/CMakeFiles/systemcmds__tests.dir/test_matrix.cpp.o
[894/1139] Building C object src/systemcmds/tests/CMakeFiles/systemcmds__tests.dir/test_param.c.o
[895/1139] Building CXX object src/systemcmds/tests/CMakeFiles/systemcmds__tests.dir/test_parameters.cpp.o
[896/1139] Building C object src/systemcmds/tests/CMakeFiles/systemcmds__tests.dir/test_perf.c.o
[897/1139] Building CXX object src/systemcmds/tests/CMakeFiles/systemcmds__tests.dir/test_ppm.cpp.o
[898/1139] Building CXX object src/systemcmds/tests/CMakeFiles/systemcmds__tests.dir/test_rc.cpp.o
[899/1139] Building CXX object src/systemcmds/tests/CMakeFiles/systemcmds__tests.dir/test_search_min.cpp.o
[900/1139] Building C object src/systemcmds/tests/CMakeFiles/systemcmds__tests.dir/test_sleep.c.o
[901/1139] Building C object src/systemcmds/tests/CMakeFiles/systemcmds__tests.dir/test_uart_baudchange.c.o
[902/1139] Building C object src/systemcmds/tests/CMakeFiles/systemcmds__tests.dir/test_uart_console.c.o
[903/1139] Building C object src/systemcmds/tests/CMakeFiles/systemcmds__tests.dir/test_uart_loopback.c.o
[904/1139] Building C object src/systemcmds/tests/CMakeFiles/systemcmds__tests.dir/test_uart_send.c.o
[905/1139] Building CXX object src/systemcmds/tests/CMakeFiles/systemcmds__tests.dir/test_versioning.cpp.o
[906/1139] Building C object src/systemcmds/tests/CMakeFiles/systemcmds__tests.dir/test_cli.c.o
[907/1139] Building C object src/systemcmds/tests/CMakeFiles/systemcmds__tests.dir/tests_main.c.o
[908/1139] Building CXX object src/systemcmds/tests/hrt_test/CMakeFiles/systemcmds__tests__hrt_test.dir/hrt_test_main.cpp.o
[909/1139] Building CXX object src/systemcmds/tests/hrt_test/CMakeFiles/systemcmds__tests__hrt_test.dir/hrt_test_start.cpp.o
[910/1139] Building CXX object src/systemcmds/tests/hrt_test/CMakeFiles/systemcmds__tests__hrt_test.dir/hrt_test.cpp.o
[911/1139] Building CXX object src/systemcmds/topic_listener/CMakeFiles/systemcmds__topic_listener.dir/listener_main.cpp.o
[912/1139] Building CXX object src/systemcmds/tune_control/CMakeFiles/systemcmds__tune_control.dir/tune_control.cpp.o
[913/1139] Building CXX object src/systemcmds/uorb/CMakeFiles/systemcmds__uorb.dir/uorb.cpp.o
[914/1139] Building CXX object src/systemcmds/ver/CMakeFiles/systemcmds__ver.dir/ver.cpp.o
[915/1139] Building CXX object src/systemcmds/work_queue/CMakeFiles/systemcmds__work_queue.dir/work_queue_main.cpp.o
[916/1139] Building CXX object src/examples/fake_gps/CMakeFiles/modules__fake_gps.dir/FakeGps.cpp.o
[917/1139] Building CXX object src/examples/fake_imu/CMakeFiles/modules__fake_imu.dir/FakeImu.cpp.o
[918/1139] Building CXX object src/examples/fake_magnetometer/CMakeFiles/examples__fake_magnetometer.dir/FakeMagnetometer.cpp.o
[919/1139] Building CXX object src/examples/hello/CMakeFiles/examples__hello.dir/hello_main.cpp.o
[920/1139] Building CXX object src/examples/hello/CMakeFiles/examples__hello.dir/hello_start.cpp.o
[921/1139] Building CXX object src/examples/hello/CMakeFiles/examples__hello.dir/hello_example.cpp.o
[922/1139] Building CXX object src/examples/px4_mavlink_debug/CMakeFiles/examples__px4_mavlink_debug.dir/px4_mavlink_debug.cpp.o
[923/1139] Building C object src/examples/px4_simple_app/CMakeFiles/examples__px4_simple_app.dir/px4_simple_app.c.o
[924/1139] Building CXX object src/examples/work_item/CMakeFiles/examples__work_item.dir/WorkItemExample.cpp.o
[925/1139] Building CXX object src/lib/events/CMakeFiles/events.dir/events.cpp.o
[926/1139] Building CXX object src/lib/parameters/CMakeFiles/parameters.dir/parameters.cpp.o
[927/1139] Building CXX object src/lib/parameters/CMakeFiles/parameters.dir/atomic_transaction.cpp.o
[928/1139] Building CXX object src/lib/parameters/CMakeFiles/parameters.dir/autosave.cpp.o
[929/1139] Building CXX object src/lib/parameters/CMakeFiles/parameters.dir/param_translation.cpp.o
[930/1139] Linking CXX static library src/lib/parameters/libparameters.a
[931/1139] Linking CXX static library platforms/common/px4_work_queue/libpx4_work_queue.a
[932/1139] Linking CXX static library platforms/common/libpx4_platform.a
[933/1139] Linking CXX static library platforms/posix/src/px4/common/lockstep_scheduler/liblockstep_scheduler.a
[934/1139] Linking CXX static library platforms/posix/src/px4/common/px4_daemon/libpx4_daemon.a
[935/1139] Linking CXX static library platforms/posix/src/px4/common/libpx4_layer.a
[936/1139] Linking CXX static library src/lib/adsb/libadsb.a
[937/1139] Linking CXX static library src/lib/atmosphere/libatmosphere.a
[938/1139] Linking CXX static library src/lib/airspeed/libairspeed.a
[939/1139] Linking CXX static library src/lib/battery/libbattery.a
[940/1139] Linking CXX static library src/lib/cdev/libcdev.a
[941/1139] Linking CXX static library src/lib/circuit_breaker/libcircuit_breaker.a
[942/1139] Linking CXX static library src/lib/controllib/libcontrollib.a
[943/1139] Linking CXX static library src/lib/conversion/libconversion.a
[944/1139] Linking CXX static library src/lib/dataman_client/libdataman_client.a
[945/1139] Linking CXX static library src/lib/drivers/accelerometer/libdrivers_accelerometer.a
[946/1139] Linking CXX static library src/lib/drivers/gyroscope/libdrivers_gyroscope.a
[947/1139] Linking CXX static library src/lib/drivers/magnetometer/libdrivers_magnetometer.a
[948/1139] Linking CXX static library src/lib/heatshrink/libheatshrink.a
[949/1139] Linking CXX static library src/lib/hysteresis/libhysteresis.a
[950/1139] Linking CXX static library src/lib/mathlib/libmathlib.a
[951/1139] Linking CXX static library src/lib/collision_prevention/libCollisionPrevention.a
[952/1139] Linking CXX static library src/lib/control_allocation/control_allocation/libControlAllocation.a
[953/1139] Linking CXX static library src/lib/control_allocation/actuator_effectiveness/libActuatorEffectiveness.a
[954/1139] Linking CXX static library src/lib/mixer_module/libmixer_module.a
[955/1139] Linking CXX static library src/lib/motion_planning/libmotion_planning.a
[956/1139] Linking CXX static library src/lib/npfg/libnpfg.a
[957/1139] Linking CXX static library src/lib/fw_performance_model/libperformance_model.a
[958/1139] Linking CXX static library src/lib/pid/libPID.a
[959/1139] Linking CXX static library src/lib/pure_pursuit/libpure_pursuit.a
[960/1139] Linking CXX static library src/lib/rate_control/libRateControl.a
[961/1139] Linking CXX static library src/lib/rc/librc.a
[962/1139] Linking CXX static library src/lib/ringbuffer/libringbuffer.a
[963/1139] Linking CXX static library src/lib/rover_control/librover_control.a
[964/1139] Linking CXX static library src/lib/rtl/librtl_time_estimator.a
[965/1139] Linking CXX static library src/lib/sensor_calibration/libsensor_calibration.a
[966/1139] Linking CXX static library src/lib/slew_rate/libSlewRate.a
[967/1139] Linking CXX static library src/lib/sticks/libSticks.a
[968/1139] Linking CXX static library src/lib/stick_yaw/libStickYaw.a
[969/1139] Linking CXX static library src/lib/systemlib/libsystemlib.a
[970/1139] Linking CXX static library src/lib/system_identification/libSystemIdentification.a
[971/1139] Linking CXX static library src/lib/tecs/libtecs.a
[972/1139] Linking CXX static library src/lib/timesync/libtimesync.a
[973/1139] Linking CXX static library src/lib/tunes/libtunes.a
[974/1139] Linking CXX static library src/lib/variable_length_ringbuffer/libvariable_length_ringbuffer.a
[975/1139] Linking CXX static library src/lib/weather_vane/libWeatherVane.a
[976/1139] Linking CXX static library platforms/posix/src/px4/generic/generic/tone_alarm/libarch_tone_alarm.a
[977/1139] Linking CXX static library platforms/common/uORB/libuORB.a
[978/1139] Linking CXX static library src/drivers/osd/msp_osd/MessageDisplay/libmessage_display.a
[979/1139] Linking CXX static library src/modules/commander/Arming/ArmAuthorization/libArmAuthorization.a
[980/1139] Linking CXX static library src/modules/commander/failsafe/libfailsafe.a
[981/1139] Linking CXX static library src/modules/commander/failure_detector/libfailure_detector.a
[982/1139] Linking CXX static library src/modules/commander/HealthAndArmingChecks/libhealth_and_arming_checks.a
[983/1139] Linking CXX static library src/modules/commander/MulticopterThrowLaunch/libMulticopterThrowLaunch.a
[984/1139] Linking CXX static library src/modules/control_allocator/VehicleActuatorEffectiveness/libVehicleActuatorEffectiveness.a
[985/1139] Linking CXX static library src/modules/flight_mode_manager/tasks/FlightTask/libFlightTask.a
[986/1139] Linking CXX static library src/modules/flight_mode_manager/tasks/Utility/libFlightTaskUtility.a
[987/1139] Linking CXX static library src/modules/flight_mode_manager/tasks/Auto/libFlightTaskAuto.a
[988/1139] Linking CXX static library src/modules/flight_mode_manager/tasks/Descend/libFlightTaskDescend.a
[989/1139] Linking CXX static library src/modules/flight_mode_manager/tasks/Failsafe/libFlightTaskFailsafe.a
[990/1139] Linking CXX static library src/modules/flight_mode_manager/tasks/ManualAltitude/libFlightTaskManualAltitude.a
[991/1139] Linking CXX static library src/modules/flight_mode_manager/tasks/ManualAltitudeSmoothVel/libFlightTaskManualAltitudeSmoothVel.a
[992/1139] Linking CXX static library src/modules/flight_mode_manager/tasks/ManualAcceleration/libFlightTaskManualAcceleration.a
[993/1139] Linking CXX static library src/modules/flight_mode_manager/tasks/ManualAccelerationSlow/libFlightTaskManualAccelerationSlow.a
[994/1139] Linking CXX static library src/modules/flight_mode_manager/tasks/ManualPosition/libFlightTaskManualPosition.a
[995/1139] Linking CXX static library src/modules/flight_mode_manager/tasks/Transition/libFlightTaskTransition.a
[996/1139] Linking CXX static library src/modules/flight_mode_manager/tasks/AltitudeCruise/libFlightTaskAltitudeCruise.a
[997/1139] Linking CXX static library src/modules/flight_mode_manager/tasks/AutoFollowTarget/follow_target_estimator/libfollow_target_estimator.a
[998/1139] Linking CXX static library src/modules/flight_mode_manager/tasks/AutoFollowTarget/libFlightTaskAutoFollowTarget.a
[999/1139] Linking CXX static library src/modules/flight_mode_manager/tasks/Orbit/libFlightTaskOrbit.a
[1000/1139] Linking CXX static library src/modules/fw_mode_manager/launchdetection/liblaunchdetection.a
[1001/1139] Linking CXX static library src/modules/fw_mode_manager/runway_takeoff/librunway_takeoff.a
[1002/1139] Linking CXX static library src/modules/fw_mode_manager/figure_eight/libfigure_eight.a
[1003/1139] Linking CXX static library src/modules/mc_att_control/AttitudeControl/libAttitudeControl.a
[1004/1139] Linking CXX static library src/modules/mc_hover_thrust_estimator/libzero_order_hover_thrust_ekf.a
[1005/1139] Linking CXX static library src/modules/mc_pos_control/GotoControl/libGotoControl.a
[1006/1139] Linking CXX static library src/modules/mc_pos_control/PositionControl/libPositionControl.a
[1007/1139] Linking CXX static library src/modules/mc_pos_control/Takeoff/libTakeoff.a
[1008/1139] Linking CXX static library src/modules/navigator/GeofenceBreachAvoidance/libgeofence_breach_avoidance.a
[1009/1139] Linking CXX static library src/modules/rover_ackermann/AckermannActControl/libAckermannActControl.a
[1010/1139] Linking CXX static library src/modules/rover_ackermann/AckermannRateControl/libAckermannRateControl.a
[1011/1139] Linking CXX static library src/modules/rover_ackermann/AckermannAttControl/libAckermannAttControl.a
[1012/1139] Linking CXX static library src/modules/rover_ackermann/AckermannSpeedControl/libAckermannSpeedControl.a
[1013/1139] Linking CXX static library src/modules/rover_ackermann/AckermannPosControl/libAckermannPosControl.a
[1014/1139] Linking CXX static library src/modules/rover_ackermann/AckermannDriveModes/AckermannAutoMode/libAckermannAutoMode.a
[1015/1139] Linking CXX static library src/modules/rover_ackermann/AckermannDriveModes/AckermannManualMode/libAckermannManualMode.a
[1016/1139] Linking CXX static library src/modules/rover_ackermann/AckermannDriveModes/AckermannOffboardMode/libAckermannOffboardMode.a
[1017/1139] Linking CXX static library src/modules/rover_differential/DifferentialActControl/libDifferentialActControl.a
[1018/1139] Linking CXX static library src/modules/rover_differential/DifferentialRateControl/libDifferentialRateControl.a
[1019/1139] Linking CXX static library src/modules/rover_differential/DifferentialAttControl/libDifferentialAttControl.a
[1020/1139] Linking CXX static library src/modules/rover_differential/DifferentialSpeedControl/libDifferentialSpeedControl.a
[1021/1139] Linking CXX static library src/modules/rover_differential/DifferentialPosControl/libDifferentialPosControl.a
[1022/1139] Linking CXX static library src/modules/rover_differential/DifferentialDriveModes/DifferentialAutoMode/libDifferentialAutoMode.a
[1023/1139] Linking CXX static library src/modules/rover_differential/DifferentialDriveModes/DifferentialManualMode/libDifferentialManualMode.a
[1024/1139] Linking CXX static library src/modules/rover_differential/DifferentialDriveModes/DifferentialOffboardMode/libDifferentialOffboardMode.a
[1025/1139] Linking CXX static library src/modules/rover_mecanum/MecanumActControl/libMecanumActControl.a
[1026/1139] Linking CXX static library src/modules/rover_mecanum/MecanumRateControl/libMecanumRateControl.a
[1027/1139] Linking CXX static library src/modules/rover_mecanum/MecanumAttControl/libMecanumAttControl.a
[1028/1139] Linking CXX static library src/modules/rover_mecanum/MecanumSpeedControl/libMecanumSpeedControl.a
[1029/1139] Linking CXX static library src/modules/rover_mecanum/MecanumPosControl/libMecanumPosControl.a
[1030/1139] Linking CXX static library src/modules/rover_mecanum/MecanumDriveModes/MecanumAutoMode/libMecanumAutoMode.a
[1031/1139] Linking CXX static library src/modules/rover_mecanum/MecanumDriveModes/MecanumManualMode/libMecanumManualMode.a
[1032/1139] Linking CXX static library src/modules/rover_mecanum/MecanumDriveModes/MecanumOffboardMode/libMecanumOffboardMode.a
[1033/1139] Linking CXX static library src/modules/sensors/data_validator/libdata_validator.a
[1034/1139] Linking CXX static library src/modules/sensors/vehicle_acceleration/libvehicle_acceleration.a
[1035/1139] Linking CXX static library src/modules/sensors/vehicle_imu/libvehicle_imu.a
[1036/1139] Linking CXX static library src/modules/sensors/vehicle_air_data/libvehicle_air_data.a
[1037/1139] Linking CXX static library src/modules/sensors/vehicle_angular_velocity/libvehicle_angular_velocity.a
[1038/1139] Linking CXX static library src/modules/sensors/vehicle_gps_position/libvehicle_gps_position.a
[1039/1139] Linking CXX static library src/modules/sensors/vehicle_magnetometer/libvehicle_magnetometer.a
[1040/1139] Linking CXX static library src/modules/sensors/vehicle_optical_flow/libvehicle_optical_flow.a
[1041/1139] Linking CXX static library src/lib/events/libevents.a
[1042/1139] Linking CXX static library src/lib/cdev/test/liblib__cdev__test__cdev_test.a
[1043/1139] Linking CXX static library src/lib/controllib/controllib_test/liblib__controllib__controllib_test.a
[1044/1139] Linking CXX static library src/lib/rc/rc_tests/liblib__rc__rc_tests.a
[1045/1139] Linking CXX static library platforms/common/uORB/uORB_tests/libmodules__uORB__uORB_tests.a
[1046/1139] Linking CXX static library platforms/common/px4_work_queue/test/liblib__work_queue__test__wqueue_test.a
[1047/1139] Linking CXX static library src/drivers/camera_trigger/libdrivers__camera_trigger.a
[1048/1139] Linking CXX static library src/drivers/gnss/septentrio/libdriver__septentrio.a
[1049/1139] Linking CXX static library src/drivers/gps/libdrivers__gps.a
[1050/1139] Linking CXX static library src/drivers/osd/msp_osd/libdrivers__osd__msp_osd.a
[1051/1139] Linking CXX static library src/drivers/tone_alarm/libdrivers__tone_alarm.a
[1052/1139] Linking CXX static library src/modules/airship_att_control/libmodules__airship_att_control.a
[1053/1139] Linking CXX static library src/modules/airspeed_selector/libmodules__airspeed_selector.a
[1054/1139] Linking CXX static library src/modules/attitude_estimator_q/libmodules__attitude_estimator_q.a
[1055/1139] Linking CXX static library src/modules/camera_feedback/libmodules__camera_feedback.a
[1056/1139] Linking CXX static library src/modules/commander/libmodules__commander.a
[1057/1139] Linking CXX static library src/modules/control_allocator/libmodules__control_allocator.a
[1058/1139] Linking CXX static library src/modules/dataman/libmodules__dataman.a
[1059/1139] Linking CXX static library src/modules/ekf2/libmodules__ekf2.a
[1060/1139] Linking CXX static library src/modules/events/libmodules__events.a
[1061/1139] Linking CXX static library src/modules/flight_mode_manager/libmodules__flight_mode_manager.a
[1062/1139] Linking CXX static library src/modules/fw_att_control/libmodules__fw_att_control.a
[1063/1139] Linking CXX static library src/modules/fw_autotune_attitude_control/libfw_autotune_attitude_control.a
[1064/1139] Linking CXX static library src/modules/fw_lateral_longitudinal_control/libmodules__fw_lateral_longitudinal_control.a
[1065/1139] Linking CXX static library src/modules/fw_mode_manager/libmodules__fw_mode_manager.a
[1066/1139] Linking CXX static library src/modules/fw_rate_control/libmodules__fw_rate_control.a
[1067/1139] Linking CXX static library src/modules/gimbal/libdrivers__gimbal.a
[1068/1139] Linking CXX static library src/modules/gyro_calibration/libmodules__gyro_calibration.a
[1069/1139] Linking CXX static library src/modules/gyro_fft/libmodules__gyro_fft.a
[1070/1139] Linking CXX static library src/modules/land_detector/libmodules__land_detector.a
[1071/1139] Linking CXX static library src/modules/landing_target_estimator/libmodules__landing_target_estimator.a
[1072/1139] Linking CXX static library src/modules/load_mon/libmodules__load_mon.a
[1073/1139] Linking CXX static library src/modules/local_position_estimator/libmodules__local_position_estimator.a
[1074/1139] Linking CXX static library src/modules/logger/libmodules__logger.a
[1075/1139] Linking CXX static library src/modules/mag_bias_estimator/libmodules__mag_bias_estimator.a
[1076/1139] Linking CXX static library src/modules/manual_control/libmodules__manual_control.a
[1077/1139] Linking CXX static library src/modules/mavlink/libmodules__mavlink.a
[1078/1139] Linking CXX static library src/modules/mc_att_control/libmodules__mc_att_control.a
[1079/1139] Linking CXX static library src/modules/mc_autotune_attitude_control/libmc_autotune_attitude_control.a
[1080/1139] Linking CXX static library src/modules/mc_hover_thrust_estimator/libmodules__mc_hover_thrust_estimator.a
[1081/1139] Linking CXX static library src/modules/mc_pos_control/libmodules__mc_pos_control.a
[1082/1139] Linking CXX static library src/modules/mc_rate_control/libmodules__mc_rate_control.a
[1083/1139] Linking CXX static library src/modules/navigator/MissionFeasibility/libmission_feasibility_checker.a
[1084/1139] Linking CXX static library src/modules/navigator/libmodules__navigator.a
[1085/1139] Linking CXX static library src/modules/payload_deliverer/libmodules__payload_deliverer.a
[1086/1139] Linking CXX static library src/modules/rc_update/libmodules__rc_update.a
[1087/1139] Linking CXX static library src/modules/replay/libmodules__replay.a
[1088/1139] Linking CXX static library src/modules/rover_ackermann/libmodules__rover_ackermann.a
[1089/1139] Linking CXX static library src/modules/rover_differential/libmodules__rover_differential.a
[1090/1139] Linking CXX static library src/modules/rover_mecanum/libmodules__rover_mecanum.a
[1091/1139] Linking CXX static library src/modules/sensors/libmodules__sensors.a
[1092/1139] Linking CXX static library src/modules/simulation/battery_simulator/libmodules__simulation__battery_simulator.a
[1093/1139] Linking CXX static library src/modules/simulation/gz_bridge/libmodules__simulation__gz_bridge.a
[1094/1139] Linking CXX static library src/modules/simulation/pwm_out_sim/libmodules__simulation__pwm_out_sim.a
[1095/1139] Linking CXX static library src/modules/simulation/sensor_agp_sim/libmodules__simulation__sensor_agp_sim.a
[1096/1139] Linking CXX static library src/modules/simulation/sensor_airspeed_sim/libmodules__simulation__sensor_airspeed_sim.a
[1097/1139] Linking CXX static library src/modules/simulation/sensor_baro_sim/libmodules__simulation__sensor_baro_sim.a
[1098/1139] Linking CXX static library src/modules/simulation/sensor_gps_sim/libmodules__simulation__sensor_gps_sim.a
[1099/1139] Linking CXX static library src/modules/simulation/sensor_mag_sim/libmodules__simulation__senosr_mag_sim.a
[1100/1139] Linking CXX static library src/modules/simulation/simulator_mavlink/libmodules__simulation__simulator_mavlink.a
[1101/1139] Linking CXX static library src/modules/simulation/simulator_sih/libmodules__simulation__simulator_sih.a
[1102/1139] Linking CXX static library src/modules/simulation/system_power_simulator/libmodules__simulation__system_power_simulator.a
[1103/1139] Linking CXX static library src/modules/temperature_compensation/libmodules__temperature_compensation.a
[1104/1139] Linking CXX static library src/modules/uuv_att_control/libmodules__uuv_att_control.a
[1105/1139] Linking CXX static library src/modules/uuv_pos_control/libmodules__uuv_pos_control.a
[1106/1139] Linking CXX static library src/modules/uxrce_dds_client/libmodules__uxrce_dds_client.a
[1107/1139] Linking CXX static library src/modules/vtol_att_control/libmodules__vtol_att_control.a
[1108/1139] Linking CXX static library src/systemcmds/actuator_test/libsystemcmds__actuator_test.a
[1109/1139] Linking CXX static library src/systemcmds/bsondump/libsystemcmds__bsondump.a
[1110/1139] Linking CXX static library src/systemcmds/dyn/libsystemcmds__dyn.a
[1111/1139] Linking CXX static library src/systemcmds/failure/libsystemcmds__failure.a
[1112/1139] Linking CXX static library src/systemcmds/led_control/libsystemcmds__led_control.a
[1113/1139] Linking CXX static library src/systemcmds/param/libsystemcmds__param.a
[1114/1139] Linking CXX static library src/systemcmds/perf/libsystemcmds__perf.a
[1115/1139] Linking CXX static library src/systemcmds/sd_bench/libsystemcmds__sd_bench.a
[1116/1139] Linking CXX static library src/systemcmds/shutdown/libsystemcmds__shutdown.a
[1117/1139] Linking CXX static library src/systemcmds/system_time/libsystemcmds__system_time.a
[1118/1139] Linking CXX static library src/systemcmds/tests/libsystemcmds__tests.a
[1119/1139] Linking CXX static library src/systemcmds/tests/hrt_test/libsystemcmds__tests__hrt_test.a
[1120/1139] Linking CXX static library src/systemcmds/topic_listener/libsystemcmds__topic_listener.a
[1121/1139] Linking CXX static library src/systemcmds/tune_control/libsystemcmds__tune_control.a
[1122/1139] Linking CXX static library src/systemcmds/uorb/libsystemcmds__uorb.a
[1123/1139] Linking CXX static library src/systemcmds/ver/libsystemcmds__ver.a
[1124/1139] Linking CXX static library src/systemcmds/work_queue/libsystemcmds__work_queue.a
[1125/1139] Linking CXX static library src/examples/fake_gps/libmodules__fake_gps.a
[1126/1139] Linking CXX static library src/examples/fake_imu/libmodules__fake_imu.a
[1127/1139] Linking CXX static library src/examples/fake_magnetometer/libexamples__fake_magnetometer.a
[1128/1139] Linking CXX static library src/examples/hello/libexamples__hello.a
[1129/1139] Linking CXX static library src/examples/px4_mavlink_debug/libexamples__px4_mavlink_debug.a
[1130/1139] Linking CXX static library src/examples/px4_simple_app/libexamples__px4_simple_app.a
[1131/1139] Linking CXX static library src/examples/work_item/libexamples__work_item.a
[1132/1139] Generating ../romfs_files.tar
[1133/1139] ROMFS: copying, generating airframes
[1134/1139] ROMFS: copying extras
[1135/1139] Building CXX object platforms/posix/CMakeFiles/px4.dir/src/px4/common/main.cpp.o
[1136/1139] Building CXX object platforms/posix/CMakeFiles/px4.dir/apps.cpp.o
[1137/1139] Linking CXX executable bin/px4
[1138/1139] Building CXX object src/examples/dyn_hello/CMakeFiles/examples__dyn_hello.dir/hello.cpp.o
[1139/1139] Linking CXX shared library src/examples/dyn_hello/examples__dyn_hello.px4mod
-- The C compiler identification is GNU 13.3.0
-- Detecting C compiler ABI info
-- Detecting C compiler ABI info - done
-- Check for working C compiler: /usr/bin/cc - skipped
-- Detecting C compile features
-- Detecting C compile features - done
-- The CXX compiler identification is GNU 13.3.0
-- Detecting CXX compiler ABI info
-- Detecting CXX compiler ABI info - done
-- Check for working CXX compiler: /usr/bin/c++ - skipped
-- Detecting CXX compile features
-- Detecting CXX compile features - done
-- Configuring done (0.3s)
-- Generating done (0.0s)
-- Build files have been written to: /tmp/agent-build
[  2%] Creating directories for 'microxrcedds_client'
[  4%] Performing download step (git clone) for 'microxrcedds_client'
Cloning into 'microxrcedds_client'...
HEAD is now at d44dc3f Release v2.4.3
[  7%] Performing update step for 'microxrcedds_client'
[  9%] No patch step for 'microxrcedds_client'
[ 11%] Performing configure step for 'microxrcedds_client'
loading initial cache file /tmp/agent-build/microxrcedds_client/tmp/microxrcedds_client-cache-Release.cmake
-- The C compiler identification is GNU 13.3.0
-- Detecting C compiler ABI info
-- Detecting C compiler ABI info - done
-- Check for working C compiler: /usr/bin/cc - skipped
-- Detecting C compile features
-- Detecting C compile features - done
-- The CXX compiler identification is GNU 13.3.0
-- Detecting CXX compiler ABI info
-- Detecting CXX compiler ABI info - done
-- Check for working CXX compiler: /usr/bin/c++ - skipped
-- Detecting CXX compile features
-- Detecting CXX compile features - done
-- Configuring done (0.3s)
-- Generating done (0.0s)
-- Build files have been written to: /tmp/agent-build/microxrcedds_client/src/microxrcedds_client-build
[ 14%] Performing build step for 'microxrcedds_client'
[  6%] Creating directories for 'microcdr'
[ 12%] Performing download step (git clone) for 'microcdr'
Cloning into 'microcdr'...
HEAD is now at 3d1b177 Release v2.0.1
[ 18%] Performing update step for 'microcdr'
[ 25%] No patch step for 'microcdr'
[ 31%] Performing configure step for 'microcdr'
loading initial cache file /tmp/agent-build/microxrcedds_client/src/microxrcedds_client-build/microcdr/tmp/microcdr-cache-Release.cmake
-- The C compiler identification is GNU 13.3.0
-- Detecting C compiler ABI info
-- Detecting C compiler ABI info - done
-- Check for working C compiler: /usr/bin/cc - skipped
-- Detecting C compile features
-- Detecting C compile features - done
-- The CXX compiler identification is GNU 13.3.0
-- Detecting CXX compiler ABI info
-- Detecting CXX compiler ABI info - done
-- Check for working CXX compiler: /usr/bin/c++ - skipped
-- Detecting CXX compile features
-- Detecting CXX compile features - done
-- Configuring done (0.3s)
-- Generating done (0.0s)
-- Build files have been written to: /tmp/agent-build/microxrcedds_client/src/microxrcedds_client-build/microcdr/src/microcdr-build
[ 37%] Performing build step for 'microcdr'
[ 12%] Creating directories for 'ucdr'
[ 25%] No download step for 'ucdr'
[ 37%] No update step for 'ucdr'
[ 50%] No patch step for 'ucdr'
[ 62%] Performing configure step for 'ucdr'
loading initial cache file /tmp/agent-build/microxrcedds_client/src/microxrcedds_client-build/microcdr/src/microcdr-build/ucdr-prefix/tmp/ucdr-cache-Release.cmake
-- Configuring done (0.0s)
-- Generating done (0.0s)
-- Build files have been written to: /tmp/agent-build/microxrcedds_client/src/microxrcedds_client-build/microcdr/src/microcdr-build
[ 75%] Performing build step for 'ucdr'
[ 16%] Building C object CMakeFiles/microcdr.dir/src/c/common.c.o
[ 33%] Building C object CMakeFiles/microcdr.dir/src/c/types/basic.c.o
[ 50%] Building C object CMakeFiles/microcdr.dir/src/c/types/string.c.o
[ 66%] Building C object CMakeFiles/microcdr.dir/src/c/types/array.c.o
[ 83%] Building C object CMakeFiles/microcdr.dir/src/c/types/sequence.c.o
[100%] Linking C shared library libmicrocdr.so
[100%] Built target microcdr
No install step for 'ucdr'
Completed 'ucdr'
Built target ucdr
[ 43%] Performing install step for 'microcdr'
[100%] Built target microcdr
Install the project...
-- Install configuration: "Release"
-- Installing: /tmp/agent-build/microxrcedds_client/src/microxrcedds_client-build/temp_install/microcdr-2.0.1/lib/libmicrocdr.so.2.0.1
-- Installing: /tmp/agent-build/microxrcedds_client/src/microxrcedds_client-build/temp_install/microcdr-2.0.1/lib/libmicrocdr.so.2.0
-- Installing: /tmp/agent-build/microxrcedds_client/src/microxrcedds_client-build/temp_install/microcdr-2.0.1/lib/libmicrocdr.so
-- Installing: /tmp/agent-build/microxrcedds_client/src/microxrcedds_client-build/temp_install/microcdr-2.0.1/include/ucdr
-- Installing: /tmp/agent-build/microxrcedds_client/src/microxrcedds_client-build/temp_install/microcdr-2.0.1/include/ucdr/visibility.h
-- Installing: /tmp/agent-build/microxrcedds_client/src/microxrcedds_client-build/temp_install/microcdr-2.0.1/include/ucdr/microcdr.h
-- Installing: /tmp/agent-build/microxrcedds_client/src/microxrcedds_client-build/temp_install/microcdr-2.0.1/include/ucdr/config.h
-- Installing: /tmp/agent-build/microxrcedds_client/src/microxrcedds_client-build/temp_install/microcdr-2.0.1/share/microcdr/cmake/microcdrTargets.cmake
-- Installing: /tmp/agent-build/microxrcedds_client/src/microxrcedds_client-build/temp_install/microcdr-2.0.1/share/microcdr/cmake/microcdrTargets-release.cmake
-- Installing: /tmp/agent-build/microxrcedds_client/src/microxrcedds_client-build/temp_install/microcdr-2.0.1/share/microcdr/cmake/microcdrConfig.cmake
-- Installing: /tmp/agent-build/microxrcedds_client/src/microxrcedds_client-build/temp_install/microcdr-2.0.1/share/microcdr/cmake/microcdrConfigVersion.cmake
[ 50%] Completed 'microcdr'
[ 50%] Built target microcdr
[ 56%] Creating directories for 'uclient'
[ 62%] No download step for 'uclient'
[ 68%] No update step for 'uclient'
[ 75%] No patch step for 'uclient'
[ 81%] Performing configure step for 'uclient'
loading initial cache file /tmp/agent-build/microxrcedds_client/src/microxrcedds_client-build/uclient-prefix/tmp/uclient-cache-Release.cmake
-- Performing Test CMAKE_HAVE_LIBC_PTHREAD
-- Performing Test CMAKE_HAVE_LIBC_PTHREAD - Success
-- Found Threads: TRUE  
-- Configuring done (0.1s)
-- Generating done (0.0s)
-- Build files have been written to: /tmp/agent-build/microxrcedds_client/src/microxrcedds_client-build
[ 87%] Performing build step for 'uclient'
[  2%] Building C object CMakeFiles/microxrcedds_client.dir/src/c/core/session/stream/input_best_effort_stream.c.o
[  5%] Building C object CMakeFiles/microxrcedds_client.dir/src/c/core/session/stream/input_reliable_stream.c.o
[  8%] Building C object CMakeFiles/microxrcedds_client.dir/src/c/core/session/stream/output_best_effort_stream.c.o
[ 11%] Building C object CMakeFiles/microxrcedds_client.dir/src/c/core/session/stream/output_reliable_stream.c.o
[ 14%] Building C object CMakeFiles/microxrcedds_client.dir/src/c/core/session/stream/stream_storage.c.o
[ 17%] Building C object CMakeFiles/microxrcedds_client.dir/src/c/core/session/stream/stream_id.c.o
[ 20%] Building C object CMakeFiles/microxrcedds_client.dir/src/c/core/session/stream/seq_num.c.o
[ 23%] Building C object CMakeFiles/microxrcedds_client.dir/src/c/core/session/session.c.o
[ 26%] Building C object CMakeFiles/microxrcedds_client.dir/src/c/core/session/session_info.c.o
[ 29%] Building C object CMakeFiles/microxrcedds_client.dir/src/c/core/session/submessage.c.o
[ 32%] Building C object CMakeFiles/microxrcedds_client.dir/src/c/core/session/object_id.c.o
[ 35%] Building C object CMakeFiles/microxrcedds_client.dir/src/c/core/serialization/xrce_types.c.o
[ 38%] Building C object CMakeFiles/microxrcedds_client.dir/src/c/core/serialization/xrce_header.c.o
[ 41%] Building C object CMakeFiles/microxrcedds_client.dir/src/c/core/serialization/xrce_subheader.c.o
[ 44%] Building C object CMakeFiles/microxrcedds_client.dir/src/c/util/time.c.o
[ 47%] Building C object CMakeFiles/microxrcedds_client.dir/src/c/util/ping.c.o
[ 50%] Building C object CMakeFiles/microxrcedds_client.dir/src/c/core/session/common_create_entities.c.o
[ 52%] Building C object CMakeFiles/microxrcedds_client.dir/src/c/core/session/create_entities_ref.c.o
[ 55%] Building C object CMakeFiles/microxrcedds_client.dir/src/c/core/session/create_entities_xml.c.o
[ 58%] Building C object CMakeFiles/microxrcedds_client.dir/src/c/core/session/create_entities_bin.c.o
[ 61%] Building C object CMakeFiles/microxrcedds_client.dir/src/c/core/session/read_access.c.o
[ 64%] Building C object CMakeFiles/microxrcedds_client.dir/src/c/core/session/write_access.c.o
[ 67%] Building C object CMakeFiles/microxrcedds_client.dir/src/c/profile/transport/stream_framing/stream_framing_protocol.c.o
[ 70%] Building C object CMakeFiles/microxrcedds_client.dir/src/c/profile/transport/ip/udp/udp_transport.c.o
[ 73%] Building C object CMakeFiles/microxrcedds_client.dir/src/c/profile/transport/ip/udp/udp_transport_posix.c.o
[ 76%] Building C object CMakeFiles/microxrcedds_client.dir/src/c/profile/transport/ip/tcp/tcp_transport.c.o
[ 79%] Building C object CMakeFiles/microxrcedds_client.dir/src/c/profile/transport/ip/tcp/tcp_transport_posix.c.o
[ 82%] Building C object CMakeFiles/microxrcedds_client.dir/src/c/profile/transport/serial/serial_transport.c.o
[ 85%] Building C object CMakeFiles/microxrcedds_client.dir/src/c/profile/transport/serial/serial_transport_posix.c.o
[ 88%] Building C object CMakeFiles/microxrcedds_client.dir/src/c/profile/transport/ip/ip_posix.c.o
[ 91%] Building C object CMakeFiles/microxrcedds_client.dir/src/c/profile/discovery/discovery.c.o
[ 94%] Building C object CMakeFiles/microxrcedds_client.dir/src/c/profile/discovery/transport/udp_transport_datagram_posix.c.o
[ 97%] Building C object CMakeFiles/microxrcedds_client.dir/src/c/profile/transport/custom/custom_transport.c.o
[100%] Linking C shared library libmicroxrcedds_client.so
[100%] Built target microxrcedds_client
No install step for 'uclient'
Completed 'uclient'
Built target uclient
[ 16%] Performing install step for 'microxrcedds_client'
[100%] Built target microxrcedds_client
Install the project...
-- Install configuration: "Release"
-- Installing: /tmp/agent-build/temp_install/microxrcedds_client-2.4.3/lib/libmicroxrcedds_client.so.2.4.3
-- Installing: /tmp/agent-build/temp_install/microxrcedds_client-2.4.3/lib/libmicroxrcedds_client.so.2.4
-- Set non-toolchain portion of runtime path of "/tmp/agent-build/temp_install/microxrcedds_client-2.4.3/lib/libmicroxrcedds_client.so.2.4.3" to ""
-- Installing: /tmp/agent-build/temp_install/microxrcedds_client-2.4.3/lib/libmicroxrcedds_client.so
-- Installing: /tmp/agent-build/temp_install/microxrcedds_client-2.4.3/include/uxr/client
-- Installing: /tmp/agent-build/temp_install/microxrcedds_client-2.4.3/include/uxr/client/util
-- Installing: /tmp/agent-build/temp_install/microxrcedds_client-2.4.3/include/uxr/client/util/ping.h
-- Installing: /tmp/agent-build/temp_install/microxrcedds_client-2.4.3/include/uxr/client/util/time.h
-- Installing: /tmp/agent-build/temp_install/microxrcedds_client-2.4.3/include/uxr/client/client.h
-- Installing: /tmp/agent-build/temp_install/microxrcedds_client-2.4.3/include/uxr/client/defines.h
-- Installing: /tmp/agent-build/temp_install/microxrcedds_client-2.4.3/include/uxr/client/visibility.h
-- Installing: /tmp/agent-build/temp_install/microxrcedds_client-2.4.3/include/uxr/client/transport.h
-- Installing: /tmp/agent-build/temp_install/microxrcedds_client-2.4.3/include/uxr/client/profile
-- Installing: /tmp/agent-build/temp_install/microxrcedds_client-2.4.3/include/uxr/client/profile/multithread
-- Installing: /tmp/agent-build/temp_install/microxrcedds_client-2.4.3/include/uxr/client/profile/multithread/multithread.h
-- Installing: /tmp/agent-build/temp_install/microxrcedds_client-2.4.3/include/uxr/client/profile/discovery
-- Installing: /tmp/agent-build/temp_install/microxrcedds_client-2.4.3/include/uxr/client/profile/discovery/discovery.h
-- Installing: /tmp/agent-build/temp_install/microxrcedds_client-2.4.3/include/uxr/client/profile/transport
-- Installing: /tmp/agent-build/temp_install/microxrcedds_client-2.4.3/include/uxr/client/profile/transport/serial
-- Installing: /tmp/agent-build/temp_install/microxrcedds_client-2.4.3/include/uxr/client/profile/transport/serial/serial_transport_posix.h
-- Installing: /tmp/agent-build/temp_install/microxrcedds_client-2.4.3/include/uxr/client/profile/transport/serial/serial_transport_rtems_bsd_net.h
-- Installing: /tmp/agent-build/temp_install/microxrcedds_client-2.4.3/include/uxr/client/profile/transport/serial/serial_transport.h
-- Installing: /tmp/agent-build/temp_install/microxrcedds_client-2.4.3/include/uxr/client/profile/transport/serial/serial_transport_platform.h
-- Installing: /tmp/agent-build/temp_install/microxrcedds_client-2.4.3/include/uxr/client/profile/transport/custom
-- Installing: /tmp/agent-build/temp_install/microxrcedds_client-2.4.3/include/uxr/client/profile/transport/custom/custom_transport.h
-- Installing: /tmp/agent-build/temp_install/microxrcedds_client-2.4.3/include/uxr/client/profile/transport/stream_framing
-- Installing: /tmp/agent-build/temp_install/microxrcedds_client-2.4.3/include/uxr/client/profile/transport/stream_framing/stream_framing_protocol.h
-- Installing: /tmp/agent-build/temp_install/microxrcedds_client-2.4.3/include/uxr/client/profile/transport/ip
-- Installing: /tmp/agent-build/temp_install/microxrcedds_client-2.4.3/include/uxr/client/profile/transport/ip/ip.h
-- Installing: /tmp/agent-build/temp_install/microxrcedds_client-2.4.3/include/uxr/client/profile/transport/ip/udp
-- Installing: /tmp/agent-build/temp_install/microxrcedds_client-2.4.3/include/uxr/client/profile/transport/ip/udp/udp_transport_posix.h
-- Installing: /tmp/agent-build/temp_install/microxrcedds_client-2.4.3/include/uxr/client/profile/transport/ip/udp/udp_transport_windows.h
-- Installing: /tmp/agent-build/temp_install/microxrcedds_client-2.4.3/include/uxr/client/profile/transport/ip/udp/udp_transport.h
-- Installing: /tmp/agent-build/temp_install/microxrcedds_client-2.4.3/include/uxr/client/profile/transport/ip/udp/udp_transport_rtems_bsd_net.h
-- Installing: /tmp/agent-build/temp_install/microxrcedds_client-2.4.3/include/uxr/client/profile/transport/ip/udp/udp_transport_freertos_plus_tcp.h
-- Installing: /tmp/agent-build/temp_install/microxrcedds_client-2.4.3/include/uxr/client/profile/transport/ip/udp/udp_transport_posix_nopoll.h
-- Installing: /tmp/agent-build/temp_install/microxrcedds_client-2.4.3/include/uxr/client/profile/transport/ip/tcp
-- Installing: /tmp/agent-build/temp_install/microxrcedds_client-2.4.3/include/uxr/client/profile/transport/ip/tcp/tcp_transport_posix.h
-- Installing: /tmp/agent-build/temp_install/microxrcedds_client-2.4.3/include/uxr/client/profile/transport/ip/tcp/tcp_transport_freertos_plus_tcp.h
-- Installing: /tmp/agent-build/temp_install/microxrcedds_client-2.4.3/include/uxr/client/profile/transport/ip/tcp/tcp_transport_windows.h
-- Installing: /tmp/agent-build/temp_install/microxrcedds_client-2.4.3/include/uxr/client/profile/transport/ip/tcp/tcp_transport_posix_nopoll.h
-- Installing: /tmp/agent-build/temp_install/microxrcedds_client-2.4.3/include/uxr/client/profile/transport/ip/tcp/tcp_transport.h
-- Installing: /tmp/agent-build/temp_install/microxrcedds_client-2.4.3/include/uxr/client/profile/transport/ip/tcp/tcp_transport_rtems_bsd_net.h
-- Installing: /tmp/agent-build/temp_install/microxrcedds_client-2.4.3/include/uxr/client/profile/transport/can
-- Installing: /tmp/agent-build/temp_install/microxrcedds_client-2.4.3/include/uxr/client/profile/transport/can/can_transport_posix.h
-- Installing: /tmp/agent-build/temp_install/microxrcedds_client-2.4.3/include/uxr/client/profile/transport/can/can_transport.h
-- Installing: /tmp/agent-build/temp_install/microxrcedds_client-2.4.3/include/uxr/client/core
-- Installing: /tmp/agent-build/temp_install/microxrcedds_client-2.4.3/include/uxr/client/core/communication
-- Installing: /tmp/agent-build/temp_install/microxrcedds_client-2.4.3/include/uxr/client/core/communication/communication.h
-- Installing: /tmp/agent-build/temp_install/microxrcedds_client-2.4.3/include/uxr/client/core/session
-- Installing: /tmp/agent-build/temp_install/microxrcedds_client-2.4.3/include/uxr/client/core/session/session.h
-- Installing: /tmp/agent-build/temp_install/microxrcedds_client-2.4.3/include/uxr/client/core/session/time_sync.h
-- Installing: /tmp/agent-build/temp_install/microxrcedds_client-2.4.3/include/uxr/client/core/session/common_create_entities.h
-- Installing: /tmp/agent-build/temp_install/microxrcedds_client-2.4.3/include/uxr/client/core/session/stream
-- Installing: /tmp/agent-build/temp_install/microxrcedds_client-2.4.3/include/uxr/client/core/session/stream/reliable_stream.h
-- Installing: /tmp/agent-build/temp_install/microxrcedds_client-2.4.3/include/uxr/client/core/session/stream/stream_storage.h
-- Installing: /tmp/agent-build/temp_install/microxrcedds_client-2.4.3/include/uxr/client/core/session/stream/output_best_effort_stream.h
-- Installing: /tmp/agent-build/temp_install/microxrcedds_client-2.4.3/include/uxr/client/core/session/stream/stream_id.h
-- Installing: /tmp/agent-build/temp_install/microxrcedds_client-2.4.3/include/uxr/client/core/session/stream/input_reliable_stream.h
-- Installing: /tmp/agent-build/temp_install/microxrcedds_client-2.4.3/include/uxr/client/core/session/stream/input_best_effort_stream.h
-- Installing: /tmp/agent-build/temp_install/microxrcedds_client-2.4.3/include/uxr/client/core/session/stream/output_reliable_stream.h
-- Installing: /tmp/agent-build/temp_install/microxrcedds_client-2.4.3/include/uxr/client/core/session/stream/seq_num.h
-- Installing: /tmp/agent-build/temp_install/microxrcedds_client-2.4.3/include/uxr/client/core/session/create_entities_xml.h
-- Installing: /tmp/agent-build/temp_install/microxrcedds_client-2.4.3/include/uxr/client/core/session/create_entities_bin.h
-- Installing: /tmp/agent-build/temp_install/microxrcedds_client-2.4.3/include/uxr/client/core/session/write_access.h
-- Installing: /tmp/agent-build/temp_install/microxrcedds_client-2.4.3/include/uxr/client/core/session/session_info.h
-- Installing: /tmp/agent-build/temp_install/microxrcedds_client-2.4.3/include/uxr/client/core/session/object_id.h
-- Installing: /tmp/agent-build/temp_install/microxrcedds_client-2.4.3/include/uxr/client/core/session/create_entities_ref.h
-- Installing: /tmp/agent-build/temp_install/microxrcedds_client-2.4.3/include/uxr/client/core/session/read_access.h
-- Installing: /tmp/agent-build/temp_install/microxrcedds_client-2.4.3/include/uxr/client/core/type
-- Installing: /tmp/agent-build/temp_install/microxrcedds_client-2.4.3/include/uxr/client/core/type/xrce_types.h
-- Installing: /tmp/agent-build/temp_install/microxrcedds_client-2.4.3/include/uxr/client/config.h
-- Installing: /tmp/agent-build/temp_install/microxrcedds_client-2.4.3/share/microxrcedds_client/cmake/microxrcedds_clientTargets.cmake
-- Installing: /tmp/agent-build/temp_install/microxrcedds_client-2.4.3/share/microxrcedds_client/cmake/microxrcedds_clientTargets-release.cmake
-- Installing: /tmp/agent-build/temp_install/microxrcedds_client-2.4.3/share/microxrcedds_client/cmake/microxrcedds_clientConfig.cmake
-- Installing: /tmp/agent-build/temp_install/microxrcedds_client-2.4.3/share/microxrcedds_client/cmake/microxrcedds_clientConfigVersion.cmake
-- Installing: /tmp/agent-build/temp_install/microxrcedds_client-2.4.3/..//microcdr-2.0.1
-- Installing: /tmp/agent-build/temp_install/microxrcedds_client-2.4.3/..//microcdr-2.0.1/share
-- Installing: /tmp/agent-build/temp_install/microxrcedds_client-2.4.3/..//microcdr-2.0.1/share/microcdr
-- Installing: /tmp/agent-build/temp_install/microxrcedds_client-2.4.3/..//microcdr-2.0.1/share/microcdr/cmake
-- Installing: /tmp/agent-build/temp_install/microxrcedds_client-2.4.3/..//microcdr-2.0.1/share/microcdr/cmake/microcdrConfigVersion.cmake
-- Installing: /tmp/agent-build/temp_install/microxrcedds_client-2.4.3/..//microcdr-2.0.1/share/microcdr/cmake/microcdrTargets.cmake
-- Installing: /tmp/agent-build/temp_install/microxrcedds_client-2.4.3/..//microcdr-2.0.1/share/microcdr/cmake/microcdrConfig.cmake
-- Installing: /tmp/agent-build/temp_install/microxrcedds_client-2.4.3/..//microcdr-2.0.1/share/microcdr/cmake/microcdrTargets-release.cmake
-- Installing: /tmp/agent-build/temp_install/microxrcedds_client-2.4.3/..//microcdr-2.0.1/lib
-- Installing: /tmp/agent-build/temp_install/microxrcedds_client-2.4.3/..//microcdr-2.0.1/lib/libmicrocdr.so
-- Installing: /tmp/agent-build/temp_install/microxrcedds_client-2.4.3/..//microcdr-2.0.1/lib/libmicrocdr.so.2.0
-- Installing: /tmp/agent-build/temp_install/microxrcedds_client-2.4.3/..//microcdr-2.0.1/lib/libmicrocdr.so.2.0.1
-- Installing: /tmp/agent-build/temp_install/microxrcedds_client-2.4.3/..//microcdr-2.0.1/include
-- Installing: /tmp/agent-build/temp_install/microxrcedds_client-2.4.3/..//microcdr-2.0.1/include/ucdr
-- Installing: /tmp/agent-build/temp_install/microxrcedds_client-2.4.3/..//microcdr-2.0.1/include/ucdr/config.h
-- Installing: /tmp/agent-build/temp_install/microxrcedds_client-2.4.3/..//microcdr-2.0.1/include/ucdr/visibility.h
-- Installing: /tmp/agent-build/temp_install/microxrcedds_client-2.4.3/..//microcdr-2.0.1/include/ucdr/microcdr.h
[ 19%] Completed 'microxrcedds_client'
[ 19%] Built target microxrcedds_client
[ 21%] Creating directories for 'fastcdr'
[ 23%] Performing download step (git clone) for 'fastcdr'
Cloning into 'fastcdr'...
Switched to a new branch '2.2.x'
branch '2.2.x' set up to track 'origin/2.2.x'.
[ 26%] Performing update step for 'fastcdr'
[ 28%] No patch step for 'fastcdr'
[ 30%] Performing configure step for 'fastcdr'
loading initial cache file /tmp/agent-build/fastcdr/tmp/fastcdr-cache-Release.cmake
-- Tests not compiled by default
-- The CXX compiler identification is GNU 13.3.0
-- Detecting CXX compiler ABI info
-- Detecting CXX compiler ABI info - done
-- Check for working CXX compiler: /usr/bin/c++ - skipped
-- Detecting CXX compile features
-- Detecting CXX compile features - done
-- Configuring Fast CDR
-- Version: 2.2.8
-- Performing Test SUPPORTS_NOTFOUND
-- Performing Test SUPPORTS_NOTFOUND - Success
-- Enforced cxx_std_11 CMake feature
-- Looking for C++ include sys/types.h
-- Looking for C++ include sys/types.h - found
-- Looking for C++ include stdint.h
-- Looking for C++ include stdint.h - found
-- Looking for C++ include stddef.h
-- Looking for C++ include stddef.h - found
-- Check size of long double
-- Check size of long double - done
-- Check size of __float128
-- Check size of __float128 - done
-- The C compiler identification is GNU 13.3.0
-- Detecting C compiler ABI info
-- Detecting C compiler ABI info - done
-- Check for working C compiler: /usr/bin/cc - skipped
-- Detecting C compile features
-- Detecting C compile features - done
-- Configuring done (0.6s)
-- Generating done (0.0s)
-- Build files have been written to: /tmp/agent-build/fastcdr/src/fastcdr-build
[ 33%] Performing build step for 'fastcdr'
[ 10%] Building CXX object src/cpp/CMakeFiles/fastcdr.dir/Cdr.cpp.o
[ 20%] Building CXX object src/cpp/CMakeFiles/fastcdr.dir/CdrSizeCalculator.cpp.o
[ 30%] Building CXX object src/cpp/CMakeFiles/fastcdr.dir/FastCdr.cpp.o
[ 40%] Building CXX object src/cpp/CMakeFiles/fastcdr.dir/FastBuffer.cpp.o
[ 50%] Building CXX object src/cpp/CMakeFiles/fastcdr.dir/exceptions/BadOptionalAccessException.cpp.o
[ 60%] Building CXX object src/cpp/CMakeFiles/fastcdr.dir/exceptions/BadParamException.cpp.o
[ 70%] Building CXX object src/cpp/CMakeFiles/fastcdr.dir/exceptions/Exception.cpp.o
[ 80%] Building CXX object src/cpp/CMakeFiles/fastcdr.dir/exceptions/LockedExternalAccessException.cpp.o
[ 90%] Building CXX object src/cpp/CMakeFiles/fastcdr.dir/exceptions/NotEnoughMemoryException.cpp.o
[100%] Linking CXX shared library libfastcdr.so
[100%] Built target fastcdr
[ 35%] Performing install step for 'fastcdr'
[100%] Built target fastcdr
Install the project...
-- Install configuration: "Release"
-- Installing: /tmp/agent-build/temp_install/fastcdr-2.2.0/include/fastcdr
-- Installing: /tmp/agent-build/temp_install/fastcdr-2.2.0/include/fastcdr/fastcdr_dll.h
-- Installing: /tmp/agent-build/temp_install/fastcdr-2.2.0/include/fastcdr/eProsima_auto_link.h
-- Installing: /tmp/agent-build/temp_install/fastcdr-2.2.0/include/fastcdr/Cdr.h
-- Installing: /tmp/agent-build/temp_install/fastcdr-2.2.0/include/fastcdr/FastBuffer.h
-- Installing: /tmp/agent-build/temp_install/fastcdr-2.2.0/include/fastcdr/cdr
-- Installing: /tmp/agent-build/temp_install/fastcdr-2.2.0/include/fastcdr/cdr/fixed_size_string.hpp
-- Installing: /tmp/agent-build/temp_install/fastcdr-2.2.0/include/fastcdr/config
-- Installing: /tmp/agent-build/temp_install/fastcdr-2.2.0/include/fastcdr/config/doxygen_modules.h
-- Installing: /tmp/agent-build/temp_install/fastcdr-2.2.0/include/fastcdr/FastCdr.h
-- Installing: /tmp/agent-build/temp_install/fastcdr-2.2.0/include/fastcdr/xcdr
-- Installing: /tmp/agent-build/temp_install/fastcdr-2.2.0/include/fastcdr/xcdr/optional.hpp
-- Installing: /tmp/agent-build/temp_install/fastcdr-2.2.0/include/fastcdr/xcdr/external.hpp
-- Installing: /tmp/agent-build/temp_install/fastcdr-2.2.0/include/fastcdr/xcdr/detail
-- Installing: /tmp/agent-build/temp_install/fastcdr-2.2.0/include/fastcdr/xcdr/detail/optional.hpp
-- Installing: /tmp/agent-build/temp_install/fastcdr-2.2.0/include/fastcdr/xcdr/MemberId.hpp
-- Installing: /tmp/agent-build/temp_install/fastcdr-2.2.0/include/fastcdr/CdrEncoding.hpp
-- Installing: /tmp/agent-build/temp_install/fastcdr-2.2.0/include/fastcdr/detail
-- Installing: /tmp/agent-build/temp_install/fastcdr-2.2.0/include/fastcdr/detail/container_recursive_inspector.hpp
-- Installing: /tmp/agent-build/temp_install/fastcdr-2.2.0/include/fastcdr/CdrSizeCalculator.hpp
-- Installing: /tmp/agent-build/temp_install/fastcdr-2.2.0/include/fastcdr/exceptions
-- Installing: /tmp/agent-build/temp_install/fastcdr-2.2.0/include/fastcdr/exceptions/BadOptionalAccessException.hpp
-- Installing: /tmp/agent-build/temp_install/fastcdr-2.2.0/include/fastcdr/exceptions/NotEnoughMemoryException.h
-- Installing: /tmp/agent-build/temp_install/fastcdr-2.2.0/include/fastcdr/exceptions/BadParamException.h
-- Installing: /tmp/agent-build/temp_install/fastcdr-2.2.0/include/fastcdr/exceptions/Exception.h
-- Installing: /tmp/agent-build/temp_install/fastcdr-2.2.0/include/fastcdr/exceptions/LockedExternalAccessException.hpp
-- Installing: /tmp/agent-build/temp_install/fastcdr-2.2.0/include/fastcdr/config.h
-- Installing: /tmp/agent-build/temp_install/fastcdr-2.2.0/lib/libfastcdr.so.2.2.8
-- Installing: /tmp/agent-build/temp_install/fastcdr-2.2.0/lib/libfastcdr.so
-- Installing: /tmp/agent-build/temp_install/fastcdr-2.2.0/lib/cmake/fastcdr/fastcdr-shared-targets.cmake
-- Installing: /tmp/agent-build/temp_install/fastcdr-2.2.0/lib/cmake/fastcdr/fastcdr-shared-targets-release.cmake
-- Installing: /tmp/agent-build/temp_install/fastcdr-2.2.0/lib/cmake/fastcdr/fastcdr-config.cmake
-- Installing: /tmp/agent-build/temp_install/fastcdr-2.2.0/lib/cmake/fastcdr/fastcdr-config-version.cmake
-- Installing: /tmp/agent-build/temp_install/fastcdr-2.2.0/share/fastcdr/LICENSE
[ 38%] Performing test step for 'fastcdr'
[ 40%] Completed 'fastcdr'
[ 40%] Built target fastcdr
[ 42%] Creating directories for 'fastdds'
[ 45%] Performing download step (git clone) for 'fastdds'
Cloning into 'fastdds'...
Switched to a new branch '2.14.x'
branch '2.14.x' set up to track 'origin/2.14.x'.
Submodule 'thirdparty/android-ifaddrs' (https://github.com/michalsrb/android-ifaddrs.git) registered for path 'thirdparty/android-ifaddrs'
Submodule 'thirdparty/asio' (https://github.com/chriskohlhoff/asio.git) registered for path 'thirdparty/asio'
Submodule 'thirdparty/fastcdr' (https://github.com/eProsima/Fast-CDR.git) registered for path 'thirdparty/fastcdr'
Submodule 'thirdparty/tinyxml2' (https://github.com/leethomason/tinyxml2.git) registered for path 'thirdparty/tinyxml2'
Cloning into '/tmp/agent-build/fastdds/src/fastdds/thirdparty/android-ifaddrs'...
Cloning into '/tmp/agent-build/fastdds/src/fastdds/thirdparty/asio'...
Cloning into '/tmp/agent-build/fastdds/src/fastdds/thirdparty/fastcdr'...
Cloning into '/tmp/agent-build/fastdds/src/fastdds/thirdparty/tinyxml2'...
Submodule path 'thirdparty/android-ifaddrs': checked out '7b1ce82817226e481d3cda0a5d06b66ebcc211f8'
Submodule path 'thirdparty/asio': checked out 'ed6aa8a13d51dfc6c00ae453fc9fb7df5d6ea963'
Submodule path 'thirdparty/fastcdr': checked out '1bc9c919311ffce555b445560bf7ae062a4e1c72'
Submodule path 'thirdparty/tinyxml2': checked out '8c8293ba8969a46947606a93ff0cb5a083aab47a'
[ 47%] Performing update step for 'fastdds'
[ 50%] No patch step for 'fastdds'
[ 52%] Performing configure step for 'fastdds'
loading initial cache file /tmp/agent-build/fastdds/tmp/fastdds-cache-Release.cmake
-- The C compiler identification is GNU 13.3.0
-- The CXX compiler identification is GNU 13.3.0
-- Detecting C compiler ABI info
-- Detecting C compiler ABI info - done
-- Check for working C compiler: /usr/bin/cc - skipped
-- Detecting C compile features
-- Detecting C compile features - done
-- Detecting CXX compiler ABI info
-- Detecting CXX compiler ABI info - done
-- Check for working CXX compiler: /usr/bin/c++ - skipped
-- Detecting CXX compile features
-- Detecting CXX compile features - done
-- Version: 2.14.7
-- Performing Test SUPPORTS_NOTFOUND
-- Performing Test SUPPORTS_NOTFOUND - Success
-- Enforced cxx_std_11 CMake feature
-- Found fastcdr
-- Cannot find package Asio
-- Updating submodule thirdparty/asio
-- Found Asio: /tmp/agent-build/fastdds/src/fastdds/thirdparty/asio/asio/include  
-- Found Asio 1.34.2: /tmp/agent-build/fastdds/src/fastdds/thirdparty/asio/asio/include
-- Updating submodule thirdparty/tinyxml2
-- Found TinyXML2: /tmp/agent-build/fastdds/src/fastdds/thirdparty/tinyxml2  
-- Found foonathan_memory: /opt/ros/jazzy/lib/foonathan_memory/cmake
-- Looking for pthread.h
-- Looking for pthread.h - found
-- Looking for pthread_kill
-- Looking for pthread_kill - not found
-- Looking for pthread_create in pthreads
-- Looking for pthread_create in pthreads - not found
-- Looking for pthread_create in pthread
-- Looking for pthread_create in pthread - found
-- Found Threads: TRUE  
-- Thirdparty/boost compiled OK
-- Found OpenSSL: /usr/lib/x86_64-linux-gnu/libcrypto.so (found version "3.0.13")  
-- OpenSSL library 3.0.13 found...
-- Not using a GNU compiler on Windows.
-- Performing Test ATOMIC_WITHOUT_LIB
-- Performing Test ATOMIC_WITHOUT_LIB - Success
-- Forcing third party shared_mutex
-- Performing Test HAS_VERSION_SCRIPT_SUPPORT
-- Performing Test HAS_VERSION_SCRIPT_SUPPORT - Failed
-- Enforced cxx_std_14 CMake feature
-- EPROSIMA_TEST_DNS_NOT_SET_UP: '0'
-- Configuring done (1.7s)
-- Generating done (0.0s)
-- Build files have been written to: /tmp/agent-build/fastdds/src/fastdds-build
[ 54%] Performing build step for 'fastdds'
[  0%] Building CXX object src/cpp/CMakeFiles/fastrtps.dir/fastdds/topic/DDSSQLFilter/DDSFilterCompoundCondition.cpp.o
[  0%] Building CXX object src/cpp/CMakeFiles/fastrtps.dir/fastdds/topic/DDSSQLFilter/DDSFilterExpression.cpp.o
[  1%] Building CXX object src/cpp/CMakeFiles/fastrtps.dir/fastdds/topic/DDSSQLFilter/DDSFilterExpressionParser.cpp.o
[  1%] Building CXX object src/cpp/CMakeFiles/fastrtps.dir/fastdds/topic/DDSSQLFilter/DDSFilterFactory.cpp.o
[  2%] Building CXX object src/cpp/CMakeFiles/fastrtps.dir/fastdds/topic/DDSSQLFilter/DDSFilterField.cpp.o
[  2%] Building CXX object src/cpp/CMakeFiles/fastrtps.dir/fastdds/topic/DDSSQLFilter/DDSFilterParameter.cpp.o
[  2%] Building CXX object src/cpp/CMakeFiles/fastrtps.dir/fastdds/topic/DDSSQLFilter/DDSFilterPredicate.cpp.o
[  3%] Building CXX object src/cpp/CMakeFiles/fastrtps.dir/fastdds/topic/DDSSQLFilter/DDSFilterValue.cpp.o
[  3%] Building CXX object src/cpp/CMakeFiles/fastrtps.dir/fastdds/log/Log.cpp.o
[  4%] Building CXX object src/cpp/CMakeFiles/fastrtps.dir/fastdds/log/OStreamConsumer.cpp.o
[  4%] Building CXX object src/cpp/CMakeFiles/fastrtps.dir/fastdds/log/StdoutErrConsumer.cpp.o
[  4%] Building CXX object src/cpp/CMakeFiles/fastrtps.dir/fastdds/log/StdoutConsumer.cpp.o
[  5%] Building CXX object src/cpp/CMakeFiles/fastrtps.dir/fastdds/log/FileConsumer.cpp.o
[  5%] Building CXX object src/cpp/CMakeFiles/fastrtps.dir/rtps/common/GuidPrefix_t.cpp.o
[  6%] Building CXX object src/cpp/CMakeFiles/fastrtps.dir/rtps/common/LocatorWithMask.cpp.o
[  6%] Building CXX object src/cpp/CMakeFiles/fastrtps.dir/rtps/common/Time_t.cpp.o
[  6%] Building CXX object src/cpp/CMakeFiles/fastrtps.dir/rtps/resources/ResourceEvent.cpp.o
[  7%] Building CXX object src/cpp/CMakeFiles/fastrtps.dir/rtps/resources/TimedEvent.cpp.o
[  7%] Building CXX object src/cpp/CMakeFiles/fastrtps.dir/rtps/resources/TimedEventImpl.cpp.o
[  8%] Building CXX object src/cpp/CMakeFiles/fastrtps.dir/rtps/writer/LivelinessManager.cpp.o
[  8%] Building CXX object src/cpp/CMakeFiles/fastrtps.dir/rtps/writer/LocatorSelectorSender.cpp.o
[  8%] Building CXX object src/cpp/CMakeFiles/fastrtps.dir/rtps/writer/RTPSWriter.cpp.o
[  9%] Building CXX object src/cpp/CMakeFiles/fastrtps.dir/rtps/writer/StatefulWriter.cpp.o
[  9%] Building CXX object src/cpp/CMakeFiles/fastrtps.dir/rtps/writer/ReaderProxy.cpp.o
[ 10%] Building CXX object src/cpp/CMakeFiles/fastrtps.dir/rtps/writer/StatelessWriter.cpp.o
[ 10%] Building CXX object src/cpp/CMakeFiles/fastrtps.dir/rtps/writer/ReaderLocator.cpp.o
[ 10%] Building CXX object src/cpp/CMakeFiles/fastrtps.dir/rtps/history/CacheChangePool.cpp.o
[ 11%] Building CXX object src/cpp/CMakeFiles/fastrtps.dir/rtps/history/History.cpp.o
[ 11%] Building CXX object src/cpp/CMakeFiles/fastrtps.dir/rtps/history/WriterHistory.cpp.o
[ 12%] Building CXX object src/cpp/CMakeFiles/fastrtps.dir/rtps/history/ReaderHistory.cpp.o
[ 12%] Building CXX object src/cpp/CMakeFiles/fastrtps.dir/rtps/history/TopicPayloadPool.cpp.o
[ 13%] Building CXX object src/cpp/CMakeFiles/fastrtps.dir/rtps/history/TopicPayloadPoolRegistry.cpp.o
[ 13%] Building CXX object src/cpp/CMakeFiles/fastrtps.dir/rtps/DataSharing/DataSharingPayloadPool.cpp.o
[ 13%] Building CXX object src/cpp/CMakeFiles/fastrtps.dir/rtps/DataSharing/DataSharingListener.cpp.o
[ 14%] Building CXX object src/cpp/CMakeFiles/fastrtps.dir/rtps/DataSharing/DataSharingNotification.cpp.o
[ 14%] Building CXX object src/cpp/CMakeFiles/fastrtps.dir/rtps/reader/WriterProxy.cpp.o
[ 15%] Building CXX object src/cpp/CMakeFiles/fastrtps.dir/rtps/reader/reader_utils.cpp.o
[ 15%] Building CXX object src/cpp/CMakeFiles/fastrtps.dir/rtps/reader/StatefulReader.cpp.o
[ 15%] Building CXX object src/cpp/CMakeFiles/fastrtps.dir/rtps/reader/StatelessReader.cpp.o
[ 16%] Building CXX object src/cpp/CMakeFiles/fastrtps.dir/rtps/reader/RTPSReader.cpp.o
[ 16%] Building CXX object src/cpp/CMakeFiles/fastrtps.dir/rtps/messages/RTPSMessageCreator.cpp.o
[ 17%] Building CXX object src/cpp/CMakeFiles/fastrtps.dir/rtps/messages/RTPSMessageGroup.cpp.o
[ 17%] Building CXX object src/cpp/CMakeFiles/fastrtps.dir/rtps/messages/RTPSGapBuilder.cpp.o
[ 17%] Building CXX object src/cpp/CMakeFiles/fastrtps.dir/rtps/messages/SendBuffersManager.cpp.o
[ 18%] Building CXX object src/cpp/CMakeFiles/fastrtps.dir/rtps/messages/MessageReceiver.cpp.o
[ 18%] Building CXX object src/cpp/CMakeFiles/fastrtps.dir/rtps/network/NetworkConfiguration.cpp.o
[ 19%] Building CXX object src/cpp/CMakeFiles/fastrtps.dir/rtps/network/NetworkFactory.cpp.o
[ 19%] Building CXX object src/cpp/CMakeFiles/fastrtps.dir/rtps/network/ReceiverResource.cpp.o
[ 19%] Building CXX object src/cpp/CMakeFiles/fastrtps.dir/rtps/network/utils/external_locators.cpp.o
[ 20%] Building CXX object src/cpp/CMakeFiles/fastrtps.dir/rtps/network/utils/netmask_filter.cpp.o
[ 20%] Building CXX object src/cpp/CMakeFiles/fastrtps.dir/rtps/network/utils/network.cpp.o
[ 21%] Building CXX object src/cpp/CMakeFiles/fastrtps.dir/rtps/attributes/RTPSParticipantAttributes.cpp.o
[ 21%] Building CXX object src/cpp/CMakeFiles/fastrtps.dir/rtps/participant/RTPSParticipant.cpp.o
[ 21%] Building CXX object src/cpp/CMakeFiles/fastrtps.dir/rtps/participant/RTPSParticipantImpl.cpp.o
[ 22%] Building CXX object src/cpp/CMakeFiles/fastrtps.dir/rtps/RTPSDomain.cpp.o
[ 22%] Building CXX object src/cpp/CMakeFiles/fastrtps.dir/fastrtps_deprecated/Domain.cpp.o
[ 23%] Building CXX object src/cpp/CMakeFiles/fastrtps.dir/fastrtps_deprecated/participant/Participant.cpp.o
[ 23%] Building CXX object src/cpp/CMakeFiles/fastrtps.dir/fastrtps_deprecated/participant/ParticipantImpl.cpp.o
[ 23%] Building CXX object src/cpp/CMakeFiles/fastrtps.dir/fastrtps_deprecated/publisher/Publisher.cpp.o
[ 24%] Building CXX object src/cpp/CMakeFiles/fastrtps.dir/fastrtps_deprecated/publisher/PublisherImpl.cpp.o
[ 24%] Building CXX object src/cpp/CMakeFiles/fastrtps.dir/fastrtps_deprecated/publisher/PublisherHistory.cpp.o
[ 25%] Building CXX object src/cpp/CMakeFiles/fastrtps.dir/fastrtps_deprecated/subscriber/Subscriber.cpp.o
[ 25%] Building CXX object src/cpp/CMakeFiles/fastrtps.dir/fastrtps_deprecated/subscriber/SubscriberImpl.cpp.o
[ 26%] Building CXX object src/cpp/CMakeFiles/fastrtps.dir/fastrtps_deprecated/subscriber/SubscriberHistory.cpp.o
[ 26%] Building CXX object src/cpp/CMakeFiles/fastrtps.dir/fastdds/publisher/DataWriter.cpp.o
[ 26%] Building CXX object src/cpp/CMakeFiles/fastrtps.dir/fastdds/publisher/DataWriterImpl.cpp.o
[ 27%] Building CXX object src/cpp/CMakeFiles/fastrtps.dir/fastdds/publisher/DataWriterHistory.cpp.o
[ 27%] Building CXX object src/cpp/CMakeFiles/fastrtps.dir/fastdds/topic/ContentFilteredTopic.cpp.o
[ 28%] Building CXX object src/cpp/CMakeFiles/fastrtps.dir/fastdds/topic/ContentFilteredTopicImpl.cpp.o
[ 28%] Building CXX object src/cpp/CMakeFiles/fastrtps.dir/fastdds/topic/Topic.cpp.o
[ 28%] Building CXX object src/cpp/CMakeFiles/fastrtps.dir/fastdds/topic/TopicImpl.cpp.o
[ 29%] Building CXX object src/cpp/CMakeFiles/fastrtps.dir/fastdds/topic/TopicProxyFactory.cpp.o
[ 29%] Building CXX object src/cpp/CMakeFiles/fastrtps.dir/fastdds/topic/TypeSupport.cpp.o
[ 30%] Building CXX object src/cpp/CMakeFiles/fastrtps.dir/fastdds/topic/TopicDataType.cpp.o
[ 30%] Building CXX object src/cpp/CMakeFiles/fastrtps.dir/fastdds/topic/qos/TopicQos.cpp.o
[ 30%] Building CXX object src/cpp/CMakeFiles/fastrtps.dir/fastdds/publisher/qos/DataWriterQos.cpp.o
[ 31%] Building CXX object src/cpp/CMakeFiles/fastrtps.dir/fastdds/subscriber/qos/DataReaderQos.cpp.o
[ 31%] Building CXX object src/cpp/CMakeFiles/fastrtps.dir/fastdds/publisher/PublisherImpl.cpp.o
[ 32%] Building CXX object src/cpp/CMakeFiles/fastrtps.dir/fastdds/publisher/qos/PublisherQos.cpp.o
[ 32%] Building CXX object src/cpp/CMakeFiles/fastrtps.dir/fastdds/publisher/Publisher.cpp.o
[ 32%] Building CXX object src/cpp/CMakeFiles/fastrtps.dir/fastdds/subscriber/SubscriberImpl.cpp.o
[ 33%] Building CXX object src/cpp/CMakeFiles/fastrtps.dir/fastdds/subscriber/qos/SubscriberQos.cpp.o
[ 33%] Building CXX object src/cpp/CMakeFiles/fastrtps.dir/fastdds/subscriber/Subscriber.cpp.o
[ 34%] Building CXX object src/cpp/CMakeFiles/fastrtps.dir/fastdds/subscriber/DataReader.cpp.o
[ 34%] Building CXX object src/cpp/CMakeFiles/fastrtps.dir/fastdds/subscriber/DataReaderImpl.cpp.o
[ 34%] Building CXX object src/cpp/CMakeFiles/fastrtps.dir/fastdds/subscriber/ReadCondition.cpp.o
[ 35%] Building CXX object src/cpp/CMakeFiles/fastrtps.dir/fastdds/subscriber/history/DataReaderHistory.cpp.o
[ 35%] Building CXX object src/cpp/CMakeFiles/fastrtps.dir/fastdds/domain/DomainParticipantFactory.cpp.o
[ 36%] Building CXX object src/cpp/CMakeFiles/fastrtps.dir/fastdds/domain/DomainParticipantImpl.cpp.o
[ 36%] Building CXX object src/cpp/CMakeFiles/fastrtps.dir/fastdds/domain/DomainParticipant.cpp.o
[ 36%] Building CXX object src/cpp/CMakeFiles/fastrtps.dir/fastdds/domain/qos/DomainParticipantQos.cpp.o
[ 37%] Building CXX object src/cpp/CMakeFiles/fastrtps.dir/fastdds/domain/qos/DomainParticipantFactoryQos.cpp.o
[ 37%] Building CXX object src/cpp/CMakeFiles/fastrtps.dir/fastdds/builtin/typelookup/common/TypeLookupTypes.cpp.o
[ 38%] Building CXX object src/cpp/CMakeFiles/fastrtps.dir/fastdds/builtin/common/RPCHeadersImpl.cpp.o
[ 38%] Building CXX object src/cpp/CMakeFiles/fastrtps.dir/fastdds/builtin/typelookup/TypeLookupManager.cpp.o
[ 39%] Building CXX object src/cpp/CMakeFiles/fastrtps.dir/fastdds/builtin/typelookup/TypeLookupRequestListener.cpp.o
[ 39%] Building CXX object src/cpp/CMakeFiles/fastrtps.dir/fastdds/builtin/typelookup/TypeLookupReplyListener.cpp.o
[ 39%] Building CXX object src/cpp/CMakeFiles/fastrtps.dir/rtps/transport/TransportInterface.cpp.o
[ 40%] Building CXX object src/cpp/CMakeFiles/fastrtps.dir/rtps/transport/ChainingTransport.cpp.o
[ 40%] Building CXX object src/cpp/CMakeFiles/fastrtps.dir/rtps/transport/ChannelResource.cpp.o
[ 41%] Building CXX object src/cpp/CMakeFiles/fastrtps.dir/rtps/transport/network/NetmaskFilterKind.cpp.o
[ 41%] Building CXX object src/cpp/CMakeFiles/fastrtps.dir/rtps/transport/network/NetworkInterface.cpp.o
[ 41%] Building CXX object src/cpp/CMakeFiles/fastrtps.dir/rtps/transport/network/NetworkInterfaceWithFilter.cpp.o
[ 42%] Building CXX object src/cpp/CMakeFiles/fastrtps.dir/rtps/transport/PortBasedTransportDescriptor.cpp.o
[ 42%] Building CXX object src/cpp/CMakeFiles/fastrtps.dir/rtps/transport/shared_mem/SharedMemTransportDescriptor.cpp.o
[ 43%] Building CXX object src/cpp/CMakeFiles/fastrtps.dir/rtps/transport/tcp/RTCPMessageManager.cpp.o
[ 43%] Building CXX object src/cpp/CMakeFiles/fastrtps.dir/rtps/transport/tcp/TCPControlMessage.cpp.o
[ 43%] Building CXX object src/cpp/CMakeFiles/fastrtps.dir/rtps/transport/TCPAcceptor.cpp.o
[ 44%] Building CXX object src/cpp/CMakeFiles/fastrtps.dir/rtps/transport/TCPAcceptorBasic.cpp.o
[ 44%] Building CXX object src/cpp/CMakeFiles/fastrtps.dir/rtps/transport/TCPChannelResource.cpp.o
[ 45%] Building CXX object src/cpp/CMakeFiles/fastrtps.dir/rtps/transport/TCPChannelResourceBasic.cpp.o
[ 45%] Building CXX object src/cpp/CMakeFiles/fastrtps.dir/rtps/transport/TCPTransportInterface.cpp.o
[ 45%] Building CXX object src/cpp/CMakeFiles/fastrtps.dir/rtps/transport/TCPv4Transport.cpp.o
[ 46%] Building CXX object src/cpp/CMakeFiles/fastrtps.dir/rtps/transport/TCPv6Transport.cpp.o
[ 46%] Building CXX object src/cpp/CMakeFiles/fastrtps.dir/rtps/transport/test_UDPv4Transport.cpp.o
[ 47%] Building CXX object src/cpp/CMakeFiles/fastrtps.dir/rtps/transport/UDPChannelResource.cpp.o
[ 47%] Building CXX object src/cpp/CMakeFiles/fastrtps.dir/rtps/transport/UDPTransportInterface.cpp.o
[ 47%] Building CXX object src/cpp/CMakeFiles/fastrtps.dir/rtps/transport/UDPv4Transport.cpp.o
[ 48%] Building CXX object src/cpp/CMakeFiles/fastrtps.dir/rtps/transport/UDPv6Transport.cpp.o
[ 48%] Building CXX object src/cpp/CMakeFiles/fastrtps.dir/dynamic-types/AnnotationDescriptor.cpp.o
[ 49%] Building CXX object src/cpp/CMakeFiles/fastrtps.dir/dynamic-types/AnnotationParameterValue.cpp.o
[ 49%] Building CXX object src/cpp/CMakeFiles/fastrtps.dir/dynamic-types/DynamicData.cpp.o
[ 50%] Building CXX object src/cpp/CMakeFiles/fastrtps.dir/dynamic-types/DynamicDataFactory.cpp.o
[ 50%] Building CXX object src/cpp/CMakeFiles/fastrtps.dir/dynamic-types/DynamicType.cpp.o
[ 50%] Building CXX object src/cpp/CMakeFiles/fastrtps.dir/dynamic-types/DynamicPubSubType.cpp.o
[ 51%] Building CXX object src/cpp/CMakeFiles/fastrtps.dir/dynamic-types/DynamicTypePtr.cpp.o
[ 51%] Building CXX object src/cpp/CMakeFiles/fastrtps.dir/dynamic-types/DynamicDataPtr.cpp.o
[ 52%] Building CXX object src/cpp/CMakeFiles/fastrtps.dir/dynamic-types/DynamicTypeBuilder.cpp.o
[ 52%] Building CXX object src/cpp/CMakeFiles/fastrtps.dir/dynamic-types/DynamicTypeBuilderPtr.cpp.o
[ 52%] Building CXX object src/cpp/CMakeFiles/fastrtps.dir/dynamic-types/DynamicTypeBuilderFactory.cpp.o
[ 53%] Building CXX object src/cpp/CMakeFiles/fastrtps.dir/dynamic-types/DynamicTypeMember.cpp.o
[ 53%] Building CXX object src/cpp/CMakeFiles/fastrtps.dir/dynamic-types/MemberDescriptor.cpp.o
[ 54%] Building CXX object src/cpp/CMakeFiles/fastrtps.dir/dynamic-types/TypeDescriptor.cpp.o
[ 54%] Building CXX object src/cpp/CMakeFiles/fastrtps.dir/dynamic-types/TypeIdentifier.cpp.o
[ 54%] Building CXX object src/cpp/CMakeFiles/fastrtps.dir/dynamic-types/TypeIdentifierTypes.cpp.o
[ 55%] Building CXX object src/cpp/CMakeFiles/fastrtps.dir/dynamic-types/TypeObject.cpp.o
[ 55%] Building CXX object src/cpp/CMakeFiles/fastrtps.dir/dynamic-types/TypeObjectHashId.cpp.o
[ 56%] Building CXX object src/cpp/CMakeFiles/fastrtps.dir/dynamic-types/TypeObjectFactory.cpp.o
[ 56%] Building CXX object src/cpp/CMakeFiles/fastrtps.dir/dynamic-types/TypeNamesGenerator.cpp.o
[ 56%] Building CXX object src/cpp/CMakeFiles/fastrtps.dir/dynamic-types/TypesBase.cpp.o
[ 57%] Building CXX object src/cpp/CMakeFiles/fastrtps.dir/dynamic-types/BuiltinAnnotationsTypeObject.cpp.o
[ 57%] Building CXX object src/cpp/CMakeFiles/fastrtps.dir/dynamic-types/DynamicDataHelper.cpp.o
[ 58%] Building CXX object src/cpp/CMakeFiles/fastrtps.dir/fastrtps_deprecated/attributes/TopicAttributes.cpp.o
[ 58%] Building CXX object src/cpp/CMakeFiles/fastrtps.dir/fastdds/core/Entity.cpp.o
[ 58%] Building CXX object src/cpp/CMakeFiles/fastrtps.dir/fastdds/core/condition/Condition.cpp.o
[ 59%] Building CXX object src/cpp/CMakeFiles/fastrtps.dir/fastdds/core/condition/ConditionNotifier.cpp.o
[ 59%] Building CXX object src/cpp/CMakeFiles/fastrtps.dir/fastdds/core/condition/GuardCondition.cpp.o
[ 60%] Building CXX object src/cpp/CMakeFiles/fastrtps.dir/fastdds/core/condition/StatusCondition.cpp.o
[ 60%] Building CXX object src/cpp/CMakeFiles/fastrtps.dir/fastdds/core/condition/StatusConditionImpl.cpp.o
[ 60%] Building CXX object src/cpp/CMakeFiles/fastrtps.dir/fastdds/core/condition/WaitSet.cpp.o
[ 61%] Building CXX object src/cpp/CMakeFiles/fastrtps.dir/fastdds/core/condition/WaitSetImpl.cpp.o
[ 61%] Building CXX object src/cpp/CMakeFiles/fastrtps.dir/fastdds/core/policy/ParameterList.cpp.o
[ 62%] Building CXX object src/cpp/CMakeFiles/fastrtps.dir/fastdds/core/policy/QosPolicyUtils.cpp.o
[ 62%] Building CXX object src/cpp/CMakeFiles/fastrtps.dir/fastdds/publisher/qos/WriterQos.cpp.o
[ 63%] Building CXX object src/cpp/CMakeFiles/fastrtps.dir/fastdds/subscriber/qos/ReaderQos.cpp.o
[ 63%] Building CXX object src/cpp/CMakeFiles/fastrtps.dir/fastdds/utils/QosConverters.cpp.o
[ 63%] Building CXX object src/cpp/CMakeFiles/fastrtps.dir/rtps/builtin/BuiltinProtocols.cpp.o
[ 64%] Building CXX object src/cpp/CMakeFiles/fastrtps.dir/rtps/builtin/discovery/participant/DirectMessageSender.cpp.o
[ 64%] Building CXX object src/cpp/CMakeFiles/fastrtps.dir/rtps/builtin/discovery/participant/PDP.cpp.o
[ 65%] Building CXX object src/cpp/CMakeFiles/fastrtps.dir/rtps/builtin/discovery/participant/ServerAttributes.cpp.o
[ 65%] Building CXX object src/cpp/CMakeFiles/fastrtps.dir/rtps/builtin/discovery/participant/PDPSimple.cpp.o
[ 65%] Building CXX object src/cpp/CMakeFiles/fastrtps.dir/rtps/builtin/discovery/participant/simple/PDPStatelessWriter.cpp.o
[ 66%] Building CXX object src/cpp/CMakeFiles/fastrtps.dir/rtps/builtin/discovery/participant/PDPListener.cpp.o
[ 66%] Building CXX object src/cpp/CMakeFiles/fastrtps.dir/rtps/builtin/discovery/endpoint/EDP.cpp.o
[ 67%] Building CXX object src/cpp/CMakeFiles/fastrtps.dir/rtps/builtin/discovery/endpoint/EDPSimple.cpp.o
[ 67%] Building CXX object src/cpp/CMakeFiles/fastrtps.dir/rtps/builtin/discovery/endpoint/EDPSimpleListeners.cpp.o
[ 67%] Building CXX object src/cpp/CMakeFiles/fastrtps.dir/rtps/builtin/discovery/endpoint/EDPStatic.cpp.o
[ 68%] Building CXX object src/cpp/CMakeFiles/fastrtps.dir/rtps/builtin/liveliness/WLP.cpp.o
[ 68%] Building CXX object src/cpp/CMakeFiles/fastrtps.dir/rtps/builtin/liveliness/WLPListener.cpp.o
[ 69%] Building CXX object src/cpp/CMakeFiles/fastrtps.dir/rtps/builtin/data/ParticipantProxyData.cpp.o
[ 69%] Building CXX object src/cpp/CMakeFiles/fastrtps.dir/rtps/builtin/data/WriterProxyData.cpp.o
[ 69%] Building CXX object src/cpp/CMakeFiles/fastrtps.dir/rtps/builtin/data/ReaderProxyData.cpp.o
[ 70%] Building CXX object src/cpp/CMakeFiles/fastrtps.dir/rtps/flowcontrol/ThroughputControllerDescriptor.cpp.o
[ 70%] Building CXX object src/cpp/CMakeFiles/fastrtps.dir/rtps/flowcontrol/FlowControllerConsts.cpp.o
[ 71%] Building CXX object src/cpp/CMakeFiles/fastrtps.dir/rtps/flowcontrol/FlowControllerFactory.cpp.o
[ 71%] Building CXX object src/cpp/CMakeFiles/fastrtps.dir/rtps/exceptions/Exception.cpp.o
[ 71%] Building CXX object src/cpp/CMakeFiles/fastrtps.dir/rtps/attributes/PropertyPolicy.cpp.o
[ 72%] Building CXX object src/cpp/CMakeFiles/fastrtps.dir/rtps/attributes/ThreadSettings.cpp.o
[ 72%] Building CXX object src/cpp/CMakeFiles/fastrtps.dir/rtps/common/Token.cpp.o
[ 73%] Building CXX object src/cpp/CMakeFiles/fastrtps.dir/rtps/xmlparser/XMLParserCommon.cpp.o
[ 73%] Building CXX object src/cpp/CMakeFiles/fastrtps.dir/rtps/xmlparser/XMLElementParser.cpp.o
[ 73%] Building CXX object src/cpp/CMakeFiles/fastrtps.dir/rtps/xmlparser/XMLDynamicParser.cpp.o
[ 74%] Building CXX object src/cpp/CMakeFiles/fastrtps.dir/rtps/xmlparser/XMLEndpointParser.cpp.o
[ 74%] Building CXX object src/cpp/CMakeFiles/fastrtps.dir/rtps/xmlparser/XMLParser.cpp.o
[ 75%] Building CXX object src/cpp/CMakeFiles/fastrtps.dir/rtps/xmlparser/XMLProfileManager.cpp.o
[ 75%] Building CXX object src/cpp/CMakeFiles/fastrtps.dir/rtps/writer/PersistentWriter.cpp.o
[ 76%] Building CXX object src/cpp/CMakeFiles/fastrtps.dir/rtps/writer/StatelessPersistentWriter.cpp.o
[ 76%] Building CXX object src/cpp/CMakeFiles/fastrtps.dir/rtps/writer/StatefulPersistentWriter.cpp.o
[ 76%] Building CXX object src/cpp/CMakeFiles/fastrtps.dir/rtps/reader/StatelessPersistentReader.cpp.o
[ 77%] Building CXX object src/cpp/CMakeFiles/fastrtps.dir/rtps/reader/StatefulPersistentReader.cpp.o
[ 77%] Building CXX object src/cpp/CMakeFiles/fastrtps.dir/rtps/persistence/PersistenceFactory.cpp.o
[ 78%] Building CXX object src/cpp/CMakeFiles/fastrtps.dir/rtps/builtin/discovery/database/backup/SharedBackupFunctions.cpp.o
[ 78%] Building CXX object src/cpp/CMakeFiles/fastrtps.dir/rtps/builtin/discovery/endpoint/EDPClient.cpp.o
[ 78%] Building CXX object src/cpp/CMakeFiles/fastrtps.dir/rtps/builtin/discovery/endpoint/EDPServer.cpp.o
[ 79%] Building CXX object src/cpp/CMakeFiles/fastrtps.dir/rtps/builtin/discovery/endpoint/EDPServerListeners.cpp.o
[ 79%] Building CXX object src/cpp/CMakeFiles/fastrtps.dir/rtps/builtin/discovery/database/DiscoveryDataBase.cpp.o
[ 80%] Building CXX object src/cpp/CMakeFiles/fastrtps.dir/rtps/builtin/discovery/database/DiscoveryParticipantInfo.cpp.o
[ 80%] Building CXX object src/cpp/CMakeFiles/fastrtps.dir/rtps/builtin/discovery/database/DiscoveryParticipantsAckStatus.cpp.o
[ 80%] Building CXX object src/cpp/CMakeFiles/fastrtps.dir/rtps/builtin/discovery/database/DiscoverySharedInfo.cpp.o
[ 81%] Building CXX object src/cpp/CMakeFiles/fastrtps.dir/rtps/builtin/discovery/participant/PDPClient.cpp.o
[ 81%] Building CXX object src/cpp/CMakeFiles/fastrtps.dir/rtps/builtin/discovery/participant/PDPServer.cpp.o
[ 82%] Building CXX object src/cpp/CMakeFiles/fastrtps.dir/rtps/builtin/discovery/participant/PDPServerListener.cpp.o
[ 82%] Building CXX object src/cpp/CMakeFiles/fastrtps.dir/rtps/builtin/discovery/participant/timedevent/DSClientEvent.cpp.o
[ 82%] Building CXX object src/cpp/CMakeFiles/fastrtps.dir/rtps/builtin/discovery/participant/timedevent/DServerEvent.cpp.o
[ 83%] Building CXX object src/cpp/CMakeFiles/fastrtps.dir/utils/IPFinder.cpp.o
[ 83%] Building CXX object src/cpp/CMakeFiles/fastrtps.dir/utils/md5.cpp.o
[ 84%] Building CXX object src/cpp/CMakeFiles/fastrtps.dir/utils/StringMatching.cpp.o
[ 84%] Building CXX object src/cpp/CMakeFiles/fastrtps.dir/utils/IPLocator.cpp.o
[ 84%] Building CXX object src/cpp/CMakeFiles/fastrtps.dir/utils/System.cpp.o
[ 85%] Building CXX object src/cpp/CMakeFiles/fastrtps.dir/utils/SystemInfo.cpp.o
[ 85%] Building CXX object src/cpp/CMakeFiles/fastrtps.dir/utils/TimedConditionVariable.cpp.o
[ 86%] Building CXX object src/cpp/CMakeFiles/fastrtps.dir/utils/string_convert.cpp.o
[ 86%] Building CXX object src/cpp/CMakeFiles/fastrtps.dir/utils/UnitsParser.cpp.o
[ 86%] Building CXX object src/cpp/CMakeFiles/fastrtps.dir/dds/core/types.cpp.o
[ 87%] Building CXX object src/cpp/CMakeFiles/fastrtps.dir/dds/core/Exception.cpp.o
[ 87%] Building CXX object src/cpp/CMakeFiles/fastrtps.dir/dds/domain/DomainParticipant.cpp.o
[ 88%] Building CXX object src/cpp/CMakeFiles/fastrtps.dir/dds/pub/Publisher.cpp.o
[ 88%] Building CXX object src/cpp/CMakeFiles/fastrtps.dir/dds/pub/AnyDataWriter.cpp.o
[ 89%] Building CXX object src/cpp/CMakeFiles/fastrtps.dir/dds/pub/DataWriter.cpp.o
[ 89%] Building CXX object src/cpp/CMakeFiles/fastrtps.dir/dds/sub/Subscriber.cpp.o
[ 89%] Building CXX object src/cpp/CMakeFiles/fastrtps.dir/dds/sub/DataReader.cpp.o
[ 90%] Building CXX object src/cpp/CMakeFiles/fastrtps.dir/dds/topic/Topic.cpp.o
[ 90%] Building CXX object src/cpp/CMakeFiles/fastrtps.dir/statistics/fastdds/domain/DomainParticipant.cpp.o
[ 91%] Building CXX object src/cpp/CMakeFiles/fastrtps.dir/statistics/fastdds/publisher/qos/DataWriterQos.cpp.o
[ 91%] Building CXX object src/cpp/CMakeFiles/fastrtps.dir/statistics/fastdds/subscriber/qos/DataReaderQos.cpp.o
[ 91%] Building CXX object src/cpp/CMakeFiles/fastrtps.dir/statistics/fastdds/domain/DomainParticipantImpl.cpp.o
[ 92%] Building CXX object src/cpp/CMakeFiles/fastrtps.dir/statistics/fastdds/domain/DomainParticipantStatisticsListener.cpp.o
[ 92%] Building CXX object src/cpp/CMakeFiles/fastrtps.dir/statistics/rtps/monitor-service/MonitorService.cpp.o
[ 93%] Building CXX object src/cpp/CMakeFiles/fastrtps.dir/statistics/rtps/monitor-service/MonitorServiceListener.cpp.o
[ 93%] Building CXX object src/cpp/CMakeFiles/fastrtps.dir/statistics/rtps/reader/StatisticsReaderImpl.cpp.o
[ 93%] Building CXX object src/cpp/CMakeFiles/fastrtps.dir/statistics/rtps/StatisticsBase.cpp.o
[ 94%] Building CXX object src/cpp/CMakeFiles/fastrtps.dir/statistics/rtps/writer/StatisticsWriterImpl.cpp.o
[ 94%] Building CXX object src/cpp/CMakeFiles/fastrtps.dir/statistics/types/typesPubSubTypes.cxx.o
[ 95%] Building CXX object src/cpp/CMakeFiles/fastrtps.dir/statistics/types/types.cxx.o
[ 95%] Building CXX object src/cpp/CMakeFiles/fastrtps.dir/statistics/types/typesv1.cxx.o
[ 95%] Building CXX object src/cpp/CMakeFiles/fastrtps.dir/statistics/types/monitorservice_types.cxx.o
[ 96%] Building CXX object src/cpp/CMakeFiles/fastrtps.dir/statistics/types/monitorservice_typesv1.cxx.o
[ 96%] Building CXX object src/cpp/CMakeFiles/fastrtps.dir/statistics/types/monitorservice_typesPubSubTypes.cxx.o
[ 97%] Building CXX object src/cpp/CMakeFiles/fastrtps.dir/rtps/transport/shared_mem/test_SharedMemTransport.cpp.o
[ 97%] Building CXX object src/cpp/CMakeFiles/fastrtps.dir/rtps/transport/shared_mem/SharedMemTransport.cpp.o
[ 97%] Building CXX object src/cpp/CMakeFiles/fastrtps.dir/rtps/transport/TCPChannelResourceSecure.cpp.o
[ 98%] Building CXX object src/cpp/CMakeFiles/fastrtps.dir/rtps/transport/TCPAcceptorSecure.cpp.o
[ 98%] Building CXX object src/cpp/CMakeFiles/fastrtps.dir/rtps/persistence/SQLite3PersistenceService.cpp.o
[ 99%] Building C object src/cpp/CMakeFiles/fastrtps.dir/rtps/persistence/sqlite3.c.o
[ 99%] Building CXX object src/cpp/CMakeFiles/fastrtps.dir/__/__/thirdparty/tinyxml2/tinyxml2.cpp.o
[100%] Linking CXX shared library libfastrtps.so
[100%] Built target fastrtps
[ 57%] Performing install step for 'fastdds'
[100%] Built target fastrtps
Install the project...
-- Install configuration: "Release"
-- Installing: /tmp/agent-build/temp_install/fastrtps-2.14/include/fastrtps
-- Installing: /tmp/agent-build/temp_install/fastrtps-2.14/include/fastrtps/types
-- Installing: /tmp/agent-build/temp_install/fastrtps-2.14/include/fastrtps/types/DynamicTypeBuilderPtr.h
-- Installing: /tmp/agent-build/temp_install/fastrtps-2.14/include/fastrtps/types/TypeNamesGenerator.h
-- Installing: /tmp/agent-build/temp_install/fastrtps-2.14/include/fastrtps/types/DynamicPubSubType.h
-- Installing: /tmp/agent-build/temp_install/fastrtps-2.14/include/fastrtps/types/DynamicTypeBuilderFactory.h
-- Installing: /tmp/agent-build/temp_install/fastrtps-2.14/include/fastrtps/types/BuiltinAnnotationsTypeObject.h
-- Installing: /tmp/agent-build/temp_install/fastrtps-2.14/include/fastrtps/types/TypeObjectFactory.h
-- Installing: /tmp/agent-build/temp_install/fastrtps-2.14/include/fastrtps/types/AnnotationDescriptor.h
-- Installing: /tmp/agent-build/temp_install/fastrtps-2.14/include/fastrtps/types/DynamicLoanableSequence.hpp
-- Installing: /tmp/agent-build/temp_install/fastrtps-2.14/include/fastrtps/types/TypesBase.h
-- Installing: /tmp/agent-build/temp_install/fastrtps-2.14/include/fastrtps/types/TypeIdentifier.h
-- Installing: /tmp/agent-build/temp_install/fastrtps-2.14/include/fastrtps/types/AnnotationParameterValue.h
-- Installing: /tmp/agent-build/temp_install/fastrtps-2.14/include/fastrtps/types/TypeObject.h
-- Installing: /tmp/agent-build/temp_install/fastrtps-2.14/include/fastrtps/types/DynamicDataPtr.h
-- Installing: /tmp/agent-build/temp_install/fastrtps-2.14/include/fastrtps/types/DynamicType.h
-- Installing: /tmp/agent-build/temp_install/fastrtps-2.14/include/fastrtps/types/MemberDescriptor.h
-- Installing: /tmp/agent-build/temp_install/fastrtps-2.14/include/fastrtps/types/DynamicTypeBuilder.h
-- Installing: /tmp/agent-build/temp_install/fastrtps-2.14/include/fastrtps/types/DynamicData.h
-- Installing: /tmp/agent-build/temp_install/fastrtps-2.14/include/fastrtps/types/TypeDescriptor.h
-- Installing: /tmp/agent-build/temp_install/fastrtps-2.14/include/fastrtps/types/DynamicTypePtr.h
-- Installing: /tmp/agent-build/temp_install/fastrtps-2.14/include/fastrtps/types/DynamicDataHelper.hpp
-- Installing: /tmp/agent-build/temp_install/fastrtps-2.14/include/fastrtps/types/DynamicDataFactory.h
-- Installing: /tmp/agent-build/temp_install/fastrtps-2.14/include/fastrtps/types/DynamicTypeMember.h
-- Installing: /tmp/agent-build/temp_install/fastrtps-2.14/include/fastrtps/types/TypeIdentifierTypes.h
-- Installing: /tmp/agent-build/temp_install/fastrtps-2.14/include/fastrtps/types/TypeObjectHashId.h
-- Installing: /tmp/agent-build/temp_install/fastrtps-2.14/include/fastrtps/publisher
-- Installing: /tmp/agent-build/temp_install/fastrtps-2.14/include/fastrtps/publisher/PublisherListener.h
-- Installing: /tmp/agent-build/temp_install/fastrtps-2.14/include/fastrtps/publisher/PublisherHistory.h
-- Installing: /tmp/agent-build/temp_install/fastrtps-2.14/include/fastrtps/publisher/Publisher.h
-- Installing: /tmp/agent-build/temp_install/fastrtps-2.14/include/fastrtps/eProsima_auto_link.h
-- Installing: /tmp/agent-build/temp_install/fastrtps-2.14/include/fastrtps/attributes
-- Installing: /tmp/agent-build/temp_install/fastrtps-2.14/include/fastrtps/attributes/PublisherAttributes.h
-- Installing: /tmp/agent-build/temp_install/fastrtps-2.14/include/fastrtps/attributes/LibrarySettingsAttributes.h
-- Installing: /tmp/agent-build/temp_install/fastrtps-2.14/include/fastrtps/attributes/SubscriberAttributes.h
-- Installing: /tmp/agent-build/temp_install/fastrtps-2.14/include/fastrtps/attributes/all_attributes.h
-- Installing: /tmp/agent-build/temp_install/fastrtps-2.14/include/fastrtps/attributes/ReplierAttributes.hpp
-- Installing: /tmp/agent-build/temp_install/fastrtps-2.14/include/fastrtps/attributes/TopicAttributes.h
-- Installing: /tmp/agent-build/temp_install/fastrtps-2.14/include/fastrtps/attributes/ParticipantAttributes.h
-- Installing: /tmp/agent-build/temp_install/fastrtps-2.14/include/fastrtps/attributes/RequesterAttributes.hpp
-- Installing: /tmp/agent-build/temp_install/fastrtps-2.14/include/fastrtps/subscriber
-- Installing: /tmp/agent-build/temp_install/fastrtps-2.14/include/fastrtps/subscriber/SubscriberListener.h
-- Installing: /tmp/agent-build/temp_install/fastrtps-2.14/include/fastrtps/subscriber/SubscriberHistory.h
-- Installing: /tmp/agent-build/temp_install/fastrtps-2.14/include/fastrtps/subscriber/Subscriber.h
-- Installing: /tmp/agent-build/temp_install/fastrtps-2.14/include/fastrtps/subscriber/SampleInfo.h
-- Installing: /tmp/agent-build/temp_install/fastrtps-2.14/include/fastrtps/qos
-- Installing: /tmp/agent-build/temp_install/fastrtps-2.14/include/fastrtps/qos/QosPolicies.h
-- Installing: /tmp/agent-build/temp_install/fastrtps-2.14/include/fastrtps/qos/WriterQos.h
-- Installing: /tmp/agent-build/temp_install/fastrtps-2.14/include/fastrtps/qos/LivelinessChangedStatus.h
-- Installing: /tmp/agent-build/temp_install/fastrtps-2.14/include/fastrtps/qos/ParameterTypes.h
-- Installing: /tmp/agent-build/temp_install/fastrtps-2.14/include/fastrtps/qos/DeadlineMissedStatus.h
-- Installing: /tmp/agent-build/temp_install/fastrtps-2.14/include/fastrtps/qos/LivelinessLostStatus.h
-- Installing: /tmp/agent-build/temp_install/fastrtps-2.14/include/fastrtps/qos/ReaderQos.h
-- Installing: /tmp/agent-build/temp_install/fastrtps-2.14/include/fastrtps/qos/SampleRejectedStatus.hpp
-- Installing: /tmp/agent-build/temp_install/fastrtps-2.14/include/fastrtps/qos/IncompatibleQosStatus.hpp
-- Installing: /tmp/agent-build/temp_install/fastrtps-2.14/include/fastrtps/log
-- Installing: /tmp/agent-build/temp_install/fastrtps-2.14/include/fastrtps/log/FileConsumer.h
-- Installing: /tmp/agent-build/temp_install/fastrtps-2.14/include/fastrtps/log/Colors.h
-- Installing: /tmp/agent-build/temp_install/fastrtps-2.14/include/fastrtps/log/Log.h
-- Installing: /tmp/agent-build/temp_install/fastrtps-2.14/include/fastrtps/log/StdoutConsumer.h
-- Installing: /tmp/agent-build/temp_install/fastrtps-2.14/include/fastrtps/utils
-- Installing: /tmp/agent-build/temp_install/fastrtps-2.14/include/fastrtps/utils/ProxyPool.hpp
-- Installing: /tmp/agent-build/temp_install/fastrtps-2.14/include/fastrtps/utils/RefCountedPointer.hpp
-- Installing: /tmp/agent-build/temp_install/fastrtps-2.14/include/fastrtps/utils/collections
-- Installing: /tmp/agent-build/temp_install/fastrtps-2.14/include/fastrtps/utils/collections/ResourceLimitedVector.hpp
-- Installing: /tmp/agent-build/temp_install/fastrtps-2.14/include/fastrtps/utils/collections/ResourceLimitedContainerConfig.hpp
-- Installing: /tmp/agent-build/temp_install/fastrtps-2.14/include/fastrtps/utils/collections/foonathan_memory_helpers.hpp
-- Installing: /tmp/agent-build/temp_install/fastrtps-2.14/include/fastrtps/utils/Semaphore.h
-- Installing: /tmp/agent-build/temp_install/fastrtps-2.14/include/fastrtps/utils/StringMatching.h
-- Installing: /tmp/agent-build/temp_install/fastrtps-2.14/include/fastrtps/utils/TimedMutex.hpp
-- Installing: /tmp/agent-build/temp_install/fastrtps-2.14/include/fastrtps/utils/System.h
-- Installing: /tmp/agent-build/temp_install/fastrtps-2.14/include/fastrtps/utils/shared_mutex.hpp
-- Installing: /tmp/agent-build/temp_install/fastrtps-2.14/include/fastrtps/utils/IPLocator.h
-- Installing: /tmp/agent-build/temp_install/fastrtps-2.14/include/fastrtps/utils/TimedConditionVariable.hpp
-- Installing: /tmp/agent-build/temp_install/fastrtps-2.14/include/fastrtps/utils/md5.h
-- Installing: /tmp/agent-build/temp_install/fastrtps-2.14/include/fastrtps/utils/UnitsParser.hpp
-- Installing: /tmp/agent-build/temp_install/fastrtps-2.14/include/fastrtps/utils/DBQueue.h
-- Installing: /tmp/agent-build/temp_install/fastrtps-2.14/include/fastrtps/utils/TimeConversion.h
-- Installing: /tmp/agent-build/temp_install/fastrtps-2.14/include/fastrtps/utils/IPFinder.h
-- Installing: /tmp/agent-build/temp_install/fastrtps-2.14/include/fastrtps/utils/string_convert.hpp
-- Installing: /tmp/agent-build/temp_install/fastrtps-2.14/include/fastrtps/utils/fixed_size_string.hpp
-- Installing: /tmp/agent-build/temp_install/fastrtps-2.14/include/fastrtps/utils/fixed_size_bitmap.hpp
-- Installing: /tmp/agent-build/temp_install/fastrtps-2.14/include/fastrtps/fastrtps_fwd.h
-- Installing: /tmp/agent-build/temp_install/fastrtps-2.14/include/fastrtps/fastrtps_dll.h
-- Installing: /tmp/agent-build/temp_install/fastrtps-2.14/include/fastrtps/config
-- Installing: /tmp/agent-build/temp_install/fastrtps-2.14/include/fastrtps/config/doxygen_modules.h
-- Installing: /tmp/agent-build/temp_install/fastrtps-2.14/include/fastrtps/participant
-- Installing: /tmp/agent-build/temp_install/fastrtps-2.14/include/fastrtps/participant/Participant.h
-- Installing: /tmp/agent-build/temp_install/fastrtps-2.14/include/fastrtps/participant/ParticipantListener.h
-- Installing: /tmp/agent-build/temp_install/fastrtps-2.14/include/fastrtps/xmlparser
-- Installing: /tmp/agent-build/temp_install/fastrtps-2.14/include/fastrtps/xmlparser/XMLTree.h
-- Installing: /tmp/agent-build/temp_install/fastrtps-2.14/include/fastrtps/xmlparser/XMLParser.h
-- Installing: /tmp/agent-build/temp_install/fastrtps-2.14/include/fastrtps/xmlparser/XMLEndpointParser.h
-- Installing: /tmp/agent-build/temp_install/fastrtps-2.14/include/fastrtps/xmlparser/XMLProfileManager.h
-- Installing: /tmp/agent-build/temp_install/fastrtps-2.14/include/fastrtps/xmlparser/XMLParserCommon.h
-- Installing: /tmp/agent-build/temp_install/fastrtps-2.14/include/fastrtps/fastrtps_all.h
-- Installing: /tmp/agent-build/temp_install/fastrtps-2.14/include/fastrtps/transport
-- Installing: /tmp/agent-build/temp_install/fastrtps-2.14/include/fastrtps/transport/TCPTransportDescriptor.h
-- Installing: /tmp/agent-build/temp_install/fastrtps-2.14/include/fastrtps/transport/TransportInterface.h
-- Installing: /tmp/agent-build/temp_install/fastrtps-2.14/include/fastrtps/transport/TCPv4TransportDescriptor.h
-- Installing: /tmp/agent-build/temp_install/fastrtps-2.14/include/fastrtps/transport/UDPv6TransportDescriptor.h
-- Installing: /tmp/agent-build/temp_install/fastrtps-2.14/include/fastrtps/transport/TransportDescriptorInterface.h
-- Installing: /tmp/agent-build/temp_install/fastrtps-2.14/include/fastrtps/transport/TCPv6TransportDescriptor.h
-- Installing: /tmp/agent-build/temp_install/fastrtps-2.14/include/fastrtps/transport/TransportReceiverInterface.h
-- Installing: /tmp/agent-build/temp_install/fastrtps-2.14/include/fastrtps/transport/SocketTransportDescriptor.h
-- Installing: /tmp/agent-build/temp_install/fastrtps-2.14/include/fastrtps/transport/UDPTransportDescriptor.h
-- Installing: /tmp/agent-build/temp_install/fastrtps-2.14/include/fastrtps/transport/UDPv4TransportDescriptor.h
-- Installing: /tmp/agent-build/temp_install/fastrtps-2.14/include/fastrtps/transport/test_UDPv4TransportDescriptor.h
-- Installing: /tmp/agent-build/temp_install/fastrtps-2.14/include/fastrtps/Domain.h
-- Installing: /tmp/agent-build/temp_install/fastrtps-2.14/include/fastrtps/TopicDataType.h
-- Installing: /tmp/agent-build/temp_install/fastrtps-2.14/include/fastrtps/common
-- Installing: /tmp/agent-build/temp_install/fastrtps-2.14/include/fastrtps/common/KeyedChanges.h
-- Installing: /tmp/agent-build/temp_install/fastrtps-2.14/include/fastrtps/rtps
-- Installing: /tmp/agent-build/temp_install/fastrtps-2.14/include/fastrtps/rtps/Endpoint.h
-- Installing: /tmp/agent-build/temp_install/fastrtps-2.14/include/fastrtps/rtps/network
-- Installing: /tmp/agent-build/temp_install/fastrtps-2.14/include/fastrtps/rtps/network/SenderResource.h
-- Installing: /tmp/agent-build/temp_install/fastrtps-2.14/include/fastrtps/rtps/attributes
-- Installing: /tmp/agent-build/temp_install/fastrtps-2.14/include/fastrtps/rtps/attributes/RTPSParticipantAttributes.h
-- Installing: /tmp/agent-build/temp_install/fastrtps-2.14/include/fastrtps/rtps/attributes/ReaderAttributes.h
-- Installing: /tmp/agent-build/temp_install/fastrtps-2.14/include/fastrtps/rtps/attributes/EndpointAttributes.h
-- Installing: /tmp/agent-build/temp_install/fastrtps-2.14/include/fastrtps/rtps/attributes/RTPSParticipantAllocationAttributes.hpp
-- Installing: /tmp/agent-build/temp_install/fastrtps-2.14/include/fastrtps/rtps/attributes/PropertyPolicy.h
-- Installing: /tmp/agent-build/temp_install/fastrtps-2.14/include/fastrtps/rtps/attributes/HistoryAttributes.h
-- Installing: /tmp/agent-build/temp_install/fastrtps-2.14/include/fastrtps/rtps/attributes/ServerAttributes.h
-- Installing: /tmp/agent-build/temp_install/fastrtps-2.14/include/fastrtps/rtps/attributes/WriterAttributes.h
-- Installing: /tmp/agent-build/temp_install/fastrtps-2.14/include/fastrtps/rtps/history
-- Installing: /tmp/agent-build/temp_install/fastrtps-2.14/include/fastrtps/rtps/history/WriterHistory.h
-- Installing: /tmp/agent-build/temp_install/fastrtps-2.14/include/fastrtps/rtps/history/History.h
-- Installing: /tmp/agent-build/temp_install/fastrtps-2.14/include/fastrtps/rtps/history/ReaderHistory.h
-- Installing: /tmp/agent-build/temp_install/fastrtps-2.14/include/fastrtps/rtps/rtps_all.h
-- Installing: /tmp/agent-build/temp_install/fastrtps-2.14/include/fastrtps/rtps/security
-- Installing: /tmp/agent-build/temp_install/fastrtps-2.14/include/fastrtps/rtps/security/authentication
-- Installing: /tmp/agent-build/temp_install/fastrtps-2.14/include/fastrtps/rtps/security/authentication/Handshake.h
-- Installing: /tmp/agent-build/temp_install/fastrtps-2.14/include/fastrtps/rtps/security/authentication/Authentication.h
-- Installing: /tmp/agent-build/temp_install/fastrtps-2.14/include/fastrtps/rtps/security/accesscontrol
-- Installing: /tmp/agent-build/temp_install/fastrtps-2.14/include/fastrtps/rtps/security/accesscontrol/SecurityMaskUtilities.h
-- Installing: /tmp/agent-build/temp_install/fastrtps-2.14/include/fastrtps/rtps/security/accesscontrol/ParticipantSecurityAttributes.h
-- Installing: /tmp/agent-build/temp_install/fastrtps-2.14/include/fastrtps/rtps/security/accesscontrol/AccessControl.h
-- Installing: /tmp/agent-build/temp_install/fastrtps-2.14/include/fastrtps/rtps/security/accesscontrol/EndpointSecurityAttributes.h
-- Installing: /tmp/agent-build/temp_install/fastrtps-2.14/include/fastrtps/rtps/security/cryptography
-- Installing: /tmp/agent-build/temp_install/fastrtps-2.14/include/fastrtps/rtps/security/cryptography/CryptoTypes.h
-- Installing: /tmp/agent-build/temp_install/fastrtps-2.14/include/fastrtps/rtps/security/cryptography/Cryptography.h
-- Installing: /tmp/agent-build/temp_install/fastrtps-2.14/include/fastrtps/rtps/security/cryptography/CryptoKeyFactory.h
-- Installing: /tmp/agent-build/temp_install/fastrtps-2.14/include/fastrtps/rtps/security/cryptography/CryptoTransform.h
-- Installing: /tmp/agent-build/temp_install/fastrtps-2.14/include/fastrtps/rtps/security/cryptography/CryptoKeyExchange.h
-- Installing: /tmp/agent-build/temp_install/fastrtps-2.14/include/fastrtps/rtps/security/common
-- Installing: /tmp/agent-build/temp_install/fastrtps-2.14/include/fastrtps/rtps/security/common/SharedSecretHandle.h
-- Installing: /tmp/agent-build/temp_install/fastrtps-2.14/include/fastrtps/rtps/security/common/ParticipantGenericMessage.h
-- Installing: /tmp/agent-build/temp_install/fastrtps-2.14/include/fastrtps/rtps/security/common/Handle.h
-- Installing: /tmp/agent-build/temp_install/fastrtps-2.14/include/fastrtps/rtps/security/exceptions
-- Installing: /tmp/agent-build/temp_install/fastrtps-2.14/include/fastrtps/rtps/security/exceptions/SecurityException.h
-- Installing: /tmp/agent-build/temp_install/fastrtps-2.14/include/fastrtps/rtps/RTPSDomain.h
-- Installing: /tmp/agent-build/temp_install/fastrtps-2.14/include/fastrtps/rtps/flowcontrol
-- Installing: /tmp/agent-build/temp_install/fastrtps-2.14/include/fastrtps/rtps/flowcontrol/ThroughputControllerDescriptor.h
-- Installing: /tmp/agent-build/temp_install/fastrtps-2.14/include/fastrtps/rtps/writer
-- Installing: /tmp/agent-build/temp_install/fastrtps-2.14/include/fastrtps/rtps/writer/LivelinessManager.h
-- Installing: /tmp/agent-build/temp_install/fastrtps-2.14/include/fastrtps/rtps/writer/WriterListener.h
-- Installing: /tmp/agent-build/temp_install/fastrtps-2.14/include/fastrtps/rtps/writer/StatefulWriter.h
-- Installing: /tmp/agent-build/temp_install/fastrtps-2.14/include/fastrtps/rtps/writer/StatelessPersistentWriter.h
-- Installing: /tmp/agent-build/temp_install/fastrtps-2.14/include/fastrtps/rtps/writer/StatelessWriter.h
-- Installing: /tmp/agent-build/temp_install/fastrtps-2.14/include/fastrtps/rtps/writer/PersistentWriter.h
-- Installing: /tmp/agent-build/temp_install/fastrtps-2.14/include/fastrtps/rtps/writer/RTPSWriter.h
-- Installing: /tmp/agent-build/temp_install/fastrtps-2.14/include/fastrtps/rtps/writer/LivelinessData.h
-- Installing: /tmp/agent-build/temp_install/fastrtps-2.14/include/fastrtps/rtps/writer/WriterDiscoveryInfo.h
-- Installing: /tmp/agent-build/temp_install/fastrtps-2.14/include/fastrtps/rtps/writer/ReaderProxy.h
-- Installing: /tmp/agent-build/temp_install/fastrtps-2.14/include/fastrtps/rtps/writer/ReaderLocator.h
-- Installing: /tmp/agent-build/temp_install/fastrtps-2.14/include/fastrtps/rtps/writer/StatefulPersistentWriter.h
-- Installing: /tmp/agent-build/temp_install/fastrtps-2.14/include/fastrtps/rtps/rtps_fwd.h
-- Installing: /tmp/agent-build/temp_install/fastrtps-2.14/include/fastrtps/rtps/builtin
-- Installing: /tmp/agent-build/temp_install/fastrtps-2.14/include/fastrtps/rtps/builtin/data
-- Installing: /tmp/agent-build/temp_install/fastrtps-2.14/include/fastrtps/rtps/builtin/data/ParticipantProxyData.h
-- Installing: /tmp/agent-build/temp_install/fastrtps-2.14/include/fastrtps/rtps/builtin/data/WriterProxyData.h
-- Installing: /tmp/agent-build/temp_install/fastrtps-2.14/include/fastrtps/rtps/builtin/data/ReaderProxyData.h
-- Installing: /tmp/agent-build/temp_install/fastrtps-2.14/include/fastrtps/rtps/builtin/liveliness
-- Installing: /tmp/agent-build/temp_install/fastrtps-2.14/include/fastrtps/rtps/builtin/liveliness/WLPListener.h
-- Installing: /tmp/agent-build/temp_install/fastrtps-2.14/include/fastrtps/rtps/builtin/liveliness/WLP.h
-- Installing: /tmp/agent-build/temp_install/fastrtps-2.14/include/fastrtps/rtps/builtin/discovery
-- Installing: /tmp/agent-build/temp_install/fastrtps-2.14/include/fastrtps/rtps/builtin/discovery/endpoint
-- Installing: /tmp/agent-build/temp_install/fastrtps-2.14/include/fastrtps/rtps/builtin/discovery/endpoint/EDP.h
-- Installing: /tmp/agent-build/temp_install/fastrtps-2.14/include/fastrtps/rtps/builtin/discovery/endpoint/EDPStatic.h
-- Installing: /tmp/agent-build/temp_install/fastrtps-2.14/include/fastrtps/rtps/builtin/discovery/endpoint/EDPSimple.h
-- Installing: /tmp/agent-build/temp_install/fastrtps-2.14/include/fastrtps/rtps/builtin/discovery/participant
-- Installing: /tmp/agent-build/temp_install/fastrtps-2.14/include/fastrtps/rtps/builtin/discovery/participant/PDPListener.h
-- Installing: /tmp/agent-build/temp_install/fastrtps-2.14/include/fastrtps/rtps/builtin/discovery/participant/PDP.h
-- Installing: /tmp/agent-build/temp_install/fastrtps-2.14/include/fastrtps/rtps/builtin/discovery/participant/PDPSimple.h
-- Installing: /tmp/agent-build/temp_install/fastrtps-2.14/include/fastrtps/rtps/builtin/BuiltinProtocols.h
-- Installing: /tmp/agent-build/temp_install/fastrtps-2.14/include/fastrtps/rtps/messages
-- Installing: /tmp/agent-build/temp_install/fastrtps-2.14/include/fastrtps/rtps/messages/CDRMessage.h
-- Installing: /tmp/agent-build/temp_install/fastrtps-2.14/include/fastrtps/rtps/messages/MessageReceiver.h
-- Installing: /tmp/agent-build/temp_install/fastrtps-2.14/include/fastrtps/rtps/messages/RTPSMessageCreator.h
-- Installing: /tmp/agent-build/temp_install/fastrtps-2.14/include/fastrtps/rtps/messages/RTPS_messages.h
-- Installing: /tmp/agent-build/temp_install/fastrtps-2.14/include/fastrtps/rtps/messages/RTPSMessageGroup.h
-- Installing: /tmp/agent-build/temp_install/fastrtps-2.14/include/fastrtps/rtps/messages/RTPSMessageSenderInterface.hpp
-- Installing: /tmp/agent-build/temp_install/fastrtps-2.14/include/fastrtps/rtps/resources
-- Installing: /tmp/agent-build/temp_install/fastrtps-2.14/include/fastrtps/rtps/resources/TimedEvent.h
-- Installing: /tmp/agent-build/temp_install/fastrtps-2.14/include/fastrtps/rtps/resources/ResourceManagement.h
-- Installing: /tmp/agent-build/temp_install/fastrtps-2.14/include/fastrtps/rtps/resources/ResourceEvent.h
-- Installing: /tmp/agent-build/temp_install/fastrtps-2.14/include/fastrtps/rtps/participant
-- Installing: /tmp/agent-build/temp_install/fastrtps-2.14/include/fastrtps/rtps/participant/ParticipantDiscoveryInfo.h
-- Installing: /tmp/agent-build/temp_install/fastrtps-2.14/include/fastrtps/rtps/participant/RTPSParticipantListener.h
-- Installing: /tmp/agent-build/temp_install/fastrtps-2.14/include/fastrtps/rtps/participant/RTPSParticipant.h
-- Installing: /tmp/agent-build/temp_install/fastrtps-2.14/include/fastrtps/rtps/reader
-- Installing: /tmp/agent-build/temp_install/fastrtps-2.14/include/fastrtps/rtps/reader/StatelessPersistentReader.h
-- Installing: /tmp/agent-build/temp_install/fastrtps-2.14/include/fastrtps/rtps/reader/ReaderListener.h
-- Installing: /tmp/agent-build/temp_install/fastrtps-2.14/include/fastrtps/rtps/reader/StatefulPersistentReader.h
-- Installing: /tmp/agent-build/temp_install/fastrtps-2.14/include/fastrtps/rtps/reader/StatelessReader.h
-- Installing: /tmp/agent-build/temp_install/fastrtps-2.14/include/fastrtps/rtps/reader/RTPSReader.h
-- Installing: /tmp/agent-build/temp_install/fastrtps-2.14/include/fastrtps/rtps/reader/ReaderDiscoveryInfo.h
-- Installing: /tmp/agent-build/temp_install/fastrtps-2.14/include/fastrtps/rtps/reader/StatefulReader.h
-- Installing: /tmp/agent-build/temp_install/fastrtps-2.14/include/fastrtps/rtps/common
-- Installing: /tmp/agent-build/temp_install/fastrtps-2.14/include/fastrtps/rtps/common/WriteParams.h
-- Installing: /tmp/agent-build/temp_install/fastrtps-2.14/include/fastrtps/rtps/common/SequenceNumber.h
-- Installing: /tmp/agent-build/temp_install/fastrtps-2.14/include/fastrtps/rtps/common/LocatorSelector.hpp
-- Installing: /tmp/agent-build/temp_install/fastrtps-2.14/include/fastrtps/rtps/common/BinaryProperty.h
-- Installing: /tmp/agent-build/temp_install/fastrtps-2.14/include/fastrtps/rtps/common/PortParameters.h
-- Installing: /tmp/agent-build/temp_install/fastrtps-2.14/include/fastrtps/rtps/common/SerializedPayload.h
-- Installing: /tmp/agent-build/temp_install/fastrtps-2.14/include/fastrtps/rtps/common/Property.h
-- Installing: /tmp/agent-build/temp_install/fastrtps-2.14/include/fastrtps/rtps/common/InstanceHandle.h
-- Installing: /tmp/agent-build/temp_install/fastrtps-2.14/include/fastrtps/rtps/common/LocatorSelectorEntry.hpp
-- Installing: /tmp/agent-build/temp_install/fastrtps-2.14/include/fastrtps/rtps/common/all_common.h
-- Installing: /tmp/agent-build/temp_install/fastrtps-2.14/include/fastrtps/rtps/common/Token.h
-- Installing: /tmp/agent-build/temp_install/fastrtps-2.14/include/fastrtps/rtps/common/LocatorListComparisons.hpp
-- Installing: /tmp/agent-build/temp_install/fastrtps-2.14/include/fastrtps/rtps/common/RemoteLocators.hpp
-- Installing: /tmp/agent-build/temp_install/fastrtps-2.14/include/fastrtps/rtps/common/SampleIdentity.h
-- Installing: /tmp/agent-build/temp_install/fastrtps-2.14/include/fastrtps/rtps/common/MatchingInfo.h
-- Installing: /tmp/agent-build/temp_install/fastrtps-2.14/include/fastrtps/rtps/common/CDRMessage_t.h
-- Installing: /tmp/agent-build/temp_install/fastrtps-2.14/include/fastrtps/rtps/common/Locator.h
-- Installing: /tmp/agent-build/temp_install/fastrtps-2.14/include/fastrtps/rtps/common/CacheChange.h
-- Installing: /tmp/agent-build/temp_install/fastrtps-2.14/include/fastrtps/rtps/common/Time_t.h
-- Installing: /tmp/agent-build/temp_install/fastrtps-2.14/include/fastrtps/rtps/common/Guid.h
-- Installing: /tmp/agent-build/temp_install/fastrtps-2.14/include/fastrtps/rtps/common/Types.h
-- Installing: /tmp/agent-build/temp_install/fastrtps-2.14/include/fastrtps/rtps/common/FragmentNumber.h
-- Installing: /tmp/agent-build/temp_install/fastrtps-2.14/include/fastrtps/rtps/exceptions
-- Installing: /tmp/agent-build/temp_install/fastrtps-2.14/include/fastrtps/rtps/exceptions/Exception.h
-- Installing: /tmp/agent-build/temp_install/fastrtps-2.14/include/fastdds
-- Installing: /tmp/agent-build/temp_install/fastrtps-2.14/include/fastdds/dds
-- Installing: /tmp/agent-build/temp_install/fastrtps-2.14/include/fastdds/dds/publisher
-- Installing: /tmp/agent-build/temp_install/fastrtps-2.14/include/fastdds/dds/publisher/Publisher.hpp
-- Installing: /tmp/agent-build/temp_install/fastrtps-2.14/include/fastdds/dds/publisher/DataWriterListener.hpp
-- Installing: /tmp/agent-build/temp_install/fastrtps-2.14/include/fastdds/dds/publisher/PublisherListener.hpp
-- Installing: /tmp/agent-build/temp_install/fastrtps-2.14/include/fastdds/dds/publisher/qos
-- Installing: /tmp/agent-build/temp_install/fastrtps-2.14/include/fastdds/dds/publisher/qos/WriterQos.hpp
-- Installing: /tmp/agent-build/temp_install/fastrtps-2.14/include/fastdds/dds/publisher/qos/PublisherQos.hpp
-- Installing: /tmp/agent-build/temp_install/fastrtps-2.14/include/fastdds/dds/publisher/qos/DataWriterQos.hpp
-- Installing: /tmp/agent-build/temp_install/fastrtps-2.14/include/fastdds/dds/publisher/DataWriter.hpp
-- Installing: /tmp/agent-build/temp_install/fastrtps-2.14/include/fastdds/dds/subscriber
-- Installing: /tmp/agent-build/temp_install/fastrtps-2.14/include/fastdds/dds/subscriber/ViewState.hpp
-- Installing: /tmp/agent-build/temp_install/fastrtps-2.14/include/fastdds/dds/subscriber/SubscriberListener.hpp
-- Installing: /tmp/agent-build/temp_install/fastrtps-2.14/include/fastdds/dds/subscriber/SampleState.hpp
-- Installing: /tmp/agent-build/temp_install/fastrtps-2.14/include/fastdds/dds/subscriber/InstanceState.hpp
-- Installing: /tmp/agent-build/temp_install/fastrtps-2.14/include/fastdds/dds/subscriber/SampleInfo.hpp
-- Installing: /tmp/agent-build/temp_install/fastrtps-2.14/include/fastdds/dds/subscriber/DataReaderListener.hpp
-- Installing: /tmp/agent-build/temp_install/fastrtps-2.14/include/fastdds/dds/subscriber/qos
-- Installing: /tmp/agent-build/temp_install/fastrtps-2.14/include/fastdds/dds/subscriber/qos/ReaderQos.hpp
-- Installing: /tmp/agent-build/temp_install/fastrtps-2.14/include/fastdds/dds/subscriber/qos/DataReaderQos.hpp
-- Installing: /tmp/agent-build/temp_install/fastrtps-2.14/include/fastdds/dds/subscriber/qos/SubscriberQos.hpp
-- Installing: /tmp/agent-build/temp_install/fastrtps-2.14/include/fastdds/dds/subscriber/Subscriber.hpp
-- Installing: /tmp/agent-build/temp_install/fastrtps-2.14/include/fastdds/dds/subscriber/DataReader.hpp
-- Installing: /tmp/agent-build/temp_install/fastrtps-2.14/include/fastdds/dds/subscriber/ReadCondition.hpp
-- Installing: /tmp/agent-build/temp_install/fastrtps-2.14/include/fastdds/dds/log
-- Installing: /tmp/agent-build/temp_install/fastrtps-2.14/include/fastdds/dds/log/StdoutErrConsumer.hpp
-- Installing: /tmp/agent-build/temp_install/fastrtps-2.14/include/fastdds/dds/log/FileConsumer.hpp
-- Installing: /tmp/agent-build/temp_install/fastrtps-2.14/include/fastdds/dds/log/Colors.hpp
-- Installing: /tmp/agent-build/temp_install/fastrtps-2.14/include/fastdds/dds/log/OStreamConsumer.hpp
-- Installing: /tmp/agent-build/temp_install/fastrtps-2.14/include/fastdds/dds/log/StdoutConsumer.hpp
-- Installing: /tmp/agent-build/temp_install/fastrtps-2.14/include/fastdds/dds/log/Log.hpp
-- Installing: /tmp/agent-build/temp_install/fastrtps-2.14/include/fastdds/dds/domain
-- Installing: /tmp/agent-build/temp_install/fastrtps-2.14/include/fastdds/dds/domain/DomainParticipant.hpp
-- Installing: /tmp/agent-build/temp_install/fastrtps-2.14/include/fastdds/dds/domain/qos
-- Installing: /tmp/agent-build/temp_install/fastrtps-2.14/include/fastdds/dds/domain/qos/DomainParticipantFactoryQos.hpp
-- Installing: /tmp/agent-build/temp_install/fastrtps-2.14/include/fastdds/dds/domain/qos/DomainParticipantQos.hpp
-- Installing: /tmp/agent-build/temp_install/fastrtps-2.14/include/fastdds/dds/domain/DomainParticipantListener.hpp
-- Installing: /tmp/agent-build/temp_install/fastrtps-2.14/include/fastdds/dds/domain/DomainParticipantFactory.hpp
-- Installing: /tmp/agent-build/temp_install/fastrtps-2.14/include/fastdds/dds/builtin
-- Installing: /tmp/agent-build/temp_install/fastrtps-2.14/include/fastdds/dds/builtin/typelookup
-- Installing: /tmp/agent-build/temp_install/fastrtps-2.14/include/fastdds/dds/builtin/typelookup/TypeLookupReplyListener.hpp
-- Installing: /tmp/agent-build/temp_install/fastrtps-2.14/include/fastdds/dds/builtin/typelookup/common
-- Installing: /tmp/agent-build/temp_install/fastrtps-2.14/include/fastdds/dds/builtin/typelookup/common/TypeLookupTypes.hpp
-- Installing: /tmp/agent-build/temp_install/fastrtps-2.14/include/fastdds/dds/builtin/typelookup/TypeLookupManager.hpp
-- Installing: /tmp/agent-build/temp_install/fastrtps-2.14/include/fastdds/dds/builtin/typelookup/TypeLookupRequestListener.hpp
-- Installing: /tmp/agent-build/temp_install/fastrtps-2.14/include/fastdds/dds/builtin/common
-- Installing: /tmp/agent-build/temp_install/fastrtps-2.14/include/fastdds/dds/builtin/common/ReplyHeader.hpp
-- Installing: /tmp/agent-build/temp_install/fastrtps-2.14/include/fastdds/dds/builtin/common/Types.hpp
-- Installing: /tmp/agent-build/temp_install/fastrtps-2.14/include/fastdds/dds/builtin/common/RequestHeader.hpp
-- Installing: /tmp/agent-build/temp_install/fastrtps-2.14/include/fastdds/dds/builtin/topic
-- Installing: /tmp/agent-build/temp_install/fastrtps-2.14/include/fastdds/dds/builtin/topic/PublicationBuiltinTopicData.hpp
-- Installing: /tmp/agent-build/temp_install/fastrtps-2.14/include/fastdds/dds/builtin/topic/SubscriptionBuiltinTopicData.hpp
-- Installing: /tmp/agent-build/temp_install/fastrtps-2.14/include/fastdds/dds/builtin/topic/BuiltinTopicKey.hpp
-- Installing: /tmp/agent-build/temp_install/fastrtps-2.14/include/fastdds/dds/builtin/topic/ParticipantBuiltinTopicData.hpp
-- Installing: /tmp/agent-build/temp_install/fastrtps-2.14/include/fastdds/dds/builtin/topic/TopicBuiltinTopicData.hpp
-- Installing: /tmp/agent-build/temp_install/fastrtps-2.14/include/fastdds/dds/core
-- Installing: /tmp/agent-build/temp_install/fastrtps-2.14/include/fastdds/dds/core/condition
-- Installing: /tmp/agent-build/temp_install/fastrtps-2.14/include/fastdds/dds/core/condition/WaitSet.hpp
-- Installing: /tmp/agent-build/temp_install/fastrtps-2.14/include/fastdds/dds/core/condition/StatusCondition.hpp
-- Installing: /tmp/agent-build/temp_install/fastrtps-2.14/include/fastdds/dds/core/condition/Condition.hpp
-- Installing: /tmp/agent-build/temp_install/fastrtps-2.14/include/fastdds/dds/core/condition/GuardCondition.hpp
-- Installing: /tmp/agent-build/temp_install/fastrtps-2.14/include/fastdds/dds/core/LoanableTypedCollection.hpp
-- Installing: /tmp/agent-build/temp_install/fastrtps-2.14/include/fastdds/dds/core/Entity.hpp
-- Installing: /tmp/agent-build/temp_install/fastrtps-2.14/include/fastdds/dds/core/LoanableArray.hpp
-- Installing: /tmp/agent-build/temp_install/fastrtps-2.14/include/fastdds/dds/core/LoanableCollection.hpp
-- Installing: /tmp/agent-build/temp_install/fastrtps-2.14/include/fastdds/dds/core/UserAllocatedSequence.hpp
-- Installing: /tmp/agent-build/temp_install/fastrtps-2.14/include/fastdds/dds/core/LoanableSequence.hpp
-- Installing: /tmp/agent-build/temp_install/fastrtps-2.14/include/fastdds/dds/core/policy
-- Installing: /tmp/agent-build/temp_install/fastrtps-2.14/include/fastdds/dds/core/policy/ParameterTypes.hpp
-- Installing: /tmp/agent-build/temp_install/fastrtps-2.14/include/fastdds/dds/core/policy/ReaderDataLifecycleQosPolicy.hpp
-- Installing: /tmp/agent-build/temp_install/fastrtps-2.14/include/fastdds/dds/core/policy/WriterDataLifecycleQosPolicy.hpp
-- Installing: /tmp/agent-build/temp_install/fastrtps-2.14/include/fastdds/dds/core/policy/QosPolicies.hpp
-- Installing: /tmp/agent-build/temp_install/fastrtps-2.14/include/fastdds/dds/core/status
-- Installing: /tmp/agent-build/temp_install/fastrtps-2.14/include/fastdds/dds/core/status/BaseStatus.hpp
-- Installing: /tmp/agent-build/temp_install/fastrtps-2.14/include/fastdds/dds/core/status/MatchedStatus.hpp
-- Installing: /tmp/agent-build/temp_install/fastrtps-2.14/include/fastdds/dds/core/status/PublicationMatchedStatus.hpp
-- Installing: /tmp/agent-build/temp_install/fastrtps-2.14/include/fastdds/dds/core/status/StatusMask.hpp
-- Installing: /tmp/agent-build/temp_install/fastrtps-2.14/include/fastdds/dds/core/status/LivelinessChangedStatus.hpp
-- Installing: /tmp/agent-build/temp_install/fastrtps-2.14/include/fastdds/dds/core/status/DeadlineMissedStatus.hpp
-- Installing: /tmp/agent-build/temp_install/fastrtps-2.14/include/fastdds/dds/core/status/SubscriptionMatchedStatus.hpp
-- Installing: /tmp/agent-build/temp_install/fastrtps-2.14/include/fastdds/dds/core/status/SampleRejectedStatus.hpp
-- Installing: /tmp/agent-build/temp_install/fastrtps-2.14/include/fastdds/dds/core/status/IncompatibleQosStatus.hpp
-- Installing: /tmp/agent-build/temp_install/fastrtps-2.14/include/fastdds/dds/core/StackAllocatedSequence.hpp
-- Installing: /tmp/agent-build/temp_install/fastrtps-2.14/include/fastdds/dds/common
-- Installing: /tmp/agent-build/temp_install/fastrtps-2.14/include/fastdds/dds/common/InstanceHandle.hpp
-- Installing: /tmp/agent-build/temp_install/fastrtps-2.14/include/fastdds/dds/topic
-- Installing: /tmp/agent-build/temp_install/fastrtps-2.14/include/fastdds/dds/topic/TopicDataType.hpp
-- Installing: /tmp/agent-build/temp_install/fastrtps-2.14/include/fastdds/dds/topic/TopicListener.hpp
-- Installing: /tmp/agent-build/temp_install/fastrtps-2.14/include/fastdds/dds/topic/IContentFilter.hpp
-- Installing: /tmp/agent-build/temp_install/fastrtps-2.14/include/fastdds/dds/topic/Topic.hpp
-- Installing: /tmp/agent-build/temp_install/fastrtps-2.14/include/fastdds/dds/topic/TopicDescription.hpp
-- Installing: /tmp/agent-build/temp_install/fastrtps-2.14/include/fastdds/dds/topic/qos
-- Installing: /tmp/agent-build/temp_install/fastrtps-2.14/include/fastdds/dds/topic/qos/TopicQos.hpp
-- Installing: /tmp/agent-build/temp_install/fastrtps-2.14/include/fastdds/dds/topic/TypeSupport.hpp
-- Installing: /tmp/agent-build/temp_install/fastrtps-2.14/include/fastdds/dds/topic/ContentFilteredTopic.hpp
-- Installing: /tmp/agent-build/temp_install/fastrtps-2.14/include/fastdds/dds/topic/IContentFilterFactory.hpp
-- Installing: /tmp/agent-build/temp_install/fastrtps-2.14/include/fastdds/statistics
-- Installing: /tmp/agent-build/temp_install/fastrtps-2.14/include/fastdds/statistics/dds
-- Installing: /tmp/agent-build/temp_install/fastrtps-2.14/include/fastdds/statistics/dds/publisher
-- Installing: /tmp/agent-build/temp_install/fastrtps-2.14/include/fastdds/statistics/dds/publisher/qos
-- Installing: /tmp/agent-build/temp_install/fastrtps-2.14/include/fastdds/statistics/dds/publisher/qos/DataWriterQos.hpp
-- Installing: /tmp/agent-build/temp_install/fastrtps-2.14/include/fastdds/statistics/dds/subscriber
-- Installing: /tmp/agent-build/temp_install/fastrtps-2.14/include/fastdds/statistics/dds/subscriber/qos
-- Installing: /tmp/agent-build/temp_install/fastrtps-2.14/include/fastdds/statistics/dds/subscriber/qos/DataReaderQos.hpp
-- Installing: /tmp/agent-build/temp_install/fastrtps-2.14/include/fastdds/statistics/dds/domain
-- Installing: /tmp/agent-build/temp_install/fastrtps-2.14/include/fastdds/statistics/dds/domain/DomainParticipant.hpp
-- Installing: /tmp/agent-build/temp_install/fastrtps-2.14/include/fastdds/statistics/topic_names.hpp
-- Installing: /tmp/agent-build/temp_install/fastrtps-2.14/include/fastdds/statistics/rtps
-- Installing: /tmp/agent-build/temp_install/fastrtps-2.14/include/fastdds/statistics/rtps/StatisticsCommon.hpp
-- Installing: /tmp/agent-build/temp_install/fastrtps-2.14/include/fastdds/statistics/rtps/monitor_service
-- Installing: /tmp/agent-build/temp_install/fastrtps-2.14/include/fastdds/statistics/rtps/monitor_service/interfaces
-- Installing: /tmp/agent-build/temp_install/fastrtps-2.14/include/fastdds/statistics/rtps/monitor_service/interfaces/IProxyQueryable.hpp
-- Installing: /tmp/agent-build/temp_install/fastrtps-2.14/include/fastdds/statistics/rtps/monitor_service/connections_fwd.hpp
-- Installing: /tmp/agent-build/temp_install/fastrtps-2.14/include/fastdds/statistics/IListeners.hpp
-- Installing: /tmp/agent-build/temp_install/fastrtps-2.14/include/fastdds/rtps
-- Installing: /tmp/agent-build/temp_install/fastrtps-2.14/include/fastdds/rtps/Endpoint.h
-- Installing: /tmp/agent-build/temp_install/fastrtps-2.14/include/fastdds/rtps/network
-- Installing: /tmp/agent-build/temp_install/fastrtps-2.14/include/fastdds/rtps/network/SenderResource.h
-- Installing: /tmp/agent-build/temp_install/fastrtps-2.14/include/fastdds/rtps/attributes
-- Installing: /tmp/agent-build/temp_install/fastrtps-2.14/include/fastdds/rtps/attributes/BuiltinTransports.hpp
-- Installing: /tmp/agent-build/temp_install/fastrtps-2.14/include/fastdds/rtps/attributes/RTPSParticipantAttributes.h
-- Installing: /tmp/agent-build/temp_install/fastrtps-2.14/include/fastdds/rtps/attributes/ReaderAttributes.h
-- Installing: /tmp/agent-build/temp_install/fastrtps-2.14/include/fastdds/rtps/attributes/ExternalLocators.hpp
-- Installing: /tmp/agent-build/temp_install/fastrtps-2.14/include/fastdds/rtps/attributes/EndpointAttributes.h
-- Installing: /tmp/agent-build/temp_install/fastrtps-2.14/include/fastdds/rtps/attributes/RTPSParticipantAllocationAttributes.hpp
-- Installing: /tmp/agent-build/temp_install/fastrtps-2.14/include/fastdds/rtps/attributes/PropertyPolicy.h
-- Installing: /tmp/agent-build/temp_install/fastrtps-2.14/include/fastdds/rtps/attributes/HistoryAttributes.h
-- Installing: /tmp/agent-build/temp_install/fastrtps-2.14/include/fastdds/rtps/attributes/ServerAttributes.h
-- Installing: /tmp/agent-build/temp_install/fastrtps-2.14/include/fastdds/rtps/attributes/ThreadSettings.hpp
-- Installing: /tmp/agent-build/temp_install/fastrtps-2.14/include/fastdds/rtps/attributes/WriterAttributes.h
-- Installing: /tmp/agent-build/temp_install/fastrtps-2.14/include/fastdds/rtps/interfaces
-- Installing: /tmp/agent-build/temp_install/fastrtps-2.14/include/fastdds/rtps/interfaces/IReaderDataFilter.hpp
-- Installing: /tmp/agent-build/temp_install/fastrtps-2.14/include/fastdds/rtps/history
-- Installing: /tmp/agent-build/temp_install/fastrtps-2.14/include/fastdds/rtps/history/IPayloadPool.h
-- Installing: /tmp/agent-build/temp_install/fastrtps-2.14/include/fastdds/rtps/history/WriterHistory.h
-- Installing: /tmp/agent-build/temp_install/fastrtps-2.14/include/fastdds/rtps/history/History.h
-- Installing: /tmp/agent-build/temp_install/fastrtps-2.14/include/fastdds/rtps/history/IChangePool.h
-- Installing: /tmp/agent-build/temp_install/fastrtps-2.14/include/fastdds/rtps/history/ReaderHistory.h
-- Installing: /tmp/agent-build/temp_install/fastrtps-2.14/include/fastdds/rtps/rtps_all.h
-- Installing: /tmp/agent-build/temp_install/fastrtps-2.14/include/fastdds/rtps/security
-- Installing: /tmp/agent-build/temp_install/fastrtps-2.14/include/fastdds/rtps/security/logging
-- Installing: /tmp/agent-build/temp_install/fastrtps-2.14/include/fastdds/rtps/security/logging/LogOptions.h
-- Installing: /tmp/agent-build/temp_install/fastrtps-2.14/include/fastdds/rtps/security/logging/LoggingLevel.h
-- Installing: /tmp/agent-build/temp_install/fastrtps-2.14/include/fastdds/rtps/security/logging/Logging.h
-- Installing: /tmp/agent-build/temp_install/fastrtps-2.14/include/fastdds/rtps/security/logging/BuiltinLoggingType.h
-- Installing: /tmp/agent-build/temp_install/fastrtps-2.14/include/fastdds/rtps/security/logging/NameValuePair.h
-- Installing: /tmp/agent-build/temp_install/fastrtps-2.14/include/fastdds/rtps/security/authentication
-- Installing: /tmp/agent-build/temp_install/fastrtps-2.14/include/fastdds/rtps/security/authentication/Handshake.h
-- Installing: /tmp/agent-build/temp_install/fastrtps-2.14/include/fastdds/rtps/security/authentication/Authentication.h
-- Installing: /tmp/agent-build/temp_install/fastrtps-2.14/include/fastdds/rtps/security/accesscontrol
-- Installing: /tmp/agent-build/temp_install/fastrtps-2.14/include/fastdds/rtps/security/accesscontrol/SecurityMaskUtilities.h
-- Installing: /tmp/agent-build/temp_install/fastrtps-2.14/include/fastdds/rtps/security/accesscontrol/ParticipantSecurityAttributes.h
-- Installing: /tmp/agent-build/temp_install/fastrtps-2.14/include/fastdds/rtps/security/accesscontrol/AccessControl.h
-- Installing: /tmp/agent-build/temp_install/fastrtps-2.14/include/fastdds/rtps/security/accesscontrol/EndpointSecurityAttributes.h
-- Installing: /tmp/agent-build/temp_install/fastrtps-2.14/include/fastdds/rtps/security/cryptography
-- Installing: /tmp/agent-build/temp_install/fastrtps-2.14/include/fastdds/rtps/security/cryptography/CryptoTypes.h
-- Installing: /tmp/agent-build/temp_install/fastrtps-2.14/include/fastdds/rtps/security/cryptography/Cryptography.h
-- Installing: /tmp/agent-build/temp_install/fastrtps-2.14/include/fastdds/rtps/security/cryptography/CryptoKeyFactory.h
-- Installing: /tmp/agent-build/temp_install/fastrtps-2.14/include/fastdds/rtps/security/cryptography/CryptoTransform.h
-- Installing: /tmp/agent-build/temp_install/fastrtps-2.14/include/fastdds/rtps/security/cryptography/CryptoKeyExchange.h
-- Installing: /tmp/agent-build/temp_install/fastrtps-2.14/include/fastdds/rtps/security/common
-- Installing: /tmp/agent-build/temp_install/fastrtps-2.14/include/fastdds/rtps/security/common/SharedSecretHandle.h
-- Installing: /tmp/agent-build/temp_install/fastrtps-2.14/include/fastdds/rtps/security/common/ParticipantGenericMessage.h
-- Installing: /tmp/agent-build/temp_install/fastrtps-2.14/include/fastdds/rtps/security/common/Handle.h
-- Installing: /tmp/agent-build/temp_install/fastrtps-2.14/include/fastdds/rtps/security/exceptions
-- Installing: /tmp/agent-build/temp_install/fastrtps-2.14/include/fastdds/rtps/security/exceptions/SecurityException.h
-- Installing: /tmp/agent-build/temp_install/fastrtps-2.14/include/fastdds/rtps/RTPSDomain.h
-- Installing: /tmp/agent-build/temp_install/fastrtps-2.14/include/fastdds/rtps/flowcontrol
-- Installing: /tmp/agent-build/temp_install/fastrtps-2.14/include/fastdds/rtps/flowcontrol/ThroughputControllerDescriptor.h
-- Installing: /tmp/agent-build/temp_install/fastrtps-2.14/include/fastdds/rtps/flowcontrol/FlowControllerSchedulerPolicy.hpp
-- Installing: /tmp/agent-build/temp_install/fastrtps-2.14/include/fastdds/rtps/flowcontrol/FlowControllerDescriptor.hpp
-- Installing: /tmp/agent-build/temp_install/fastrtps-2.14/include/fastdds/rtps/flowcontrol/FlowControllerConsts.hpp
-- Installing: /tmp/agent-build/temp_install/fastrtps-2.14/include/fastdds/rtps/writer
-- Installing: /tmp/agent-build/temp_install/fastrtps-2.14/include/fastdds/rtps/writer/LivelinessManager.h
-- Installing: /tmp/agent-build/temp_install/fastrtps-2.14/include/fastdds/rtps/writer/WriterListener.h
-- Installing: /tmp/agent-build/temp_install/fastrtps-2.14/include/fastdds/rtps/writer/StatefulWriter.h
-- Installing: /tmp/agent-build/temp_install/fastrtps-2.14/include/fastdds/rtps/writer/StatelessPersistentWriter.h
-- Installing: /tmp/agent-build/temp_install/fastrtps-2.14/include/fastdds/rtps/writer/DeliveryRetCode.hpp
-- Installing: /tmp/agent-build/temp_install/fastrtps-2.14/include/fastdds/rtps/writer/StatelessWriter.h
-- Installing: /tmp/agent-build/temp_install/fastrtps-2.14/include/fastdds/rtps/writer/PersistentWriter.h
-- Installing: /tmp/agent-build/temp_install/fastrtps-2.14/include/fastdds/rtps/writer/RTPSWriter.h
-- Installing: /tmp/agent-build/temp_install/fastrtps-2.14/include/fastdds/rtps/writer/LivelinessData.h
-- Installing: /tmp/agent-build/temp_install/fastrtps-2.14/include/fastdds/rtps/writer/LocatorSelectorSender.hpp
-- Installing: /tmp/agent-build/temp_install/fastrtps-2.14/include/fastdds/rtps/writer/WriterDiscoveryInfo.h
-- Installing: /tmp/agent-build/temp_install/fastrtps-2.14/include/fastdds/rtps/writer/ReaderProxy.h
-- Installing: /tmp/agent-build/temp_install/fastrtps-2.14/include/fastdds/rtps/writer/ReaderLocator.h
-- Installing: /tmp/agent-build/temp_install/fastrtps-2.14/include/fastdds/rtps/writer/StatefulPersistentWriter.h
-- Installing: /tmp/agent-build/temp_install/fastrtps-2.14/include/fastdds/rtps/writer/IReaderDataFilter.hpp
-- Installing: /tmp/agent-build/temp_install/fastrtps-2.14/include/fastdds/rtps/writer/ChangeForReader.h
-- Installing: /tmp/agent-build/temp_install/fastrtps-2.14/include/fastdds/rtps/rtps_fwd.h
-- Installing: /tmp/agent-build/temp_install/fastrtps-2.14/include/fastdds/rtps/builtin
-- Installing: /tmp/agent-build/temp_install/fastrtps-2.14/include/fastdds/rtps/builtin/data
-- Installing: /tmp/agent-build/temp_install/fastrtps-2.14/include/fastdds/rtps/builtin/data/ParticipantProxyData.h
-- Installing: /tmp/agent-build/temp_install/fastrtps-2.14/include/fastdds/rtps/builtin/data/ContentFilterProperty.hpp
-- Installing: /tmp/agent-build/temp_install/fastrtps-2.14/include/fastdds/rtps/builtin/data/WriterProxyData.h
-- Installing: /tmp/agent-build/temp_install/fastrtps-2.14/include/fastdds/rtps/builtin/data/BuiltinEndpoints.hpp
-- Installing: /tmp/agent-build/temp_install/fastrtps-2.14/include/fastdds/rtps/builtin/data/NetworkConfiguration.hpp
-- Installing: /tmp/agent-build/temp_install/fastrtps-2.14/include/fastdds/rtps/builtin/data/ReaderProxyData.h
-- Installing: /tmp/agent-build/temp_install/fastrtps-2.14/include/fastdds/rtps/builtin/liveliness
-- Installing: /tmp/agent-build/temp_install/fastrtps-2.14/include/fastdds/rtps/builtin/liveliness/WLPListener.h
-- Installing: /tmp/agent-build/temp_install/fastrtps-2.14/include/fastdds/rtps/builtin/liveliness/WLP.h
-- Installing: /tmp/agent-build/temp_install/fastrtps-2.14/include/fastdds/rtps/builtin/discovery
-- Installing: /tmp/agent-build/temp_install/fastrtps-2.14/include/fastdds/rtps/builtin/discovery/endpoint
-- Installing: /tmp/agent-build/temp_install/fastrtps-2.14/include/fastdds/rtps/builtin/discovery/endpoint/EDP.h
-- Installing: /tmp/agent-build/temp_install/fastrtps-2.14/include/fastdds/rtps/builtin/discovery/endpoint/EDPStatic.h
-- Installing: /tmp/agent-build/temp_install/fastrtps-2.14/include/fastdds/rtps/builtin/discovery/endpoint/EDPSimple.h
-- Installing: /tmp/agent-build/temp_install/fastrtps-2.14/include/fastdds/rtps/builtin/discovery/participant
-- Installing: /tmp/agent-build/temp_install/fastrtps-2.14/include/fastdds/rtps/builtin/discovery/participant/PDPListener.h
-- Installing: /tmp/agent-build/temp_install/fastrtps-2.14/include/fastdds/rtps/builtin/discovery/participant/PDP.h
-- Installing: /tmp/agent-build/temp_install/fastrtps-2.14/include/fastdds/rtps/builtin/discovery/participant/PDPSimple.h
-- Installing: /tmp/agent-build/temp_install/fastrtps-2.14/include/fastdds/rtps/builtin/BuiltinProtocols.h
-- Installing: /tmp/agent-build/temp_install/fastrtps-2.14/include/fastdds/rtps/messages
-- Installing: /tmp/agent-build/temp_install/fastrtps-2.14/include/fastdds/rtps/messages/CDRMessage.h
-- Installing: /tmp/agent-build/temp_install/fastrtps-2.14/include/fastdds/rtps/messages/MessageReceiver.h
-- Installing: /tmp/agent-build/temp_install/fastrtps-2.14/include/fastdds/rtps/messages/CDRMessage.hpp
-- Installing: /tmp/agent-build/temp_install/fastrtps-2.14/include/fastdds/rtps/messages/RTPSMessageCreator.h
-- Installing: /tmp/agent-build/temp_install/fastrtps-2.14/include/fastdds/rtps/messages/RTPS_messages.h
-- Installing: /tmp/agent-build/temp_install/fastrtps-2.14/include/fastdds/rtps/messages/RTPSMessageGroup.h
-- Installing: /tmp/agent-build/temp_install/fastrtps-2.14/include/fastdds/rtps/messages/RTPSMessageSenderInterface.hpp
-- Installing: /tmp/agent-build/temp_install/fastrtps-2.14/include/fastdds/rtps/resources
-- Installing: /tmp/agent-build/temp_install/fastrtps-2.14/include/fastdds/rtps/resources/TimedEvent.h
-- Installing: /tmp/agent-build/temp_install/fastrtps-2.14/include/fastdds/rtps/resources/ResourceManagement.h
-- Installing: /tmp/agent-build/temp_install/fastrtps-2.14/include/fastdds/rtps/resources/ResourceEvent.h
-- Installing: /tmp/agent-build/temp_install/fastrtps-2.14/include/fastdds/rtps/participant
-- Installing: /tmp/agent-build/temp_install/fastrtps-2.14/include/fastdds/rtps/participant/ParticipantDiscoveryInfo.h
-- Installing: /tmp/agent-build/temp_install/fastrtps-2.14/include/fastdds/rtps/participant/RTPSParticipantListener.h
-- Installing: /tmp/agent-build/temp_install/fastrtps-2.14/include/fastdds/rtps/participant/RTPSParticipant.h
-- Installing: /tmp/agent-build/temp_install/fastrtps-2.14/include/fastdds/rtps/transport
-- Installing: /tmp/agent-build/temp_install/fastrtps-2.14/include/fastdds/rtps/transport/network
-- Installing: /tmp/agent-build/temp_install/fastrtps-2.14/include/fastdds/rtps/transport/network/BlockedNetworkInterface.hpp
-- Installing: /tmp/agent-build/temp_install/fastrtps-2.14/include/fastdds/rtps/transport/network/NetmaskFilterKind.hpp
-- Installing: /tmp/agent-build/temp_install/fastrtps-2.14/include/fastdds/rtps/transport/network/NetworkInterface.hpp
-- Installing: /tmp/agent-build/temp_install/fastrtps-2.14/include/fastdds/rtps/transport/network/NetworkInterfaceWithFilter.hpp
-- Installing: /tmp/agent-build/temp_install/fastrtps-2.14/include/fastdds/rtps/transport/network/AllowedNetworkInterface.hpp
-- Installing: /tmp/agent-build/temp_install/fastrtps-2.14/include/fastdds/rtps/transport/TCPTransportDescriptor.h
-- Installing: /tmp/agent-build/temp_install/fastrtps-2.14/include/fastdds/rtps/transport/shared_mem
-- Installing: /tmp/agent-build/temp_install/fastrtps-2.14/include/fastdds/rtps/transport/shared_mem/SharedMemTransportDescriptor.h
-- Installing: /tmp/agent-build/temp_install/fastrtps-2.14/include/fastdds/rtps/transport/TransportInterface.h
-- Installing: /tmp/agent-build/temp_install/fastrtps-2.14/include/fastdds/rtps/transport/SenderResource.h
-- Installing: /tmp/agent-build/temp_install/fastrtps-2.14/include/fastdds/rtps/transport/TCPv4TransportDescriptor.h
-- Installing: /tmp/agent-build/temp_install/fastrtps-2.14/include/fastdds/rtps/transport/UDPv6TransportDescriptor.h
-- Installing: /tmp/agent-build/temp_install/fastrtps-2.14/include/fastdds/rtps/transport/TransportDescriptorInterface.h
-- Installing: /tmp/agent-build/temp_install/fastrtps-2.14/include/fastdds/rtps/transport/TCPv6TransportDescriptor.h
-- Installing: /tmp/agent-build/temp_install/fastrtps-2.14/include/fastdds/rtps/transport/ChainingTransportDescriptor.h
-- Installing: /tmp/agent-build/temp_install/fastrtps-2.14/include/fastdds/rtps/transport/TransportReceiverInterface.h
-- Installing: /tmp/agent-build/temp_install/fastrtps-2.14/include/fastdds/rtps/transport/PortBasedTransportDescriptor.hpp
-- Installing: /tmp/agent-build/temp_install/fastrtps-2.14/include/fastdds/rtps/transport/SocketTransportDescriptor.h
-- Installing: /tmp/agent-build/temp_install/fastrtps-2.14/include/fastdds/rtps/transport/ChainingTransport.h
-- Installing: /tmp/agent-build/temp_install/fastrtps-2.14/include/fastdds/rtps/transport/UDPTransportDescriptor.h
-- Installing: /tmp/agent-build/temp_install/fastrtps-2.14/include/fastdds/rtps/transport/UDPv4TransportDescriptor.h
-- Installing: /tmp/agent-build/temp_install/fastrtps-2.14/include/fastdds/rtps/transport/test_UDPv4TransportDescriptor.h
-- Installing: /tmp/agent-build/temp_install/fastrtps-2.14/include/fastdds/rtps/reader
-- Installing: /tmp/agent-build/temp_install/fastrtps-2.14/include/fastdds/rtps/reader/StatelessPersistentReader.h
-- Installing: /tmp/agent-build/temp_install/fastrtps-2.14/include/fastdds/rtps/reader/ReaderListener.h
-- Installing: /tmp/agent-build/temp_install/fastrtps-2.14/include/fastdds/rtps/reader/LocalReaderPointer.hpp
-- Installing: /tmp/agent-build/temp_install/fastrtps-2.14/include/fastdds/rtps/reader/StatefulPersistentReader.h
-- Installing: /tmp/agent-build/temp_install/fastrtps-2.14/include/fastdds/rtps/reader/StatelessReader.h
-- Installing: /tmp/agent-build/temp_install/fastrtps-2.14/include/fastdds/rtps/reader/RTPSReader.h
-- Installing: /tmp/agent-build/temp_install/fastrtps-2.14/include/fastdds/rtps/reader/ReaderDiscoveryInfo.h
-- Installing: /tmp/agent-build/temp_install/fastrtps-2.14/include/fastdds/rtps/reader/StatefulReader.h
-- Installing: /tmp/agent-build/temp_install/fastrtps-2.14/include/fastdds/rtps/common
-- Installing: /tmp/agent-build/temp_install/fastrtps-2.14/include/fastdds/rtps/common/LocatorsIterator.hpp
-- Installing: /tmp/agent-build/temp_install/fastrtps-2.14/include/fastdds/rtps/common/WriteParams.h
-- Installing: /tmp/agent-build/temp_install/fastrtps-2.14/include/fastdds/rtps/common/LocatorList.hpp
-- Installing: /tmp/agent-build/temp_install/fastrtps-2.14/include/fastdds/rtps/common/SequenceNumber.h
-- Installing: /tmp/agent-build/temp_install/fastrtps-2.14/include/fastdds/rtps/common/LocatorSelector.hpp
-- Installing: /tmp/agent-build/temp_install/fastrtps-2.14/include/fastdds/rtps/common/GuidPrefix_t.hpp
-- Installing: /tmp/agent-build/temp_install/fastrtps-2.14/include/fastdds/rtps/common/CdrSerialization.hpp
-- Installing: /tmp/agent-build/temp_install/fastrtps-2.14/include/fastdds/rtps/common/BinaryProperty.h
-- Installing: /tmp/agent-build/temp_install/fastrtps-2.14/include/fastdds/rtps/common/PortParameters.h
-- Installing: /tmp/agent-build/temp_install/fastrtps-2.14/include/fastdds/rtps/common/SerializedPayload.h
-- Installing: /tmp/agent-build/temp_install/fastrtps-2.14/include/fastdds/rtps/common/Property.h
-- Installing: /tmp/agent-build/temp_install/fastrtps-2.14/include/fastdds/rtps/common/InstanceHandle.h
-- Installing: /tmp/agent-build/temp_install/fastrtps-2.14/include/fastdds/rtps/common/LocatorSelectorEntry.hpp
-- Installing: /tmp/agent-build/temp_install/fastrtps-2.14/include/fastdds/rtps/common/EntityId_t.hpp
-- Installing: /tmp/agent-build/temp_install/fastrtps-2.14/include/fastdds/rtps/common/all_common.h
-- Installing: /tmp/agent-build/temp_install/fastrtps-2.14/include/fastdds/rtps/common/Token.h
-- Installing: /tmp/agent-build/temp_install/fastrtps-2.14/include/fastdds/rtps/common/LocatorListComparisons.hpp
-- Installing: /tmp/agent-build/temp_install/fastrtps-2.14/include/fastdds/rtps/common/RemoteLocators.hpp
-- Installing: /tmp/agent-build/temp_install/fastrtps-2.14/include/fastdds/rtps/common/SampleIdentity.h
-- Installing: /tmp/agent-build/temp_install/fastrtps-2.14/include/fastdds/rtps/common/MatchingInfo.h
-- Installing: /tmp/agent-build/temp_install/fastrtps-2.14/include/fastdds/rtps/common/LocatorWithMask.hpp
-- Installing: /tmp/agent-build/temp_install/fastrtps-2.14/include/fastdds/rtps/common/CDRMessage_t.h
-- Installing: /tmp/agent-build/temp_install/fastrtps-2.14/include/fastdds/rtps/common/Locator.h
-- Installing: /tmp/agent-build/temp_install/fastrtps-2.14/include/fastdds/rtps/common/CacheChange.h
-- Installing: /tmp/agent-build/temp_install/fastrtps-2.14/include/fastdds/rtps/common/Time_t.h
-- Installing: /tmp/agent-build/temp_install/fastrtps-2.14/include/fastdds/rtps/common/ChangeKind_t.hpp
-- Installing: /tmp/agent-build/temp_install/fastrtps-2.14/include/fastdds/rtps/common/Guid.h
-- Installing: /tmp/agent-build/temp_install/fastrtps-2.14/include/fastdds/rtps/common/Types.h
-- Installing: /tmp/agent-build/temp_install/fastrtps-2.14/include/fastdds/rtps/common/VendorId_t.hpp
-- Installing: /tmp/agent-build/temp_install/fastrtps-2.14/include/fastdds/rtps/common/FragmentNumber.h
-- Installing: /tmp/agent-build/temp_install/fastrtps-2.14/include/fastdds/rtps/exceptions
-- Installing: /tmp/agent-build/temp_install/fastrtps-2.14/include/fastdds/rtps/exceptions/Exception.h
-- Installing: /tmp/agent-build/temp_install/fastrtps-2.14/include/fastrtps/config.h
-- Up-to-date: /tmp/agent-build/temp_install/fastrtps-2.14/include/fastdds/statistics
-- Installing: /tmp/agent-build/temp_install/fastrtps-2.14/include/fastdds/statistics/monitorservice_types.idl
-- Up-to-date: /tmp/agent-build/temp_install/fastrtps-2.14/include/fastdds/statistics/dds
-- Up-to-date: /tmp/agent-build/temp_install/fastrtps-2.14/include/fastdds/statistics/dds/publisher
-- Up-to-date: /tmp/agent-build/temp_install/fastrtps-2.14/include/fastdds/statistics/dds/publisher/qos
-- Up-to-date: /tmp/agent-build/temp_install/fastrtps-2.14/include/fastdds/statistics/dds/subscriber
-- Up-to-date: /tmp/agent-build/temp_install/fastrtps-2.14/include/fastdds/statistics/dds/subscriber/qos
-- Up-to-date: /tmp/agent-build/temp_install/fastrtps-2.14/include/fastdds/statistics/dds/domain
-- Installing: /tmp/agent-build/temp_install/fastrtps-2.14/include/fastdds/statistics/types.idl
-- Up-to-date: /tmp/agent-build/temp_install/fastrtps-2.14/include/fastdds/statistics/rtps
-- Up-to-date: /tmp/agent-build/temp_install/fastrtps-2.14/include/fastdds/statistics/rtps/monitor_service
-- Up-to-date: /tmp/agent-build/temp_install/fastrtps-2.14/include/fastdds/statistics/rtps/monitor_service/interfaces
-- Installing: /tmp/agent-build/temp_install/fastrtps-2.14/lib/libfastrtps.so.2.14.7
-- Set non-toolchain portion of runtime path of "/tmp/agent-build/temp_install/fastrtps-2.14/lib/libfastrtps.so.2.14.7" to ""
-- Installing: /tmp/agent-build/temp_install/fastrtps-2.14/lib/libfastrtps.so
-- Installing: /tmp/agent-build/temp_install/fastrtps-2.14/share/fastrtps/cmake/fastrtps-shared-targets.cmake
-- Installing: /tmp/agent-build/temp_install/fastrtps-2.14/share/fastrtps/cmake/fastrtps-shared-targets-release.cmake
-- Installing: /tmp/agent-build/temp_install/fastrtps-2.14/share/fastrtps/cmake/fastrtps-config.cmake
-- Installing: /tmp/agent-build/temp_install/fastrtps-2.14/share/fastrtps/cmake/fastrtps-config-version.cmake
-- Installing: /tmp/agent-build/temp_install/fastrtps-2.14/include/fastdds/thirdparty/optionparser
-- Installing: /tmp/agent-build/temp_install/fastrtps-2.14/include/fastdds/thirdparty/optionparser/optionparser
-- Installing: /tmp/agent-build/temp_install/fastrtps-2.14/include/fastdds/thirdparty/optionparser/optionparser/optionparser.h
-- Installing: /tmp/agent-build/temp_install/fastrtps-2.14/include/fastdds/thirdparty/optionparser/optionparser.hpp
-- Installing: /tmp/agent-build/temp_install/fastrtps-2.14/share/fastrtps/cmake/optionparser-targets.cmake
-- Installing: /tmp/agent-build/temp_install/fastrtps-2.14/share/fastrtps/LICENSE
-- Installing: /tmp/agent-build/temp_install/fastrtps-2.14/share/fastRTPS_profiles.xsd
-- Installing: /tmp/agent-build/temp_install/fastrtps-2.14/share/fastdds_static_discovery.xsd
[ 59%] Performing test step for 'fastdds'
[ 61%] Completed 'fastdds'
[ 61%] Built target fastdds
[ 64%] Creating directories for 'spdlog'
[ 66%] Performing download step (git clone) for 'spdlog'
Cloning into 'spdlog'...
fatal: unable to access 'https://github.com/gabime/spdlog.git/': Failure when receiving data from the peer
Cloning into 'spdlog'...
-- Had to git clone more than once: 2 times.
HEAD is now at eb322062 Bump version to 1.9.2
[ 69%] Performing update step for 'spdlog'
[ 71%] No patch step for 'spdlog'
[ 73%] Performing configure step for 'spdlog'
loading initial cache file /tmp/agent-build/spdlog/tmp/spdlog-cache-Release.cmake
-- The CXX compiler identification is GNU 13.3.0
-- Detecting CXX compiler ABI info
-- Detecting CXX compiler ABI info - done
-- Check for working CXX compiler: /usr/bin/c++ - skipped
-- Detecting CXX compile features
-- Detecting CXX compile features - done
-- Build spdlog: 1.9.2
-- Performing Test CMAKE_HAVE_LIBC_PTHREAD
-- Performing Test CMAKE_HAVE_LIBC_PTHREAD - Success
-- Found Threads: TRUE  
-- Build type: Release
-- Generating example(s)
-- Generating install
-- Configuring done (0.2s)
-- Generating done (0.0s)
-- Build files have been written to: /tmp/agent-build/spdlog/src/spdlog-build
[ 76%] Performing build step for 'spdlog'
[ 10%] Building CXX object CMakeFiles/spdlog.dir/src/spdlog.cpp.o
[ 20%] Building CXX object CMakeFiles/spdlog.dir/src/stdout_sinks.cpp.o
[ 30%] Building CXX object CMakeFiles/spdlog.dir/src/color_sinks.cpp.o
[ 40%] Building CXX object CMakeFiles/spdlog.dir/src/file_sinks.cpp.o
[ 50%] Building CXX object CMakeFiles/spdlog.dir/src/async.cpp.o
[ 60%] Building CXX object CMakeFiles/spdlog.dir/src/cfg.cpp.o
[ 70%] Building CXX object CMakeFiles/spdlog.dir/src/fmt.cpp.o
[ 80%] Linking CXX static library libspdlog.a
[ 80%] Built target spdlog
[ 90%] Building CXX object example/CMakeFiles/example.dir/example.cpp.o
[100%] Linking CXX executable example
[100%] Built target example
[ 78%] Performing install step for 'spdlog'
[ 80%] Built target spdlog
[100%] Built target example
Install the project...
-- Install configuration: "Release"
-- Installing: /tmp/agent-build/temp_install/spdlog-1.9.2/include
-- Installing: /tmp/agent-build/temp_install/spdlog-1.9.2/include/spdlog
-- Installing: /tmp/agent-build/temp_install/spdlog-1.9.2/include/spdlog/async_logger.h
-- Installing: /tmp/agent-build/temp_install/spdlog-1.9.2/include/spdlog/async.h
-- Installing: /tmp/agent-build/temp_install/spdlog-1.9.2/include/spdlog/fmt
-- Installing: /tmp/agent-build/temp_install/spdlog-1.9.2/include/spdlog/fmt/fmt.h
-- Installing: /tmp/agent-build/temp_install/spdlog-1.9.2/include/spdlog/fmt/ostr.h
-- Installing: /tmp/agent-build/temp_install/spdlog-1.9.2/include/spdlog/fmt/chrono.h
-- Installing: /tmp/agent-build/temp_install/spdlog-1.9.2/include/spdlog/fmt/bin_to_hex.h
-- Installing: /tmp/agent-build/temp_install/spdlog-1.9.2/include/spdlog/fmt/xchar.h
-- Installing: /tmp/agent-build/temp_install/spdlog-1.9.2/include/spdlog/fmt/compile.h
-- Installing: /tmp/agent-build/temp_install/spdlog-1.9.2/include/spdlog/formatter.h
-- Installing: /tmp/agent-build/temp_install/spdlog-1.9.2/include/spdlog/pattern_formatter-inl.h
-- Installing: /tmp/agent-build/temp_install/spdlog-1.9.2/include/spdlog/spdlog.h
-- Installing: /tmp/agent-build/temp_install/spdlog-1.9.2/include/spdlog/version.h
-- Installing: /tmp/agent-build/temp_install/spdlog-1.9.2/include/spdlog/tweakme.h
-- Installing: /tmp/agent-build/temp_install/spdlog-1.9.2/include/spdlog/logger.h
-- Installing: /tmp/agent-build/temp_install/spdlog-1.9.2/include/spdlog/sinks
-- Installing: /tmp/agent-build/temp_install/spdlog-1.9.2/include/spdlog/sinks/basic_file_sink-inl.h
-- Installing: /tmp/agent-build/temp_install/spdlog-1.9.2/include/spdlog/sinks/stdout_sinks-inl.h
-- Installing: /tmp/agent-build/temp_install/spdlog-1.9.2/include/spdlog/sinks/base_sink-inl.h
-- Installing: /tmp/agent-build/temp_install/spdlog-1.9.2/include/spdlog/sinks/mongo_sink.h
-- Installing: /tmp/agent-build/temp_install/spdlog-1.9.2/include/spdlog/sinks/stdout_sinks.h
-- Installing: /tmp/agent-build/temp_install/spdlog-1.9.2/include/spdlog/sinks/ostream_sink.h
-- Installing: /tmp/agent-build/temp_install/spdlog-1.9.2/include/spdlog/sinks/syslog_sink.h
-- Installing: /tmp/agent-build/temp_install/spdlog-1.9.2/include/spdlog/sinks/dup_filter_sink.h
-- Installing: /tmp/agent-build/temp_install/spdlog-1.9.2/include/spdlog/sinks/win_eventlog_sink.h
-- Installing: /tmp/agent-build/temp_install/spdlog-1.9.2/include/spdlog/sinks/dist_sink.h
-- Installing: /tmp/agent-build/temp_install/spdlog-1.9.2/include/spdlog/sinks/daily_file_sink.h
-- Installing: /tmp/agent-build/temp_install/spdlog-1.9.2/include/spdlog/sinks/stdout_color_sinks.h
-- Installing: /tmp/agent-build/temp_install/spdlog-1.9.2/include/spdlog/sinks/hourly_file_sink.h
-- Installing: /tmp/agent-build/temp_install/spdlog-1.9.2/include/spdlog/sinks/ringbuffer_sink.h
-- Installing: /tmp/agent-build/temp_install/spdlog-1.9.2/include/spdlog/sinks/rotating_file_sink-inl.h
-- Installing: /tmp/agent-build/temp_install/spdlog-1.9.2/include/spdlog/sinks/rotating_file_sink.h
-- Installing: /tmp/agent-build/temp_install/spdlog-1.9.2/include/spdlog/sinks/basic_file_sink.h
-- Installing: /tmp/agent-build/temp_install/spdlog-1.9.2/include/spdlog/sinks/qt_sinks.h
-- Installing: /tmp/agent-build/temp_install/spdlog-1.9.2/include/spdlog/sinks/ansicolor_sink.h
-- Installing: /tmp/agent-build/temp_install/spdlog-1.9.2/include/spdlog/sinks/sink-inl.h
-- Installing: /tmp/agent-build/temp_install/spdlog-1.9.2/include/spdlog/sinks/sink.h
-- Installing: /tmp/agent-build/temp_install/spdlog-1.9.2/include/spdlog/sinks/stdout_color_sinks-inl.h
-- Installing: /tmp/agent-build/temp_install/spdlog-1.9.2/include/spdlog/sinks/msvc_sink.h
-- Installing: /tmp/agent-build/temp_install/spdlog-1.9.2/include/spdlog/sinks/null_sink.h
-- Installing: /tmp/agent-build/temp_install/spdlog-1.9.2/include/spdlog/sinks/base_sink.h
-- Installing: /tmp/agent-build/temp_install/spdlog-1.9.2/include/spdlog/sinks/systemd_sink.h
-- Installing: /tmp/agent-build/temp_install/spdlog-1.9.2/include/spdlog/sinks/ansicolor_sink-inl.h
-- Installing: /tmp/agent-build/temp_install/spdlog-1.9.2/include/spdlog/sinks/wincolor_sink-inl.h
-- Installing: /tmp/agent-build/temp_install/spdlog-1.9.2/include/spdlog/sinks/tcp_sink.h
-- Installing: /tmp/agent-build/temp_install/spdlog-1.9.2/include/spdlog/sinks/android_sink.h
-- Installing: /tmp/agent-build/temp_install/spdlog-1.9.2/include/spdlog/sinks/wincolor_sink.h
-- Installing: /tmp/agent-build/temp_install/spdlog-1.9.2/include/spdlog/logger-inl.h
-- Installing: /tmp/agent-build/temp_install/spdlog-1.9.2/include/spdlog/pattern_formatter.h
-- Installing: /tmp/agent-build/temp_install/spdlog-1.9.2/include/spdlog/common.h
-- Installing: /tmp/agent-build/temp_install/spdlog-1.9.2/include/spdlog/stopwatch.h
-- Installing: /tmp/agent-build/temp_install/spdlog-1.9.2/include/spdlog/details
-- Installing: /tmp/agent-build/temp_install/spdlog-1.9.2/include/spdlog/details/synchronous_factory.h
-- Installing: /tmp/agent-build/temp_install/spdlog-1.9.2/include/spdlog/details/thread_pool.h
-- Installing: /tmp/agent-build/temp_install/spdlog-1.9.2/include/spdlog/details/file_helper-inl.h
-- Installing: /tmp/agent-build/temp_install/spdlog-1.9.2/include/spdlog/details/periodic_worker.h
-- Installing: /tmp/agent-build/temp_install/spdlog-1.9.2/include/spdlog/details/tcp_client.h
-- Installing: /tmp/agent-build/temp_install/spdlog-1.9.2/include/spdlog/details/null_mutex.h
-- Installing: /tmp/agent-build/temp_install/spdlog-1.9.2/include/spdlog/details/circular_q.h
-- Installing: /tmp/agent-build/temp_install/spdlog-1.9.2/include/spdlog/details/file_helper.h
-- Installing: /tmp/agent-build/temp_install/spdlog-1.9.2/include/spdlog/details/log_msg-inl.h
-- Installing: /tmp/agent-build/temp_install/spdlog-1.9.2/include/spdlog/details/os-inl.h
-- Installing: /tmp/agent-build/temp_install/spdlog-1.9.2/include/spdlog/details/backtracer.h
-- Installing: /tmp/agent-build/temp_install/spdlog-1.9.2/include/spdlog/details/thread_pool-inl.h
-- Installing: /tmp/agent-build/temp_install/spdlog-1.9.2/include/spdlog/details/log_msg_buffer-inl.h
-- Installing: /tmp/agent-build/temp_install/spdlog-1.9.2/include/spdlog/details/mpmc_blocking_q.h
-- Installing: /tmp/agent-build/temp_install/spdlog-1.9.2/include/spdlog/details/console_globals.h
-- Installing: /tmp/agent-build/temp_install/spdlog-1.9.2/include/spdlog/details/backtracer-inl.h
-- Installing: /tmp/agent-build/temp_install/spdlog-1.9.2/include/spdlog/details/registry-inl.h
-- Installing: /tmp/agent-build/temp_install/spdlog-1.9.2/include/spdlog/details/windows_include.h
-- Installing: /tmp/agent-build/temp_install/spdlog-1.9.2/include/spdlog/details/periodic_worker-inl.h
-- Installing: /tmp/agent-build/temp_install/spdlog-1.9.2/include/spdlog/details/registry.h
-- Installing: /tmp/agent-build/temp_install/spdlog-1.9.2/include/spdlog/details/log_msg.h
-- Installing: /tmp/agent-build/temp_install/spdlog-1.9.2/include/spdlog/details/fmt_helper.h
-- Installing: /tmp/agent-build/temp_install/spdlog-1.9.2/include/spdlog/details/log_msg_buffer.h
-- Installing: /tmp/agent-build/temp_install/spdlog-1.9.2/include/spdlog/details/os.h
-- Installing: /tmp/agent-build/temp_install/spdlog-1.9.2/include/spdlog/details/tcp_client-windows.h
-- Installing: /tmp/agent-build/temp_install/spdlog-1.9.2/include/spdlog/common-inl.h
-- Installing: /tmp/agent-build/temp_install/spdlog-1.9.2/include/spdlog/fwd.h
-- Installing: /tmp/agent-build/temp_install/spdlog-1.9.2/include/spdlog/cfg
-- Installing: /tmp/agent-build/temp_install/spdlog-1.9.2/include/spdlog/cfg/argv.h
-- Installing: /tmp/agent-build/temp_install/spdlog-1.9.2/include/spdlog/cfg/env.h
-- Installing: /tmp/agent-build/temp_install/spdlog-1.9.2/include/spdlog/cfg/helpers-inl.h
-- Installing: /tmp/agent-build/temp_install/spdlog-1.9.2/include/spdlog/cfg/helpers.h
-- Installing: /tmp/agent-build/temp_install/spdlog-1.9.2/include/spdlog/async_logger-inl.h
-- Installing: /tmp/agent-build/temp_install/spdlog-1.9.2/include/spdlog/spdlog-inl.h
-- Installing: /tmp/agent-build/temp_install/spdlog-1.9.2/lib/libspdlog.a
-- Installing: /tmp/agent-build/temp_install/spdlog-1.9.2/include/spdlog/fmt/bundled/
-- Installing: /tmp/agent-build/temp_install/spdlog-1.9.2/include/spdlog/fmt/bundled//locale.h
-- Installing: /tmp/agent-build/temp_install/spdlog-1.9.2/include/spdlog/fmt/bundled//core.h
-- Installing: /tmp/agent-build/temp_install/spdlog-1.9.2/include/spdlog/fmt/bundled//printf.h
-- Installing: /tmp/agent-build/temp_install/spdlog-1.9.2/include/spdlog/fmt/bundled//chrono.h
-- Installing: /tmp/agent-build/temp_install/spdlog-1.9.2/include/spdlog/fmt/bundled//ranges.h
-- Installing: /tmp/agent-build/temp_install/spdlog-1.9.2/include/spdlog/fmt/bundled//ostream.h
-- Installing: /tmp/agent-build/temp_install/spdlog-1.9.2/include/spdlog/fmt/bundled//format.h
-- Installing: /tmp/agent-build/temp_install/spdlog-1.9.2/include/spdlog/fmt/bundled//args.h
-- Installing: /tmp/agent-build/temp_install/spdlog-1.9.2/include/spdlog/fmt/bundled//xchar.h
-- Installing: /tmp/agent-build/temp_install/spdlog-1.9.2/include/spdlog/fmt/bundled//compile.h
-- Installing: /tmp/agent-build/temp_install/spdlog-1.9.2/include/spdlog/fmt/bundled//os.h
-- Installing: /tmp/agent-build/temp_install/spdlog-1.9.2/include/spdlog/fmt/bundled//color.h
-- Installing: /tmp/agent-build/temp_install/spdlog-1.9.2/include/spdlog/fmt/bundled//format-inl.h
-- Installing: /tmp/agent-build/temp_install/spdlog-1.9.2/lib/pkgconfig/spdlog.pc
-- Installing: /tmp/agent-build/temp_install/spdlog-1.9.2/lib/cmake/spdlog/spdlogConfigTargets.cmake
-- Installing: /tmp/agent-build/temp_install/spdlog-1.9.2/lib/cmake/spdlog/spdlogConfigTargets-release.cmake
-- Installing: /tmp/agent-build/temp_install/spdlog-1.9.2/lib/cmake/spdlog/spdlogConfig.cmake
-- Installing: /tmp/agent-build/temp_install/spdlog-1.9.2/lib/cmake/spdlog/spdlogConfigVersion.cmake
[ 80%] Completed 'spdlog'
[ 80%] Built target spdlog
[ 83%] Creating directories for 'uagent'
[ 85%] No download step for 'uagent'
[ 88%] No update step for 'uagent'
[ 90%] No patch step for 'uagent'
[ 92%] Performing configure step for 'uagent'
loading initial cache file /tmp/agent-build/uagent-prefix/tmp/uagent-cache-Release.cmake
-- Found TinyXML2: /usr/lib/x86_64-linux-gnu/cmake/tinyxml2
-- Found OpenSSL: /usr/lib/x86_64-linux-gnu/libcrypto.so (found version "3.0.13")  
-- Performing Test CMAKE_HAVE_LIBC_PTHREAD
-- Performing Test CMAKE_HAVE_LIBC_PTHREAD - Success
-- Found Threads: TRUE  
-- Configuring done (0.1s)
-- Generating done (0.0s)
-- Build files have been written to: /tmp/agent-build
[ 95%] Performing build step for 'uagent'
[  2%] Building CXX object CMakeFiles/microxrcedds_agent.dir/src/cpp/Agent.cpp.o
[  4%] Building CXX object CMakeFiles/microxrcedds_agent.dir/src/cpp/AgentInstance.cpp.o
[  6%] Building CXX object CMakeFiles/microxrcedds_agent.dir/src/cpp/Root.cpp.o
[  8%] Building CXX object CMakeFiles/microxrcedds_agent.dir/src/cpp/processor/Processor.cpp.o
[ 10%] Building CXX object CMakeFiles/microxrcedds_agent.dir/src/cpp/client/ProxyClient.cpp.o
[ 12%] Building CXX object CMakeFiles/microxrcedds_agent.dir/src/cpp/participant/Participant.cpp.o
[ 14%] Building CXX object CMakeFiles/microxrcedds_agent.dir/src/cpp/topic/Topic.cpp.o
[ 16%] Building CXX object CMakeFiles/microxrcedds_agent.dir/src/cpp/publisher/Publisher.cpp.o
[ 18%] Building CXX object CMakeFiles/microxrcedds_agent.dir/src/cpp/subscriber/Subscriber.cpp.o
[ 20%] Building CXX object CMakeFiles/microxrcedds_agent.dir/src/cpp/datawriter/DataWriter.cpp.o
[ 22%] Building CXX object CMakeFiles/microxrcedds_agent.dir/src/cpp/datareader/DataReader.cpp.o
[ 24%] Building CXX object CMakeFiles/microxrcedds_agent.dir/src/cpp/requester/Requester.cpp.o
[ 26%] Building CXX object CMakeFiles/microxrcedds_agent.dir/src/cpp/replier/Replier.cpp.o
[ 28%] Building CXX object CMakeFiles/microxrcedds_agent.dir/src/cpp/object/XRCEObject.cpp.o
[ 30%] Building CXX object CMakeFiles/microxrcedds_agent.dir/src/cpp/types/XRCETypes.cpp.o
[ 32%] Building CXX object CMakeFiles/microxrcedds_agent.dir/src/cpp/types/MessageHeader.cpp.o
[ 34%] Building CXX object CMakeFiles/microxrcedds_agent.dir/src/cpp/types/SubMessageHeader.cpp.o
[ 36%] Building CXX object CMakeFiles/microxrcedds_agent.dir/src/cpp/message/InputMessage.cpp.o
[ 38%] Building CXX object CMakeFiles/microxrcedds_agent.dir/src/cpp/message/OutputMessage.cpp.o
[ 40%] Building CXX object CMakeFiles/microxrcedds_agent.dir/src/cpp/utils/ArgumentParser.cpp.o
[ 42%] Building CXX object CMakeFiles/microxrcedds_agent.dir/src/cpp/transport/Server.cpp.o
[ 44%] Building CXX object CMakeFiles/microxrcedds_agent.dir/src/cpp/transport/stream_framing/StreamFramingProtocol.cpp.o
[ 46%] Building CXX object CMakeFiles/microxrcedds_agent.dir/src/cpp/transport/custom/CustomAgent.cpp.o
[ 48%] Building CXX object CMakeFiles/microxrcedds_agent.dir/src/cpp/transport/udp/UDPv4AgentLinux.cpp.o
[ 50%] Building CXX object CMakeFiles/microxrcedds_agent.dir/src/cpp/transport/udp/UDPv6AgentLinux.cpp.o
[ 52%] Building CXX object CMakeFiles/microxrcedds_agent.dir/src/cpp/transport/tcp/TCPv4AgentLinux.cpp.o
[ 54%] Building CXX object CMakeFiles/microxrcedds_agent.dir/src/cpp/transport/tcp/TCPv6AgentLinux.cpp.o
[ 56%] Building CXX object CMakeFiles/microxrcedds_agent.dir/src/cpp/transport/serial/SerialAgentLinux.cpp.o
[ 58%] Building CXX object CMakeFiles/microxrcedds_agent.dir/src/cpp/transport/serial/TermiosAgentLinux.cpp.o
[ 60%] Building CXX object CMakeFiles/microxrcedds_agent.dir/src/cpp/transport/serial/MultiSerialAgentLinux.cpp.o
[ 62%] Building CXX object CMakeFiles/microxrcedds_agent.dir/src/cpp/transport/serial/MultiTermiosAgentLinux.cpp.o
[ 64%] Building CXX object CMakeFiles/microxrcedds_agent.dir/src/cpp/transport/serial/PseudoTerminalAgentLinux.cpp.o
[ 66%] Building CXX object CMakeFiles/microxrcedds_agent.dir/src/cpp/transport/can/CanAgentLinux.cpp.o
[ 68%] Building CXX object CMakeFiles/microxrcedds_agent.dir/src/cpp/transport/discovery/DiscoveryServerLinux.cpp.o
[ 70%] Building CXX object CMakeFiles/microxrcedds_agent.dir/src/cpp/transport/p2p/AgentDiscovererLinux.cpp.o
[ 72%] Building CXX object CMakeFiles/microxrcedds_agent.dir/src/cpp/transport/discovery/DiscoveryServer.cpp.o
[ 74%] Building CXX object CMakeFiles/microxrcedds_agent.dir/src/cpp/types/TopicPubSubType.cpp.o
[ 76%] Building CXX object CMakeFiles/microxrcedds_agent.dir/src/cpp/xmlobjects/xmlobjects.cpp.o
[ 78%] Building CXX object CMakeFiles/microxrcedds_agent.dir/src/cpp/middleware/fast/FastEntities.cpp.o
[ 80%] Building CXX object CMakeFiles/microxrcedds_agent.dir/src/cpp/middleware/fast/FastMiddleware.cpp.o
[ 82%] Building CXX object CMakeFiles/microxrcedds_agent.dir/src/cpp/middleware/fastdds/FastDDSEntities.cpp.o
[ 84%] Building CXX object CMakeFiles/microxrcedds_agent.dir/src/cpp/middleware/fastdds/FastDDSMiddleware.cpp.o
[ 86%] Building CXX object CMakeFiles/microxrcedds_agent.dir/src/cpp/middleware/ced/CedEntities.cpp.o
[ 88%] Building CXX object CMakeFiles/microxrcedds_agent.dir/src/cpp/middleware/ced/CedMiddleware.cpp.o
[ 90%] Building CXX object CMakeFiles/microxrcedds_agent.dir/src/cpp/transport/p2p/AgentDiscoverer.cpp.o
[ 92%] Building CXX object CMakeFiles/microxrcedds_agent.dir/src/cpp/p2p/InternalClientManager.cpp.o
[ 94%] Building CXX object CMakeFiles/microxrcedds_agent.dir/src/cpp/p2p/InternalClient.cpp.o
[ 96%] Linking CXX shared library libmicroxrcedds_agent.so
[ 96%] Built target microxrcedds_agent
[ 98%] Building CXX object CMakeFiles/MicroXRCEAgent.dir/microxrce_agent.cpp.o
[100%] Linking CXX executable MicroXRCEAgent
[100%] Built target MicroXRCEAgent
No install step for 'uagent'
Completed 'uagent'
Built target uagent
-- Install configuration: "Release"
-- Installing: /opt/xrce-agent/lib/libmicroxrcedds_agent.so.2.4.3
-- Installing: /opt/xrce-agent/lib/libmicroxrcedds_agent.so.2.4
-- Set non-toolchain portion of runtime path of "/opt/xrce-agent/lib/libmicroxrcedds_agent.so.2.4.3" to ""
-- Installing: /opt/xrce-agent/lib/libmicroxrcedds_agent.so
-- Installing: /opt/xrce-agent/include/uxr/agent
-- Installing: /opt/xrce-agent/include/uxr/agent/scheduler
-- Installing: /opt/xrce-agent/include/uxr/agent/scheduler/Scheduler.hpp
-- Installing: /opt/xrce-agent/include/uxr/agent/scheduler/PacketScheduler.hpp
-- Installing: /opt/xrce-agent/include/uxr/agent/types
-- Installing: /opt/xrce-agent/include/uxr/agent/types/XRCETypes.hpp
-- Installing: /opt/xrce-agent/include/uxr/agent/types/TopicPubSubType.hpp
-- Installing: /opt/xrce-agent/include/uxr/agent/types/MessageHeader.hpp
-- Installing: /opt/xrce-agent/include/uxr/agent/types/SubMessageHeader.hpp
-- Installing: /opt/xrce-agent/include/uxr/agent/types/Optional.hpp
-- Installing: /opt/xrce-agent/include/uxr/agent/publisher
-- Installing: /opt/xrce-agent/include/uxr/agent/publisher/Publisher.hpp
-- Installing: /opt/xrce-agent/include/uxr/agent/visibility.hpp
-- Installing: /opt/xrce-agent/include/uxr/agent/p2p
-- Installing: /opt/xrce-agent/include/uxr/agent/p2p/InternalClientManager.hpp
-- Installing: /opt/xrce-agent/include/uxr/agent/p2p/InternalClient.hpp
-- Installing: /opt/xrce-agent/include/uxr/agent/subscriber
-- Installing: /opt/xrce-agent/include/uxr/agent/subscriber/Subscriber.hpp
-- Installing: /opt/xrce-agent/include/uxr/agent/Agent.hpp
-- Installing: /opt/xrce-agent/include/uxr/agent/processor
-- Installing: /opt/xrce-agent/include/uxr/agent/processor/Processor.hpp
-- Installing: /opt/xrce-agent/include/uxr/agent/message
-- Installing: /opt/xrce-agent/include/uxr/agent/message/Packet.hpp
-- Installing: /opt/xrce-agent/include/uxr/agent/message/InputMessage.hpp
-- Installing: /opt/xrce-agent/include/uxr/agent/message/OutputMessage.hpp
-- Installing: /opt/xrce-agent/include/uxr/agent/utils
-- Installing: /opt/xrce-agent/include/uxr/agent/utils/ArgumentParser.hpp
-- Installing: /opt/xrce-agent/include/uxr/agent/utils/Time.hpp
-- Installing: /opt/xrce-agent/include/uxr/agent/utils/Conversion.hpp
-- Installing: /opt/xrce-agent/include/uxr/agent/utils/SharedMutexPriority.hpp
-- Installing: /opt/xrce-agent/include/uxr/agent/utils/SeqNum.hpp
-- Installing: /opt/xrce-agent/include/uxr/agent/utils/SharedMutex.hpp
-- Installing: /opt/xrce-agent/include/uxr/agent/utils/TokenBucket.hpp
-- Installing: /opt/xrce-agent/include/uxr/agent/utils/Functions.hpp
-- Installing: /opt/xrce-agent/include/uxr/agent/utils/Color.hpp
-- Installing: /opt/xrce-agent/include/uxr/agent/AgentInstance.hpp
-- Installing: /opt/xrce-agent/include/uxr/agent/replier
-- Installing: /opt/xrce-agent/include/uxr/agent/replier/Replier.hpp
-- Installing: /opt/xrce-agent/include/uxr/agent/middleware
-- Installing: /opt/xrce-agent/include/uxr/agent/middleware/fast
-- Installing: /opt/xrce-agent/include/uxr/agent/middleware/fast/FastMiddleware.hpp
-- Installing: /opt/xrce-agent/include/uxr/agent/middleware/fast/FastEntities.hpp
-- Installing: /opt/xrce-agent/include/uxr/agent/middleware/ced
-- Installing: /opt/xrce-agent/include/uxr/agent/middleware/ced/CedMiddleware.hpp
-- Installing: /opt/xrce-agent/include/uxr/agent/middleware/ced/CedEntities.hpp
-- Installing: /opt/xrce-agent/include/uxr/agent/middleware/Middleware.hpp
-- Installing: /opt/xrce-agent/include/uxr/agent/middleware/utils
-- Installing: /opt/xrce-agent/include/uxr/agent/middleware/utils/Callbacks.hpp
-- Installing: /opt/xrce-agent/include/uxr/agent/middleware/fastdds
-- Installing: /opt/xrce-agent/include/uxr/agent/middleware/fastdds/FastDDSMiddleware.hpp
-- Installing: /opt/xrce-agent/include/uxr/agent/middleware/fastdds/FastDDSEntities.hpp
-- Installing: /opt/xrce-agent/include/uxr/agent/requester
-- Installing: /opt/xrce-agent/include/uxr/agent/requester/Requester.hpp
-- Installing: /opt/xrce-agent/include/uxr/agent/participant
-- Installing: /opt/xrce-agent/include/uxr/agent/participant/Participant.hpp
-- Installing: /opt/xrce-agent/include/uxr/agent/transport
-- Installing: /opt/xrce-agent/include/uxr/agent/transport/util
-- Installing: /opt/xrce-agent/include/uxr/agent/transport/util/InterfaceLinux.hpp
-- Installing: /opt/xrce-agent/include/uxr/agent/transport/util/InterfaceWindows.hpp
-- Installing: /opt/xrce-agent/include/uxr/agent/transport/p2p
-- Installing: /opt/xrce-agent/include/uxr/agent/transport/p2p/AgentDiscoverer.hpp
-- Installing: /opt/xrce-agent/include/uxr/agent/transport/p2p/AgentDiscovererLinux.hpp
-- Installing: /opt/xrce-agent/include/uxr/agent/transport/udp
-- Installing: /opt/xrce-agent/include/uxr/agent/transport/udp/UDPv6AgentLinux.hpp
-- Installing: /opt/xrce-agent/include/uxr/agent/transport/udp/UDPv4AgentWindows.hpp
-- Installing: /opt/xrce-agent/include/uxr/agent/transport/udp/UDPv4AgentLinux.hpp
-- Installing: /opt/xrce-agent/include/uxr/agent/transport/udp/UDPv6AgentWindows.hpp
-- Installing: /opt/xrce-agent/include/uxr/agent/transport/endpoint
-- Installing: /opt/xrce-agent/include/uxr/agent/transport/endpoint/CanEndPoint.hpp
-- Installing: /opt/xrce-agent/include/uxr/agent/transport/endpoint/MultiSerialEndPoint.hpp
-- Installing: /opt/xrce-agent/include/uxr/agent/transport/endpoint/CustomEndPoint.hpp
-- Installing: /opt/xrce-agent/include/uxr/agent/transport/endpoint/IPv4EndPoint.hpp
-- Installing: /opt/xrce-agent/include/uxr/agent/transport/endpoint/IPv6EndPoint.hpp
-- Installing: /opt/xrce-agent/include/uxr/agent/transport/endpoint/SerialEndPoint.hpp
-- Installing: /opt/xrce-agent/include/uxr/agent/transport/serial
-- Installing: /opt/xrce-agent/include/uxr/agent/transport/serial/TermiosAgentLinux.hpp
-- Installing: /opt/xrce-agent/include/uxr/agent/transport/serial/SerialAgentLinux.hpp
-- Installing: /opt/xrce-agent/include/uxr/agent/transport/serial/MultiTermiosAgentLinux.hpp
-- Installing: /opt/xrce-agent/include/uxr/agent/transport/serial/baud_rate_table_linux.h
-- Installing: /opt/xrce-agent/include/uxr/agent/transport/serial/PseudoTerminalAgentLinux.hpp
-- Installing: /opt/xrce-agent/include/uxr/agent/transport/serial/MultiSerialAgentLinux.hpp
-- Installing: /opt/xrce-agent/include/uxr/agent/transport/TransportRc.hpp
-- Installing: /opt/xrce-agent/include/uxr/agent/transport/custom
-- Installing: /opt/xrce-agent/include/uxr/agent/transport/custom/CustomAgent.hpp
-- Installing: /opt/xrce-agent/include/uxr/agent/transport/tcp
-- Installing: /opt/xrce-agent/include/uxr/agent/transport/tcp/TCPv6AgentWindows.hpp
-- Installing: /opt/xrce-agent/include/uxr/agent/transport/tcp/TCPv4AgentWindows.hpp
-- Installing: /opt/xrce-agent/include/uxr/agent/transport/tcp/TCPv6AgentLinux.hpp
-- Installing: /opt/xrce-agent/include/uxr/agent/transport/tcp/TCPConnection.hpp
-- Installing: /opt/xrce-agent/include/uxr/agent/transport/tcp/TCPServerBase.hpp
-- Installing: /opt/xrce-agent/include/uxr/agent/transport/tcp/TCPv4AgentLinux.hpp
-- Installing: /opt/xrce-agent/include/uxr/agent/transport/stream_framing
-- Installing: /opt/xrce-agent/include/uxr/agent/transport/stream_framing/StreamFramingProtocol.hpp
-- Installing: /opt/xrce-agent/include/uxr/agent/transport/Server.hpp
-- Installing: /opt/xrce-agent/include/uxr/agent/transport/discovery
-- Installing: /opt/xrce-agent/include/uxr/agent/transport/discovery/DiscoveryServer.hpp
-- Installing: /opt/xrce-agent/include/uxr/agent/transport/discovery/DiscoveryServerWindows.hpp
-- Installing: /opt/xrce-agent/include/uxr/agent/transport/discovery/DiscoveryServerLinux.hpp
-- Installing: /opt/xrce-agent/include/uxr/agent/transport/can
-- Installing: /opt/xrce-agent/include/uxr/agent/transport/can/CanAgentLinux.hpp
-- Installing: /opt/xrce-agent/include/uxr/agent/transport/SessionManager.hpp
-- Installing: /opt/xrce-agent/include/uxr/agent/object
-- Installing: /opt/xrce-agent/include/uxr/agent/object/XRCEObject.hpp
-- Installing: /opt/xrce-agent/include/uxr/agent/logger
-- Installing: /opt/xrce-agent/include/uxr/agent/logger/Logger.hpp
-- Installing: /opt/xrce-agent/include/uxr/agent/reader
-- Installing: /opt/xrce-agent/include/uxr/agent/reader/Reader.hpp
-- Installing: /opt/xrce-agent/include/uxr/agent/datareader
-- Installing: /opt/xrce-agent/include/uxr/agent/datareader/DataReader.hpp
-- Installing: /opt/xrce-agent/include/uxr/agent/Root.hpp
-- Installing: /opt/xrce-agent/include/uxr/agent/datawriter
-- Installing: /opt/xrce-agent/include/uxr/agent/datawriter/DataWriter.hpp
-- Installing: /opt/xrce-agent/include/uxr/agent/topic
-- Installing: /opt/xrce-agent/include/uxr/agent/topic/Topic.hpp
-- Installing: /opt/xrce-agent/include/uxr/agent/client
-- Installing: /opt/xrce-agent/include/uxr/agent/client/session
-- Installing: /opt/xrce-agent/include/uxr/agent/client/session/stream
-- Installing: /opt/xrce-agent/include/uxr/agent/client/session/stream/InputStream.hpp
-- Installing: /opt/xrce-agent/include/uxr/agent/client/session/stream/OutputStream.hpp
-- Installing: /opt/xrce-agent/include/uxr/agent/client/session/Session.hpp
-- Installing: /opt/xrce-agent/include/uxr/agent/client/session/SessionInfo.hpp
-- Installing: /opt/xrce-agent/include/uxr/agent/client/ProxyClient.hpp
-- Installing: /opt/xrce-agent/share/microxrcedds_agent/cmake/microxrcedds_agentTargets.cmake
-- Installing: /opt/xrce-agent/share/microxrcedds_agent/cmake/microxrcedds_agentTargets-release.cmake
-- Installing: /opt/xrce-agent/bin/MicroXRCEAgent
-- Set non-toolchain portion of runtime path of "/opt/xrce-agent/bin/MicroXRCEAgent" to ""
-- Installing: /opt/xrce-agent/include/uxr/agent/config.hpp
-- Installing: /opt/xrce-agent/share/microxrcedds_agent/LICENSE
-- Installing: /opt/xrce-agent/share/microxrcedds_agent/cmake/microxrcedds_agentConfig.cmake
-- Installing: /opt/xrce-agent/share/microxrcedds_agent/cmake/microxrcedds_agentConfigVersion.cmake
-- Up-to-date: /opt/xrce-agent
-- Up-to-date: /opt/xrce-agent/share
-- Installing: /opt/xrce-agent/share/fastcdr
-- Installing: /opt/xrce-agent/share/fastcdr/LICENSE
-- Up-to-date: /opt/xrce-agent/lib
-- Installing: /opt/xrce-agent/lib/libfastcdr.so
-- Installing: /opt/xrce-agent/lib/libfastcdr.so.2.2.8
-- Installing: /opt/xrce-agent/lib/cmake
-- Installing: /opt/xrce-agent/lib/cmake/fastcdr
-- Installing: /opt/xrce-agent/lib/cmake/fastcdr/fastcdr-shared-targets.cmake
-- Installing: /opt/xrce-agent/lib/cmake/fastcdr/fastcdr-config-version.cmake
-- Installing: /opt/xrce-agent/lib/cmake/fastcdr/fastcdr-shared-targets-release.cmake
-- Installing: /opt/xrce-agent/lib/cmake/fastcdr/fastcdr-config.cmake
-- Up-to-date: /opt/xrce-agent/include
-- Installing: /opt/xrce-agent/include/fastcdr
-- Installing: /opt/xrce-agent/include/fastcdr/fastcdr_dll.h
-- Installing: /opt/xrce-agent/include/fastcdr/eProsima_auto_link.h
-- Installing: /opt/xrce-agent/include/fastcdr/Cdr.h
-- Installing: /opt/xrce-agent/include/fastcdr/FastBuffer.h
-- Installing: /opt/xrce-agent/include/fastcdr/cdr
-- Installing: /opt/xrce-agent/include/fastcdr/cdr/fixed_size_string.hpp
-- Installing: /opt/xrce-agent/include/fastcdr/config.h
-- Installing: /opt/xrce-agent/include/fastcdr/config
-- Installing: /opt/xrce-agent/include/fastcdr/config/doxygen_modules.h
-- Installing: /opt/xrce-agent/include/fastcdr/FastCdr.h
-- Installing: /opt/xrce-agent/include/fastcdr/xcdr
-- Installing: /opt/xrce-agent/include/fastcdr/xcdr/optional.hpp
-- Installing: /opt/xrce-agent/include/fastcdr/xcdr/external.hpp
-- Installing: /opt/xrce-agent/include/fastcdr/xcdr/detail
-- Installing: /opt/xrce-agent/include/fastcdr/xcdr/detail/optional.hpp
-- Installing: /opt/xrce-agent/include/fastcdr/xcdr/MemberId.hpp
-- Installing: /opt/xrce-agent/include/fastcdr/CdrEncoding.hpp
-- Installing: /opt/xrce-agent/include/fastcdr/detail
-- Installing: /opt/xrce-agent/include/fastcdr/detail/container_recursive_inspector.hpp
-- Installing: /opt/xrce-agent/include/fastcdr/CdrSizeCalculator.hpp
-- Installing: /opt/xrce-agent/include/fastcdr/exceptions
-- Installing: /opt/xrce-agent/include/fastcdr/exceptions/BadOptionalAccessException.hpp
-- Installing: /opt/xrce-agent/include/fastcdr/exceptions/NotEnoughMemoryException.h
-- Installing: /opt/xrce-agent/include/fastcdr/exceptions/BadParamException.h
-- Installing: /opt/xrce-agent/include/fastcdr/exceptions/Exception.h
-- Installing: /opt/xrce-agent/include/fastcdr/exceptions/LockedExternalAccessException.hpp
-- Up-to-date: /opt/xrce-agent
-- Up-to-date: /opt/xrce-agent/share
-- Installing: /opt/xrce-agent/share/fastrtps
-- Installing: /opt/xrce-agent/share/fastrtps/LICENSE
-- Installing: /opt/xrce-agent/share/fastrtps/cmake
-- Installing: /opt/xrce-agent/share/fastrtps/cmake/optionparser-targets.cmake
-- Installing: /opt/xrce-agent/share/fastrtps/cmake/fastrtps-config-version.cmake
-- Installing: /opt/xrce-agent/share/fastrtps/cmake/fastrtps-config.cmake
-- Installing: /opt/xrce-agent/share/fastrtps/cmake/fastrtps-shared-targets-release.cmake
-- Installing: /opt/xrce-agent/share/fastrtps/cmake/fastrtps-shared-targets.cmake
-- Installing: /opt/xrce-agent/share/fastdds_static_discovery.xsd
-- Installing: /opt/xrce-agent/share/fastRTPS_profiles.xsd
-- Up-to-date: /opt/xrce-agent/lib
-- Installing: /opt/xrce-agent/lib/libfastrtps.so
-- Installing: /opt/xrce-agent/lib/libfastrtps.so.2.14.7
-- Up-to-date: /opt/xrce-agent/include
-- Installing: /opt/xrce-agent/include/fastrtps
-- Installing: /opt/xrce-agent/include/fastrtps/types
-- Installing: /opt/xrce-agent/include/fastrtps/types/DynamicTypeBuilderPtr.h
-- Installing: /opt/xrce-agent/include/fastrtps/types/TypeNamesGenerator.h
-- Installing: /opt/xrce-agent/include/fastrtps/types/DynamicPubSubType.h
-- Installing: /opt/xrce-agent/include/fastrtps/types/DynamicTypeBuilderFactory.h
-- Installing: /opt/xrce-agent/include/fastrtps/types/BuiltinAnnotationsTypeObject.h
-- Installing: /opt/xrce-agent/include/fastrtps/types/TypeObjectFactory.h
-- Installing: /opt/xrce-agent/include/fastrtps/types/AnnotationDescriptor.h
-- Installing: /opt/xrce-agent/include/fastrtps/types/DynamicLoanableSequence.hpp
-- Installing: /opt/xrce-agent/include/fastrtps/types/TypesBase.h
-- Installing: /opt/xrce-agent/include/fastrtps/types/TypeIdentifier.h
-- Installing: /opt/xrce-agent/include/fastrtps/types/AnnotationParameterValue.h
-- Installing: /opt/xrce-agent/include/fastrtps/types/TypeObject.h
-- Installing: /opt/xrce-agent/include/fastrtps/types/DynamicDataPtr.h
-- Installing: /opt/xrce-agent/include/fastrtps/types/DynamicType.h
-- Installing: /opt/xrce-agent/include/fastrtps/types/MemberDescriptor.h
-- Installing: /opt/xrce-agent/include/fastrtps/types/DynamicTypeBuilder.h
-- Installing: /opt/xrce-agent/include/fastrtps/types/DynamicData.h
-- Installing: /opt/xrce-agent/include/fastrtps/types/TypeDescriptor.h
-- Installing: /opt/xrce-agent/include/fastrtps/types/DynamicTypePtr.h
-- Installing: /opt/xrce-agent/include/fastrtps/types/DynamicDataHelper.hpp
-- Installing: /opt/xrce-agent/include/fastrtps/types/DynamicDataFactory.h
-- Installing: /opt/xrce-agent/include/fastrtps/types/DynamicTypeMember.h
-- Installing: /opt/xrce-agent/include/fastrtps/types/TypeIdentifierTypes.h
-- Installing: /opt/xrce-agent/include/fastrtps/types/TypeObjectHashId.h
-- Installing: /opt/xrce-agent/include/fastrtps/publisher
-- Installing: /opt/xrce-agent/include/fastrtps/publisher/PublisherListener.h
-- Installing: /opt/xrce-agent/include/fastrtps/publisher/PublisherHistory.h
-- Installing: /opt/xrce-agent/include/fastrtps/publisher/Publisher.h
-- Installing: /opt/xrce-agent/include/fastrtps/eProsima_auto_link.h
-- Installing: /opt/xrce-agent/include/fastrtps/attributes
-- Installing: /opt/xrce-agent/include/fastrtps/attributes/PublisherAttributes.h
-- Installing: /opt/xrce-agent/include/fastrtps/attributes/LibrarySettingsAttributes.h
-- Installing: /opt/xrce-agent/include/fastrtps/attributes/SubscriberAttributes.h
-- Installing: /opt/xrce-agent/include/fastrtps/attributes/all_attributes.h
-- Installing: /opt/xrce-agent/include/fastrtps/attributes/ReplierAttributes.hpp
-- Installing: /opt/xrce-agent/include/fastrtps/attributes/TopicAttributes.h
-- Installing: /opt/xrce-agent/include/fastrtps/attributes/ParticipantAttributes.h
-- Installing: /opt/xrce-agent/include/fastrtps/attributes/RequesterAttributes.hpp
-- Installing: /opt/xrce-agent/include/fastrtps/config.h
-- Installing: /opt/xrce-agent/include/fastrtps/subscriber
-- Installing: /opt/xrce-agent/include/fastrtps/subscriber/SubscriberListener.h
-- Installing: /opt/xrce-agent/include/fastrtps/subscriber/SubscriberHistory.h
-- Installing: /opt/xrce-agent/include/fastrtps/subscriber/Subscriber.h
-- Installing: /opt/xrce-agent/include/fastrtps/subscriber/SampleInfo.h
-- Installing: /opt/xrce-agent/include/fastrtps/qos
-- Installing: /opt/xrce-agent/include/fastrtps/qos/QosPolicies.h
-- Installing: /opt/xrce-agent/include/fastrtps/qos/WriterQos.h
-- Installing: /opt/xrce-agent/include/fastrtps/qos/LivelinessChangedStatus.h
-- Installing: /opt/xrce-agent/include/fastrtps/qos/ParameterTypes.h
-- Installing: /opt/xrce-agent/include/fastrtps/qos/DeadlineMissedStatus.h
-- Installing: /opt/xrce-agent/include/fastrtps/qos/LivelinessLostStatus.h
-- Installing: /opt/xrce-agent/include/fastrtps/qos/ReaderQos.h
-- Installing: /opt/xrce-agent/include/fastrtps/qos/SampleRejectedStatus.hpp
-- Installing: /opt/xrce-agent/include/fastrtps/qos/IncompatibleQosStatus.hpp
-- Installing: /opt/xrce-agent/include/fastrtps/log
-- Installing: /opt/xrce-agent/include/fastrtps/log/FileConsumer.h
-- Installing: /opt/xrce-agent/include/fastrtps/log/Colors.h
-- Installing: /opt/xrce-agent/include/fastrtps/log/Log.h
-- Installing: /opt/xrce-agent/include/fastrtps/log/StdoutConsumer.h
-- Installing: /opt/xrce-agent/include/fastrtps/utils
-- Installing: /opt/xrce-agent/include/fastrtps/utils/ProxyPool.hpp
-- Installing: /opt/xrce-agent/include/fastrtps/utils/RefCountedPointer.hpp
-- Installing: /opt/xrce-agent/include/fastrtps/utils/collections
-- Installing: /opt/xrce-agent/include/fastrtps/utils/collections/ResourceLimitedVector.hpp
-- Installing: /opt/xrce-agent/include/fastrtps/utils/collections/ResourceLimitedContainerConfig.hpp
-- Installing: /opt/xrce-agent/include/fastrtps/utils/collections/foonathan_memory_helpers.hpp
-- Installing: /opt/xrce-agent/include/fastrtps/utils/Semaphore.h
-- Installing: /opt/xrce-agent/include/fastrtps/utils/StringMatching.h
-- Installing: /opt/xrce-agent/include/fastrtps/utils/TimedMutex.hpp
-- Installing: /opt/xrce-agent/include/fastrtps/utils/System.h
-- Installing: /opt/xrce-agent/include/fastrtps/utils/shared_mutex.hpp
-- Installing: /opt/xrce-agent/include/fastrtps/utils/IPLocator.h
-- Installing: /opt/xrce-agent/include/fastrtps/utils/TimedConditionVariable.hpp
-- Installing: /opt/xrce-agent/include/fastrtps/utils/md5.h
-- Installing: /opt/xrce-agent/include/fastrtps/utils/UnitsParser.hpp
-- Installing: /opt/xrce-agent/include/fastrtps/utils/DBQueue.h
-- Installing: /opt/xrce-agent/include/fastrtps/utils/TimeConversion.h
-- Installing: /opt/xrce-agent/include/fastrtps/utils/IPFinder.h
-- Installing: /opt/xrce-agent/include/fastrtps/utils/string_convert.hpp
-- Installing: /opt/xrce-agent/include/fastrtps/utils/fixed_size_string.hpp
-- Installing: /opt/xrce-agent/include/fastrtps/utils/fixed_size_bitmap.hpp
-- Installing: /opt/xrce-agent/include/fastrtps/fastrtps_fwd.h
-- Installing: /opt/xrce-agent/include/fastrtps/fastrtps_dll.h
-- Installing: /opt/xrce-agent/include/fastrtps/config
-- Installing: /opt/xrce-agent/include/fastrtps/config/doxygen_modules.h
-- Installing: /opt/xrce-agent/include/fastrtps/participant
-- Installing: /opt/xrce-agent/include/fastrtps/participant/Participant.h
-- Installing: /opt/xrce-agent/include/fastrtps/participant/ParticipantListener.h
-- Installing: /opt/xrce-agent/include/fastrtps/xmlparser
-- Installing: /opt/xrce-agent/include/fastrtps/xmlparser/XMLTree.h
-- Installing: /opt/xrce-agent/include/fastrtps/xmlparser/XMLParser.h
-- Installing: /opt/xrce-agent/include/fastrtps/xmlparser/XMLEndpointParser.h
-- Installing: /opt/xrce-agent/include/fastrtps/xmlparser/XMLProfileManager.h
-- Installing: /opt/xrce-agent/include/fastrtps/xmlparser/XMLParserCommon.h
-- Installing: /opt/xrce-agent/include/fastrtps/fastrtps_all.h
-- Installing: /opt/xrce-agent/include/fastrtps/transport
-- Installing: /opt/xrce-agent/include/fastrtps/transport/TCPTransportDescriptor.h
-- Installing: /opt/xrce-agent/include/fastrtps/transport/TransportInterface.h
-- Installing: /opt/xrce-agent/include/fastrtps/transport/TCPv4TransportDescriptor.h
-- Installing: /opt/xrce-agent/include/fastrtps/transport/UDPv6TransportDescriptor.h
-- Installing: /opt/xrce-agent/include/fastrtps/transport/TransportDescriptorInterface.h
-- Installing: /opt/xrce-agent/include/fastrtps/transport/TCPv6TransportDescriptor.h
-- Installing: /opt/xrce-agent/include/fastrtps/transport/TransportReceiverInterface.h
-- Installing: /opt/xrce-agent/include/fastrtps/transport/SocketTransportDescriptor.h
-- Installing: /opt/xrce-agent/include/fastrtps/transport/UDPTransportDescriptor.h
-- Installing: /opt/xrce-agent/include/fastrtps/transport/UDPv4TransportDescriptor.h
-- Installing: /opt/xrce-agent/include/fastrtps/transport/test_UDPv4TransportDescriptor.h
-- Installing: /opt/xrce-agent/include/fastrtps/Domain.h
-- Installing: /opt/xrce-agent/include/fastrtps/TopicDataType.h
-- Installing: /opt/xrce-agent/include/fastrtps/common
-- Installing: /opt/xrce-agent/include/fastrtps/common/KeyedChanges.h
-- Installing: /opt/xrce-agent/include/fastrtps/rtps
-- Installing: /opt/xrce-agent/include/fastrtps/rtps/Endpoint.h
-- Installing: /opt/xrce-agent/include/fastrtps/rtps/network
-- Installing: /opt/xrce-agent/include/fastrtps/rtps/network/SenderResource.h
-- Installing: /opt/xrce-agent/include/fastrtps/rtps/attributes
-- Installing: /opt/xrce-agent/include/fastrtps/rtps/attributes/RTPSParticipantAttributes.h
-- Installing: /opt/xrce-agent/include/fastrtps/rtps/attributes/ReaderAttributes.h
-- Installing: /opt/xrce-agent/include/fastrtps/rtps/attributes/EndpointAttributes.h
-- Installing: /opt/xrce-agent/include/fastrtps/rtps/attributes/RTPSParticipantAllocationAttributes.hpp
-- Installing: /opt/xrce-agent/include/fastrtps/rtps/attributes/PropertyPolicy.h
-- Installing: /opt/xrce-agent/include/fastrtps/rtps/attributes/HistoryAttributes.h
-- Installing: /opt/xrce-agent/include/fastrtps/rtps/attributes/ServerAttributes.h
-- Installing: /opt/xrce-agent/include/fastrtps/rtps/attributes/WriterAttributes.h
-- Installing: /opt/xrce-agent/include/fastrtps/rtps/history
-- Installing: /opt/xrce-agent/include/fastrtps/rtps/history/WriterHistory.h
-- Installing: /opt/xrce-agent/include/fastrtps/rtps/history/History.h
-- Installing: /opt/xrce-agent/include/fastrtps/rtps/history/ReaderHistory.h
-- Installing: /opt/xrce-agent/include/fastrtps/rtps/rtps_all.h
-- Installing: /opt/xrce-agent/include/fastrtps/rtps/security
-- Installing: /opt/xrce-agent/include/fastrtps/rtps/security/authentication
-- Installing: /opt/xrce-agent/include/fastrtps/rtps/security/authentication/Handshake.h
-- Installing: /opt/xrce-agent/include/fastrtps/rtps/security/authentication/Authentication.h
-- Installing: /opt/xrce-agent/include/fastrtps/rtps/security/accesscontrol
-- Installing: /opt/xrce-agent/include/fastrtps/rtps/security/accesscontrol/SecurityMaskUtilities.h
-- Installing: /opt/xrce-agent/include/fastrtps/rtps/security/accesscontrol/ParticipantSecurityAttributes.h
-- Installing: /opt/xrce-agent/include/fastrtps/rtps/security/accesscontrol/AccessControl.h
-- Installing: /opt/xrce-agent/include/fastrtps/rtps/security/accesscontrol/EndpointSecurityAttributes.h
-- Installing: /opt/xrce-agent/include/fastrtps/rtps/security/cryptography
-- Installing: /opt/xrce-agent/include/fastrtps/rtps/security/cryptography/CryptoTypes.h
-- Installing: /opt/xrce-agent/include/fastrtps/rtps/security/cryptography/Cryptography.h
-- Installing: /opt/xrce-agent/include/fastrtps/rtps/security/cryptography/CryptoKeyFactory.h
-- Installing: /opt/xrce-agent/include/fastrtps/rtps/security/cryptography/CryptoTransform.h
-- Installing: /opt/xrce-agent/include/fastrtps/rtps/security/cryptography/CryptoKeyExchange.h
-- Installing: /opt/xrce-agent/include/fastrtps/rtps/security/common
-- Installing: /opt/xrce-agent/include/fastrtps/rtps/security/common/SharedSecretHandle.h
-- Installing: /opt/xrce-agent/include/fastrtps/rtps/security/common/ParticipantGenericMessage.h
-- Installing: /opt/xrce-agent/include/fastrtps/rtps/security/common/Handle.h
-- Installing: /opt/xrce-agent/include/fastrtps/rtps/security/exceptions
-- Installing: /opt/xrce-agent/include/fastrtps/rtps/security/exceptions/SecurityException.h
-- Installing: /opt/xrce-agent/include/fastrtps/rtps/RTPSDomain.h
-- Installing: /opt/xrce-agent/include/fastrtps/rtps/flowcontrol
-- Installing: /opt/xrce-agent/include/fastrtps/rtps/flowcontrol/ThroughputControllerDescriptor.h
-- Installing: /opt/xrce-agent/include/fastrtps/rtps/writer
-- Installing: /opt/xrce-agent/include/fastrtps/rtps/writer/LivelinessManager.h
-- Installing: /opt/xrce-agent/include/fastrtps/rtps/writer/WriterListener.h
-- Installing: /opt/xrce-agent/include/fastrtps/rtps/writer/StatefulWriter.h
-- Installing: /opt/xrce-agent/include/fastrtps/rtps/writer/StatelessPersistentWriter.h
-- Installing: /opt/xrce-agent/include/fastrtps/rtps/writer/StatelessWriter.h
-- Installing: /opt/xrce-agent/include/fastrtps/rtps/writer/PersistentWriter.h
-- Installing: /opt/xrce-agent/include/fastrtps/rtps/writer/RTPSWriter.h
-- Installing: /opt/xrce-agent/include/fastrtps/rtps/writer/LivelinessData.h
-- Installing: /opt/xrce-agent/include/fastrtps/rtps/writer/WriterDiscoveryInfo.h
-- Installing: /opt/xrce-agent/include/fastrtps/rtps/writer/ReaderProxy.h
-- Installing: /opt/xrce-agent/include/fastrtps/rtps/writer/ReaderLocator.h
-- Installing: /opt/xrce-agent/include/fastrtps/rtps/writer/StatefulPersistentWriter.h
-- Installing: /opt/xrce-agent/include/fastrtps/rtps/rtps_fwd.h
-- Installing: /opt/xrce-agent/include/fastrtps/rtps/builtin
-- Installing: /opt/xrce-agent/include/fastrtps/rtps/builtin/data
-- Installing: /opt/xrce-agent/include/fastrtps/rtps/builtin/data/ParticipantProxyData.h
-- Installing: /opt/xrce-agent/include/fastrtps/rtps/builtin/data/WriterProxyData.h
-- Installing: /opt/xrce-agent/include/fastrtps/rtps/builtin/data/ReaderProxyData.h
-- Installing: /opt/xrce-agent/include/fastrtps/rtps/builtin/liveliness
-- Installing: /opt/xrce-agent/include/fastrtps/rtps/builtin/liveliness/WLPListener.h
-- Installing: /opt/xrce-agent/include/fastrtps/rtps/builtin/liveliness/WLP.h
-- Installing: /opt/xrce-agent/include/fastrtps/rtps/builtin/discovery
-- Installing: /opt/xrce-agent/include/fastrtps/rtps/builtin/discovery/endpoint
-- Installing: /opt/xrce-agent/include/fastrtps/rtps/builtin/discovery/endpoint/EDP.h
-- Installing: /opt/xrce-agent/include/fastrtps/rtps/builtin/discovery/endpoint/EDPStatic.h
-- Installing: /opt/xrce-agent/include/fastrtps/rtps/builtin/discovery/endpoint/EDPSimple.h
-- Installing: /opt/xrce-agent/include/fastrtps/rtps/builtin/discovery/participant
-- Installing: /opt/xrce-agent/include/fastrtps/rtps/builtin/discovery/participant/PDPListener.h
-- Installing: /opt/xrce-agent/include/fastrtps/rtps/builtin/discovery/participant/PDP.h
-- Installing: /opt/xrce-agent/include/fastrtps/rtps/builtin/discovery/participant/PDPSimple.h
-- Installing: /opt/xrce-agent/include/fastrtps/rtps/builtin/BuiltinProtocols.h
-- Installing: /opt/xrce-agent/include/fastrtps/rtps/messages
-- Installing: /opt/xrce-agent/include/fastrtps/rtps/messages/CDRMessage.h
-- Installing: /opt/xrce-agent/include/fastrtps/rtps/messages/MessageReceiver.h
-- Installing: /opt/xrce-agent/include/fastrtps/rtps/messages/RTPSMessageCreator.h
-- Installing: /opt/xrce-agent/include/fastrtps/rtps/messages/RTPS_messages.h
-- Installing: /opt/xrce-agent/include/fastrtps/rtps/messages/RTPSMessageGroup.h
-- Installing: /opt/xrce-agent/include/fastrtps/rtps/messages/RTPSMessageSenderInterface.hpp
-- Installing: /opt/xrce-agent/include/fastrtps/rtps/resources
-- Installing: /opt/xrce-agent/include/fastrtps/rtps/resources/TimedEvent.h
-- Installing: /opt/xrce-agent/include/fastrtps/rtps/resources/ResourceManagement.h
-- Installing: /opt/xrce-agent/include/fastrtps/rtps/resources/ResourceEvent.h
-- Installing: /opt/xrce-agent/include/fastrtps/rtps/participant
-- Installing: /opt/xrce-agent/include/fastrtps/rtps/participant/ParticipantDiscoveryInfo.h
-- Installing: /opt/xrce-agent/include/fastrtps/rtps/participant/RTPSParticipantListener.h
-- Installing: /opt/xrce-agent/include/fastrtps/rtps/participant/RTPSParticipant.h
-- Installing: /opt/xrce-agent/include/fastrtps/rtps/reader
-- Installing: /opt/xrce-agent/include/fastrtps/rtps/reader/StatelessPersistentReader.h
-- Installing: /opt/xrce-agent/include/fastrtps/rtps/reader/ReaderListener.h
-- Installing: /opt/xrce-agent/include/fastrtps/rtps/reader/StatefulPersistentReader.h
-- Installing: /opt/xrce-agent/include/fastrtps/rtps/reader/StatelessReader.h
-- Installing: /opt/xrce-agent/include/fastrtps/rtps/reader/RTPSReader.h
-- Installing: /opt/xrce-agent/include/fastrtps/rtps/reader/ReaderDiscoveryInfo.h
-- Installing: /opt/xrce-agent/include/fastrtps/rtps/reader/StatefulReader.h
-- Installing: /opt/xrce-agent/include/fastrtps/rtps/common
-- Installing: /opt/xrce-agent/include/fastrtps/rtps/common/WriteParams.h
-- Installing: /opt/xrce-agent/include/fastrtps/rtps/common/SequenceNumber.h
-- Installing: /opt/xrce-agent/include/fastrtps/rtps/common/LocatorSelector.hpp
-- Installing: /opt/xrce-agent/include/fastrtps/rtps/common/BinaryProperty.h
-- Installing: /opt/xrce-agent/include/fastrtps/rtps/common/PortParameters.h
-- Installing: /opt/xrce-agent/include/fastrtps/rtps/common/SerializedPayload.h
-- Installing: /opt/xrce-agent/include/fastrtps/rtps/common/Property.h
-- Installing: /opt/xrce-agent/include/fastrtps/rtps/common/InstanceHandle.h
-- Installing: /opt/xrce-agent/include/fastrtps/rtps/common/LocatorSelectorEntry.hpp
-- Installing: /opt/xrce-agent/include/fastrtps/rtps/common/all_common.h
-- Installing: /opt/xrce-agent/include/fastrtps/rtps/common/Token.h
-- Installing: /opt/xrce-agent/include/fastrtps/rtps/common/LocatorListComparisons.hpp
-- Installing: /opt/xrce-agent/include/fastrtps/rtps/common/RemoteLocators.hpp
-- Installing: /opt/xrce-agent/include/fastrtps/rtps/common/SampleIdentity.h
-- Installing: /opt/xrce-agent/include/fastrtps/rtps/common/MatchingInfo.h
-- Installing: /opt/xrce-agent/include/fastrtps/rtps/common/CDRMessage_t.h
-- Installing: /opt/xrce-agent/include/fastrtps/rtps/common/Locator.h
-- Installing: /opt/xrce-agent/include/fastrtps/rtps/common/CacheChange.h
-- Installing: /opt/xrce-agent/include/fastrtps/rtps/common/Time_t.h
-- Installing: /opt/xrce-agent/include/fastrtps/rtps/common/Guid.h
-- Installing: /opt/xrce-agent/include/fastrtps/rtps/common/Types.h
-- Installing: /opt/xrce-agent/include/fastrtps/rtps/common/FragmentNumber.h
-- Installing: /opt/xrce-agent/include/fastrtps/rtps/exceptions
-- Installing: /opt/xrce-agent/include/fastrtps/rtps/exceptions/Exception.h
-- Installing: /opt/xrce-agent/include/fastdds
-- Installing: /opt/xrce-agent/include/fastdds/dds
-- Installing: /opt/xrce-agent/include/fastdds/dds/publisher
-- Installing: /opt/xrce-agent/include/fastdds/dds/publisher/Publisher.hpp
-- Installing: /opt/xrce-agent/include/fastdds/dds/publisher/DataWriterListener.hpp
-- Installing: /opt/xrce-agent/include/fastdds/dds/publisher/PublisherListener.hpp
-- Installing: /opt/xrce-agent/include/fastdds/dds/publisher/qos
-- Installing: /opt/xrce-agent/include/fastdds/dds/publisher/qos/WriterQos.hpp
-- Installing: /opt/xrce-agent/include/fastdds/dds/publisher/qos/PublisherQos.hpp
-- Installing: /opt/xrce-agent/include/fastdds/dds/publisher/qos/DataWriterQos.hpp
-- Installing: /opt/xrce-agent/include/fastdds/dds/publisher/DataWriter.hpp
-- Installing: /opt/xrce-agent/include/fastdds/dds/subscriber
-- Installing: /opt/xrce-agent/include/fastdds/dds/subscriber/ViewState.hpp
-- Installing: /opt/xrce-agent/include/fastdds/dds/subscriber/SubscriberListener.hpp
-- Installing: /opt/xrce-agent/include/fastdds/dds/subscriber/SampleState.hpp
-- Installing: /opt/xrce-agent/include/fastdds/dds/subscriber/InstanceState.hpp
-- Installing: /opt/xrce-agent/include/fastdds/dds/subscriber/SampleInfo.hpp
-- Installing: /opt/xrce-agent/include/fastdds/dds/subscriber/DataReaderListener.hpp
-- Installing: /opt/xrce-agent/include/fastdds/dds/subscriber/qos
-- Installing: /opt/xrce-agent/include/fastdds/dds/subscriber/qos/ReaderQos.hpp
-- Installing: /opt/xrce-agent/include/fastdds/dds/subscriber/qos/DataReaderQos.hpp
-- Installing: /opt/xrce-agent/include/fastdds/dds/subscriber/qos/SubscriberQos.hpp
-- Installing: /opt/xrce-agent/include/fastdds/dds/subscriber/Subscriber.hpp
-- Installing: /opt/xrce-agent/include/fastdds/dds/subscriber/DataReader.hpp
-- Installing: /opt/xrce-agent/include/fastdds/dds/subscriber/ReadCondition.hpp
-- Installing: /opt/xrce-agent/include/fastdds/dds/log
-- Installing: /opt/xrce-agent/include/fastdds/dds/log/StdoutErrConsumer.hpp
-- Installing: /opt/xrce-agent/include/fastdds/dds/log/FileConsumer.hpp
-- Installing: /opt/xrce-agent/include/fastdds/dds/log/Colors.hpp
-- Installing: /opt/xrce-agent/include/fastdds/dds/log/OStreamConsumer.hpp
-- Installing: /opt/xrce-agent/include/fastdds/dds/log/StdoutConsumer.hpp
-- Installing: /opt/xrce-agent/include/fastdds/dds/log/Log.hpp
-- Installing: /opt/xrce-agent/include/fastdds/dds/domain
-- Installing: /opt/xrce-agent/include/fastdds/dds/domain/DomainParticipant.hpp
-- Installing: /opt/xrce-agent/include/fastdds/dds/domain/qos
-- Installing: /opt/xrce-agent/include/fastdds/dds/domain/qos/DomainParticipantFactoryQos.hpp
-- Installing: /opt/xrce-agent/include/fastdds/dds/domain/qos/DomainParticipantQos.hpp
-- Installing: /opt/xrce-agent/include/fastdds/dds/domain/DomainParticipantListener.hpp
-- Installing: /opt/xrce-agent/include/fastdds/dds/domain/DomainParticipantFactory.hpp
-- Installing: /opt/xrce-agent/include/fastdds/dds/builtin
-- Installing: /opt/xrce-agent/include/fastdds/dds/builtin/typelookup
-- Installing: /opt/xrce-agent/include/fastdds/dds/builtin/typelookup/TypeLookupReplyListener.hpp
-- Installing: /opt/xrce-agent/include/fastdds/dds/builtin/typelookup/common
-- Installing: /opt/xrce-agent/include/fastdds/dds/builtin/typelookup/common/TypeLookupTypes.hpp
-- Installing: /opt/xrce-agent/include/fastdds/dds/builtin/typelookup/TypeLookupManager.hpp
-- Installing: /opt/xrce-agent/include/fastdds/dds/builtin/typelookup/TypeLookupRequestListener.hpp
-- Installing: /opt/xrce-agent/include/fastdds/dds/builtin/common
-- Installing: /opt/xrce-agent/include/fastdds/dds/builtin/common/ReplyHeader.hpp
-- Installing: /opt/xrce-agent/include/fastdds/dds/builtin/common/Types.hpp
-- Installing: /opt/xrce-agent/include/fastdds/dds/builtin/common/RequestHeader.hpp
-- Installing: /opt/xrce-agent/include/fastdds/dds/builtin/topic
-- Installing: /opt/xrce-agent/include/fastdds/dds/builtin/topic/PublicationBuiltinTopicData.hpp
-- Installing: /opt/xrce-agent/include/fastdds/dds/builtin/topic/SubscriptionBuiltinTopicData.hpp
-- Installing: /opt/xrce-agent/include/fastdds/dds/builtin/topic/BuiltinTopicKey.hpp
-- Installing: /opt/xrce-agent/include/fastdds/dds/builtin/topic/ParticipantBuiltinTopicData.hpp
-- Installing: /opt/xrce-agent/include/fastdds/dds/builtin/topic/TopicBuiltinTopicData.hpp
-- Installing: /opt/xrce-agent/include/fastdds/dds/core
-- Installing: /opt/xrce-agent/include/fastdds/dds/core/condition
-- Installing: /opt/xrce-agent/include/fastdds/dds/core/condition/WaitSet.hpp
-- Installing: /opt/xrce-agent/include/fastdds/dds/core/condition/StatusCondition.hpp
-- Installing: /opt/xrce-agent/include/fastdds/dds/core/condition/Condition.hpp
-- Installing: /opt/xrce-agent/include/fastdds/dds/core/condition/GuardCondition.hpp
-- Installing: /opt/xrce-agent/include/fastdds/dds/core/LoanableTypedCollection.hpp
-- Installing: /opt/xrce-agent/include/fastdds/dds/core/Entity.hpp
-- Installing: /opt/xrce-agent/include/fastdds/dds/core/LoanableArray.hpp
-- Installing: /opt/xrce-agent/include/fastdds/dds/core/LoanableCollection.hpp
-- Installing: /opt/xrce-agent/include/fastdds/dds/core/UserAllocatedSequence.hpp
-- Installing: /opt/xrce-agent/include/fastdds/dds/core/LoanableSequence.hpp
-- Installing: /opt/xrce-agent/include/fastdds/dds/core/policy
-- Installing: /opt/xrce-agent/include/fastdds/dds/core/policy/ParameterTypes.hpp
-- Installing: /opt/xrce-agent/include/fastdds/dds/core/policy/ReaderDataLifecycleQosPolicy.hpp
-- Installing: /opt/xrce-agent/include/fastdds/dds/core/policy/WriterDataLifecycleQosPolicy.hpp
-- Installing: /opt/xrce-agent/include/fastdds/dds/core/policy/QosPolicies.hpp
-- Installing: /opt/xrce-agent/include/fastdds/dds/core/status
-- Installing: /opt/xrce-agent/include/fastdds/dds/core/status/BaseStatus.hpp
-- Installing: /opt/xrce-agent/include/fastdds/dds/core/status/MatchedStatus.hpp
-- Installing: /opt/xrce-agent/include/fastdds/dds/core/status/PublicationMatchedStatus.hpp
-- Installing: /opt/xrce-agent/include/fastdds/dds/core/status/StatusMask.hpp
-- Installing: /opt/xrce-agent/include/fastdds/dds/core/status/LivelinessChangedStatus.hpp
-- Installing: /opt/xrce-agent/include/fastdds/dds/core/status/DeadlineMissedStatus.hpp
-- Installing: /opt/xrce-agent/include/fastdds/dds/core/status/SubscriptionMatchedStatus.hpp
-- Installing: /opt/xrce-agent/include/fastdds/dds/core/status/SampleRejectedStatus.hpp
-- Installing: /opt/xrce-agent/include/fastdds/dds/core/status/IncompatibleQosStatus.hpp
-- Installing: /opt/xrce-agent/include/fastdds/dds/core/StackAllocatedSequence.hpp
-- Installing: /opt/xrce-agent/include/fastdds/dds/common
-- Installing: /opt/xrce-agent/include/fastdds/dds/common/InstanceHandle.hpp
-- Installing: /opt/xrce-agent/include/fastdds/dds/topic
-- Installing: /opt/xrce-agent/include/fastdds/dds/topic/TopicDataType.hpp
-- Installing: /opt/xrce-agent/include/fastdds/dds/topic/TopicListener.hpp
-- Installing: /opt/xrce-agent/include/fastdds/dds/topic/IContentFilter.hpp
-- Installing: /opt/xrce-agent/include/fastdds/dds/topic/Topic.hpp
-- Installing: /opt/xrce-agent/include/fastdds/dds/topic/TopicDescription.hpp
-- Installing: /opt/xrce-agent/include/fastdds/dds/topic/qos
-- Installing: /opt/xrce-agent/include/fastdds/dds/topic/qos/TopicQos.hpp
-- Installing: /opt/xrce-agent/include/fastdds/dds/topic/TypeSupport.hpp
-- Installing: /opt/xrce-agent/include/fastdds/dds/topic/ContentFilteredTopic.hpp
-- Installing: /opt/xrce-agent/include/fastdds/dds/topic/IContentFilterFactory.hpp
-- Installing: /opt/xrce-agent/include/fastdds/thirdparty
-- Installing: /opt/xrce-agent/include/fastdds/thirdparty/optionparser
-- Installing: /opt/xrce-agent/include/fastdds/thirdparty/optionparser/optionparser
-- Installing: /opt/xrce-agent/include/fastdds/thirdparty/optionparser/optionparser/optionparser.h
-- Installing: /opt/xrce-agent/include/fastdds/thirdparty/optionparser/optionparser.hpp
-- Installing: /opt/xrce-agent/include/fastdds/statistics
-- Installing: /opt/xrce-agent/include/fastdds/statistics/monitorservice_types.idl
-- Installing: /opt/xrce-agent/include/fastdds/statistics/dds
-- Installing: /opt/xrce-agent/include/fastdds/statistics/dds/publisher
-- Installing: /opt/xrce-agent/include/fastdds/statistics/dds/publisher/qos
-- Installing: /opt/xrce-agent/include/fastdds/statistics/dds/publisher/qos/DataWriterQos.hpp
-- Installing: /opt/xrce-agent/include/fastdds/statistics/dds/subscriber
-- Installing: /opt/xrce-agent/include/fastdds/statistics/dds/subscriber/qos
-- Installing: /opt/xrce-agent/include/fastdds/statistics/dds/subscriber/qos/DataReaderQos.hpp
-- Installing: /opt/xrce-agent/include/fastdds/statistics/dds/domain
-- Installing: /opt/xrce-agent/include/fastdds/statistics/dds/domain/DomainParticipant.hpp
-- Installing: /opt/xrce-agent/include/fastdds/statistics/types.idl
-- Installing: /opt/xrce-agent/include/fastdds/statistics/topic_names.hpp
-- Installing: /opt/xrce-agent/include/fastdds/statistics/rtps
-- Installing: /opt/xrce-agent/include/fastdds/statistics/rtps/StatisticsCommon.hpp
-- Installing: /opt/xrce-agent/include/fastdds/statistics/rtps/monitor_service
-- Installing: /opt/xrce-agent/include/fastdds/statistics/rtps/monitor_service/interfaces
-- Installing: /opt/xrce-agent/include/fastdds/statistics/rtps/monitor_service/interfaces/IProxyQueryable.hpp
-- Installing: /opt/xrce-agent/include/fastdds/statistics/rtps/monitor_service/connections_fwd.hpp
-- Installing: /opt/xrce-agent/include/fastdds/statistics/IListeners.hpp
-- Installing: /opt/xrce-agent/include/fastdds/rtps
-- Installing: /opt/xrce-agent/include/fastdds/rtps/Endpoint.h
-- Installing: /opt/xrce-agent/include/fastdds/rtps/network
-- Installing: /opt/xrce-agent/include/fastdds/rtps/network/SenderResource.h
-- Installing: /opt/xrce-agent/include/fastdds/rtps/attributes
-- Installing: /opt/xrce-agent/include/fastdds/rtps/attributes/BuiltinTransports.hpp
-- Installing: /opt/xrce-agent/include/fastdds/rtps/attributes/RTPSParticipantAttributes.h
-- Installing: /opt/xrce-agent/include/fastdds/rtps/attributes/ReaderAttributes.h
-- Installing: /opt/xrce-agent/include/fastdds/rtps/attributes/ExternalLocators.hpp
-- Installing: /opt/xrce-agent/include/fastdds/rtps/attributes/EndpointAttributes.h
-- Installing: /opt/xrce-agent/include/fastdds/rtps/attributes/RTPSParticipantAllocationAttributes.hpp
-- Installing: /opt/xrce-agent/include/fastdds/rtps/attributes/PropertyPolicy.h
-- Installing: /opt/xrce-agent/include/fastdds/rtps/attributes/HistoryAttributes.h
-- Installing: /opt/xrce-agent/include/fastdds/rtps/attributes/ServerAttributes.h
-- Installing: /opt/xrce-agent/include/fastdds/rtps/attributes/ThreadSettings.hpp
-- Installing: /opt/xrce-agent/include/fastdds/rtps/attributes/WriterAttributes.h
-- Installing: /opt/xrce-agent/include/fastdds/rtps/interfaces
-- Installing: /opt/xrce-agent/include/fastdds/rtps/interfaces/IReaderDataFilter.hpp
-- Installing: /opt/xrce-agent/include/fastdds/rtps/history
-- Installing: /opt/xrce-agent/include/fastdds/rtps/history/IPayloadPool.h
-- Installing: /opt/xrce-agent/include/fastdds/rtps/history/WriterHistory.h
-- Installing: /opt/xrce-agent/include/fastdds/rtps/history/History.h
-- Installing: /opt/xrce-agent/include/fastdds/rtps/history/IChangePool.h
-- Installing: /opt/xrce-agent/include/fastdds/rtps/history/ReaderHistory.h
-- Installing: /opt/xrce-agent/include/fastdds/rtps/rtps_all.h
-- Installing: /opt/xrce-agent/include/fastdds/rtps/security
-- Installing: /opt/xrce-agent/include/fastdds/rtps/security/logging
-- Installing: /opt/xrce-agent/include/fastdds/rtps/security/logging/LogOptions.h
-- Installing: /opt/xrce-agent/include/fastdds/rtps/security/logging/LoggingLevel.h
-- Installing: /opt/xrce-agent/include/fastdds/rtps/security/logging/Logging.h
-- Installing: /opt/xrce-agent/include/fastdds/rtps/security/logging/BuiltinLoggingType.h
-- Installing: /opt/xrce-agent/include/fastdds/rtps/security/logging/NameValuePair.h
-- Installing: /opt/xrce-agent/include/fastdds/rtps/security/authentication
-- Installing: /opt/xrce-agent/include/fastdds/rtps/security/authentication/Handshake.h
-- Installing: /opt/xrce-agent/include/fastdds/rtps/security/authentication/Authentication.h
-- Installing: /opt/xrce-agent/include/fastdds/rtps/security/accesscontrol
-- Installing: /opt/xrce-agent/include/fastdds/rtps/security/accesscontrol/SecurityMaskUtilities.h
-- Installing: /opt/xrce-agent/include/fastdds/rtps/security/accesscontrol/ParticipantSecurityAttributes.h
-- Installing: /opt/xrce-agent/include/fastdds/rtps/security/accesscontrol/AccessControl.h
-- Installing: /opt/xrce-agent/include/fastdds/rtps/security/accesscontrol/EndpointSecurityAttributes.h
-- Installing: /opt/xrce-agent/include/fastdds/rtps/security/cryptography
-- Installing: /opt/xrce-agent/include/fastdds/rtps/security/cryptography/CryptoTypes.h
-- Installing: /opt/xrce-agent/include/fastdds/rtps/security/cryptography/Cryptography.h
-- Installing: /opt/xrce-agent/include/fastdds/rtps/security/cryptography/CryptoKeyFactory.h
-- Installing: /opt/xrce-agent/include/fastdds/rtps/security/cryptography/CryptoTransform.h
-- Installing: /opt/xrce-agent/include/fastdds/rtps/security/cryptography/CryptoKeyExchange.h
-- Installing: /opt/xrce-agent/include/fastdds/rtps/security/common
-- Installing: /opt/xrce-agent/include/fastdds/rtps/security/common/SharedSecretHandle.h
-- Installing: /opt/xrce-agent/include/fastdds/rtps/security/common/ParticipantGenericMessage.h
-- Installing: /opt/xrce-agent/include/fastdds/rtps/security/common/Handle.h
-- Installing: /opt/xrce-agent/include/fastdds/rtps/security/exceptions
-- Installing: /opt/xrce-agent/include/fastdds/rtps/security/exceptions/SecurityException.h
-- Installing: /opt/xrce-agent/include/fastdds/rtps/RTPSDomain.h
-- Installing: /opt/xrce-agent/include/fastdds/rtps/flowcontrol
-- Installing: /opt/xrce-agent/include/fastdds/rtps/flowcontrol/ThroughputControllerDescriptor.h
-- Installing: /opt/xrce-agent/include/fastdds/rtps/flowcontrol/FlowControllerSchedulerPolicy.hpp
-- Installing: /opt/xrce-agent/include/fastdds/rtps/flowcontrol/FlowControllerDescriptor.hpp
-- Installing: /opt/xrce-agent/include/fastdds/rtps/flowcontrol/FlowControllerConsts.hpp
-- Installing: /opt/xrce-agent/include/fastdds/rtps/writer
-- Installing: /opt/xrce-agent/include/fastdds/rtps/writer/LivelinessManager.h
-- Installing: /opt/xrce-agent/include/fastdds/rtps/writer/WriterListener.h
-- Installing: /opt/xrce-agent/include/fastdds/rtps/writer/StatefulWriter.h
-- Installing: /opt/xrce-agent/include/fastdds/rtps/writer/StatelessPersistentWriter.h
-- Installing: /opt/xrce-agent/include/fastdds/rtps/writer/DeliveryRetCode.hpp
-- Installing: /opt/xrce-agent/include/fastdds/rtps/writer/StatelessWriter.h
-- Installing: /opt/xrce-agent/include/fastdds/rtps/writer/PersistentWriter.h
-- Installing: /opt/xrce-agent/include/fastdds/rtps/writer/RTPSWriter.h
-- Installing: /opt/xrce-agent/include/fastdds/rtps/writer/LivelinessData.h
-- Installing: /opt/xrce-agent/include/fastdds/rtps/writer/LocatorSelectorSender.hpp
-- Installing: /opt/xrce-agent/include/fastdds/rtps/writer/WriterDiscoveryInfo.h
-- Installing: /opt/xrce-agent/include/fastdds/rtps/writer/ReaderProxy.h
-- Installing: /opt/xrce-agent/include/fastdds/rtps/writer/ReaderLocator.h
-- Installing: /opt/xrce-agent/include/fastdds/rtps/writer/StatefulPersistentWriter.h
-- Installing: /opt/xrce-agent/include/fastdds/rtps/writer/IReaderDataFilter.hpp
-- Installing: /opt/xrce-agent/include/fastdds/rtps/writer/ChangeForReader.h
-- Installing: /opt/xrce-agent/include/fastdds/rtps/rtps_fwd.h
-- Installing: /opt/xrce-agent/include/fastdds/rtps/builtin
-- Installing: /opt/xrce-agent/include/fastdds/rtps/builtin/data
-- Installing: /opt/xrce-agent/include/fastdds/rtps/builtin/data/ParticipantProxyData.h
-- Installing: /opt/xrce-agent/include/fastdds/rtps/builtin/data/ContentFilterProperty.hpp
-- Installing: /opt/xrce-agent/include/fastdds/rtps/builtin/data/WriterProxyData.h
-- Installing: /opt/xrce-agent/include/fastdds/rtps/builtin/data/BuiltinEndpoints.hpp
-- Installing: /opt/xrce-agent/include/fastdds/rtps/builtin/data/NetworkConfiguration.hpp
-- Installing: /opt/xrce-agent/include/fastdds/rtps/builtin/data/ReaderProxyData.h
-- Installing: /opt/xrce-agent/include/fastdds/rtps/builtin/liveliness
-- Installing: /opt/xrce-agent/include/fastdds/rtps/builtin/liveliness/WLPListener.h
-- Installing: /opt/xrce-agent/include/fastdds/rtps/builtin/liveliness/WLP.h
-- Installing: /opt/xrce-agent/include/fastdds/rtps/builtin/discovery
-- Installing: /opt/xrce-agent/include/fastdds/rtps/builtin/discovery/endpoint
-- Installing: /opt/xrce-agent/include/fastdds/rtps/builtin/discovery/endpoint/EDP.h
-- Installing: /opt/xrce-agent/include/fastdds/rtps/builtin/discovery/endpoint/EDPStatic.h
-- Installing: /opt/xrce-agent/include/fastdds/rtps/builtin/discovery/endpoint/EDPSimple.h
-- Installing: /opt/xrce-agent/include/fastdds/rtps/builtin/discovery/participant
-- Installing: /opt/xrce-agent/include/fastdds/rtps/builtin/discovery/participant/PDPListener.h
-- Installing: /opt/xrce-agent/include/fastdds/rtps/builtin/discovery/participant/PDP.h
-- Installing: /opt/xrce-agent/include/fastdds/rtps/builtin/discovery/participant/PDPSimple.h
-- Installing: /opt/xrce-agent/include/fastdds/rtps/builtin/BuiltinProtocols.h
-- Installing: /opt/xrce-agent/include/fastdds/rtps/messages
-- Installing: /opt/xrce-agent/include/fastdds/rtps/messages/CDRMessage.h
-- Installing: /opt/xrce-agent/include/fastdds/rtps/messages/MessageReceiver.h
-- Installing: /opt/xrce-agent/include/fastdds/rtps/messages/CDRMessage.hpp
-- Installing: /opt/xrce-agent/include/fastdds/rtps/messages/RTPSMessageCreator.h
-- Installing: /opt/xrce-agent/include/fastdds/rtps/messages/RTPS_messages.h
-- Installing: /opt/xrce-agent/include/fastdds/rtps/messages/RTPSMessageGroup.h
-- Installing: /opt/xrce-agent/include/fastdds/rtps/messages/RTPSMessageSenderInterface.hpp
-- Installing: /opt/xrce-agent/include/fastdds/rtps/resources
-- Installing: /opt/xrce-agent/include/fastdds/rtps/resources/TimedEvent.h
-- Installing: /opt/xrce-agent/include/fastdds/rtps/resources/ResourceManagement.h
-- Installing: /opt/xrce-agent/include/fastdds/rtps/resources/ResourceEvent.h
-- Installing: /opt/xrce-agent/include/fastdds/rtps/participant
-- Installing: /opt/xrce-agent/include/fastdds/rtps/participant/ParticipantDiscoveryInfo.h
-- Installing: /opt/xrce-agent/include/fastdds/rtps/participant/RTPSParticipantListener.h
-- Installing: /opt/xrce-agent/include/fastdds/rtps/participant/RTPSParticipant.h
-- Installing: /opt/xrce-agent/include/fastdds/rtps/transport
-- Installing: /opt/xrce-agent/include/fastdds/rtps/transport/network
-- Installing: /opt/xrce-agent/include/fastdds/rtps/transport/network/BlockedNetworkInterface.hpp
-- Installing: /opt/xrce-agent/include/fastdds/rtps/transport/network/NetmaskFilterKind.hpp
-- Installing: /opt/xrce-agent/include/fastdds/rtps/transport/network/NetworkInterface.hpp
-- Installing: /opt/xrce-agent/include/fastdds/rtps/transport/network/NetworkInterfaceWithFilter.hpp
-- Installing: /opt/xrce-agent/include/fastdds/rtps/transport/network/AllowedNetworkInterface.hpp
-- Installing: /opt/xrce-agent/include/fastdds/rtps/transport/TCPTransportDescriptor.h
-- Installing: /opt/xrce-agent/include/fastdds/rtps/transport/shared_mem
-- Installing: /opt/xrce-agent/include/fastdds/rtps/transport/shared_mem/SharedMemTransportDescriptor.h
-- Installing: /opt/xrce-agent/include/fastdds/rtps/transport/TransportInterface.h
-- Installing: /opt/xrce-agent/include/fastdds/rtps/transport/SenderResource.h
-- Installing: /opt/xrce-agent/include/fastdds/rtps/transport/TCPv4TransportDescriptor.h
-- Installing: /opt/xrce-agent/include/fastdds/rtps/transport/UDPv6TransportDescriptor.h
-- Installing: /opt/xrce-agent/include/fastdds/rtps/transport/TransportDescriptorInterface.h
-- Installing: /opt/xrce-agent/include/fastdds/rtps/transport/TCPv6TransportDescriptor.h
-- Installing: /opt/xrce-agent/include/fastdds/rtps/transport/ChainingTransportDescriptor.h
-- Installing: /opt/xrce-agent/include/fastdds/rtps/transport/TransportReceiverInterface.h
-- Installing: /opt/xrce-agent/include/fastdds/rtps/transport/PortBasedTransportDescriptor.hpp
-- Installing: /opt/xrce-agent/include/fastdds/rtps/transport/SocketTransportDescriptor.h
-- Installing: /opt/xrce-agent/include/fastdds/rtps/transport/ChainingTransport.h
-- Installing: /opt/xrce-agent/include/fastdds/rtps/transport/UDPTransportDescriptor.h
-- Installing: /opt/xrce-agent/include/fastdds/rtps/transport/UDPv4TransportDescriptor.h
-- Installing: /opt/xrce-agent/include/fastdds/rtps/transport/test_UDPv4TransportDescriptor.h
-- Installing: /opt/xrce-agent/include/fastdds/rtps/reader
-- Installing: /opt/xrce-agent/include/fastdds/rtps/reader/StatelessPersistentReader.h
-- Installing: /opt/xrce-agent/include/fastdds/rtps/reader/ReaderListener.h
-- Installing: /opt/xrce-agent/include/fastdds/rtps/reader/LocalReaderPointer.hpp
-- Installing: /opt/xrce-agent/include/fastdds/rtps/reader/StatefulPersistentReader.h
-- Installing: /opt/xrce-agent/include/fastdds/rtps/reader/StatelessReader.h
-- Installing: /opt/xrce-agent/include/fastdds/rtps/reader/RTPSReader.h
-- Installing: /opt/xrce-agent/include/fastdds/rtps/reader/ReaderDiscoveryInfo.h
-- Installing: /opt/xrce-agent/include/fastdds/rtps/reader/StatefulReader.h
-- Installing: /opt/xrce-agent/include/fastdds/rtps/common
-- Installing: /opt/xrce-agent/include/fastdds/rtps/common/LocatorsIterator.hpp
-- Installing: /opt/xrce-agent/include/fastdds/rtps/common/WriteParams.h
-- Installing: /opt/xrce-agent/include/fastdds/rtps/common/LocatorList.hpp
-- Installing: /opt/xrce-agent/include/fastdds/rtps/common/SequenceNumber.h
-- Installing: /opt/xrce-agent/include/fastdds/rtps/common/LocatorSelector.hpp
-- Installing: /opt/xrce-agent/include/fastdds/rtps/common/GuidPrefix_t.hpp
-- Installing: /opt/xrce-agent/include/fastdds/rtps/common/CdrSerialization.hpp
-- Installing: /opt/xrce-agent/include/fastdds/rtps/common/BinaryProperty.h
-- Installing: /opt/xrce-agent/include/fastdds/rtps/common/PortParameters.h
-- Installing: /opt/xrce-agent/include/fastdds/rtps/common/SerializedPayload.h
-- Installing: /opt/xrce-agent/include/fastdds/rtps/common/Property.h
-- Installing: /opt/xrce-agent/include/fastdds/rtps/common/InstanceHandle.h
-- Installing: /opt/xrce-agent/include/fastdds/rtps/common/LocatorSelectorEntry.hpp
-- Installing: /opt/xrce-agent/include/fastdds/rtps/common/EntityId_t.hpp
-- Installing: /opt/xrce-agent/include/fastdds/rtps/common/all_common.h
-- Installing: /opt/xrce-agent/include/fastdds/rtps/common/Token.h
-- Installing: /opt/xrce-agent/include/fastdds/rtps/common/LocatorListComparisons.hpp
-- Installing: /opt/xrce-agent/include/fastdds/rtps/common/RemoteLocators.hpp
-- Installing: /opt/xrce-agent/include/fastdds/rtps/common/SampleIdentity.h
-- Installing: /opt/xrce-agent/include/fastdds/rtps/common/MatchingInfo.h
-- Installing: /opt/xrce-agent/include/fastdds/rtps/common/LocatorWithMask.hpp
-- Installing: /opt/xrce-agent/include/fastdds/rtps/common/CDRMessage_t.h
-- Installing: /opt/xrce-agent/include/fastdds/rtps/common/Locator.h
-- Installing: /opt/xrce-agent/include/fastdds/rtps/common/CacheChange.h
-- Installing: /opt/xrce-agent/include/fastdds/rtps/common/Time_t.h
-- Installing: /opt/xrce-agent/include/fastdds/rtps/common/ChangeKind_t.hpp
-- Installing: /opt/xrce-agent/include/fastdds/rtps/common/Guid.h
-- Installing: /opt/xrce-agent/include/fastdds/rtps/common/Types.h
-- Installing: /opt/xrce-agent/include/fastdds/rtps/common/VendorId_t.hpp
-- Installing: /opt/xrce-agent/include/fastdds/rtps/common/FragmentNumber.h
-- Installing: /opt/xrce-agent/include/fastdds/rtps/exceptions
-- Installing: /opt/xrce-agent/include/fastdds/rtps/exceptions/Exception.h
-- Up-to-date: /opt/xrce-agent
-- Up-to-date: /opt/xrce-agent/share
-- Installing: /opt/xrce-agent/share/microcdr
-- Installing: /opt/xrce-agent/share/microcdr/cmake
-- Installing: /opt/xrce-agent/share/microcdr/cmake/microcdrConfigVersion.cmake
-- Installing: /opt/xrce-agent/share/microcdr/cmake/microcdrTargets.cmake
-- Installing: /opt/xrce-agent/share/microcdr/cmake/microcdrConfig.cmake
-- Installing: /opt/xrce-agent/share/microcdr/cmake/microcdrTargets-release.cmake
-- Up-to-date: /opt/xrce-agent/lib
-- Installing: /opt/xrce-agent/lib/libmicrocdr.so
-- Installing: /opt/xrce-agent/lib/libmicrocdr.so.2.0
-- Installing: /opt/xrce-agent/lib/libmicrocdr.so.2.0.1
-- Up-to-date: /opt/xrce-agent/include
-- Installing: /opt/xrce-agent/include/ucdr
-- Installing: /opt/xrce-agent/include/ucdr/config.h
-- Installing: /opt/xrce-agent/include/ucdr/visibility.h
-- Installing: /opt/xrce-agent/include/ucdr/microcdr.h
-- Up-to-date: /opt/xrce-agent
-- Up-to-date: /opt/xrce-agent/share
-- Installing: /opt/xrce-agent/share/microxrcedds_client
-- Installing: /opt/xrce-agent/share/microxrcedds_client/cmake
-- Installing: /opt/xrce-agent/share/microxrcedds_client/cmake/microxrcedds_clientTargets-release.cmake
-- Installing: /opt/xrce-agent/share/microxrcedds_client/cmake/microxrcedds_clientTargets.cmake
-- Installing: /opt/xrce-agent/share/microxrcedds_client/cmake/microxrcedds_clientConfig.cmake
-- Installing: /opt/xrce-agent/share/microxrcedds_client/cmake/microxrcedds_clientConfigVersion.cmake
-- Up-to-date: /opt/xrce-agent/lib
-- Installing: /opt/xrce-agent/lib/libmicroxrcedds_client.so
-- Installing: /opt/xrce-agent/lib/libmicroxrcedds_client.so.2.4.3
-- Installing: /opt/xrce-agent/lib/libmicroxrcedds_client.so.2.4
-- Up-to-date: /opt/xrce-agent/include
-- Up-to-date: /opt/xrce-agent/include/uxr
-- Installing: /opt/xrce-agent/include/uxr/client
-- Installing: /opt/xrce-agent/include/uxr/client/util
-- Installing: /opt/xrce-agent/include/uxr/client/util/ping.h
-- Installing: /opt/xrce-agent/include/uxr/client/util/time.h
-- Installing: /opt/xrce-agent/include/uxr/client/config.h
-- Installing: /opt/xrce-agent/include/uxr/client/client.h
-- Installing: /opt/xrce-agent/include/uxr/client/defines.h
-- Installing: /opt/xrce-agent/include/uxr/client/visibility.h
-- Installing: /opt/xrce-agent/include/uxr/client/transport.h
-- Installing: /opt/xrce-agent/include/uxr/client/profile
-- Installing: /opt/xrce-agent/include/uxr/client/profile/multithread
-- Installing: /opt/xrce-agent/include/uxr/client/profile/multithread/multithread.h
-- Installing: /opt/xrce-agent/include/uxr/client/profile/discovery
-- Installing: /opt/xrce-agent/include/uxr/client/profile/discovery/discovery.h
-- Installing: /opt/xrce-agent/include/uxr/client/profile/transport
-- Installing: /opt/xrce-agent/include/uxr/client/profile/transport/serial
-- Installing: /opt/xrce-agent/include/uxr/client/profile/transport/serial/serial_transport_posix.h
-- Installing: /opt/xrce-agent/include/uxr/client/profile/transport/serial/serial_transport_rtems_bsd_net.h
-- Installing: /opt/xrce-agent/include/uxr/client/profile/transport/serial/serial_transport.h
-- Installing: /opt/xrce-agent/include/uxr/client/profile/transport/serial/serial_transport_platform.h
-- Installing: /opt/xrce-agent/include/uxr/client/profile/transport/custom
-- Installing: /opt/xrce-agent/include/uxr/client/profile/transport/custom/custom_transport.h
-- Installing: /opt/xrce-agent/include/uxr/client/profile/transport/stream_framing
-- Installing: /opt/xrce-agent/include/uxr/client/profile/transport/stream_framing/stream_framing_protocol.h
-- Installing: /opt/xrce-agent/include/uxr/client/profile/transport/ip
-- Installing: /opt/xrce-agent/include/uxr/client/profile/transport/ip/ip.h
-- Installing: /opt/xrce-agent/include/uxr/client/profile/transport/ip/udp
-- Installing: /opt/xrce-agent/include/uxr/client/profile/transport/ip/udp/udp_transport_posix.h
-- Installing: /opt/xrce-agent/include/uxr/client/profile/transport/ip/udp/udp_transport_windows.h
-- Installing: /opt/xrce-agent/include/uxr/client/profile/transport/ip/udp/udp_transport.h
-- Installing: /opt/xrce-agent/include/uxr/client/profile/transport/ip/udp/udp_transport_rtems_bsd_net.h
-- Installing: /opt/xrce-agent/include/uxr/client/profile/transport/ip/udp/udp_transport_freertos_plus_tcp.h
-- Installing: /opt/xrce-agent/include/uxr/client/profile/transport/ip/udp/udp_transport_posix_nopoll.h
-- Installing: /opt/xrce-agent/include/uxr/client/profile/transport/ip/tcp
-- Installing: /opt/xrce-agent/include/uxr/client/profile/transport/ip/tcp/tcp_transport_posix.h
-- Installing: /opt/xrce-agent/include/uxr/client/profile/transport/ip/tcp/tcp_transport_freertos_plus_tcp.h
-- Installing: /opt/xrce-agent/include/uxr/client/profile/transport/ip/tcp/tcp_transport_windows.h
-- Installing: /opt/xrce-agent/include/uxr/client/profile/transport/ip/tcp/tcp_transport_posix_nopoll.h
-- Installing: /opt/xrce-agent/include/uxr/client/profile/transport/ip/tcp/tcp_transport.h
-- Installing: /opt/xrce-agent/include/uxr/client/profile/transport/ip/tcp/tcp_transport_rtems_bsd_net.h
-- Installing: /opt/xrce-agent/include/uxr/client/profile/transport/can
-- Installing: /opt/xrce-agent/include/uxr/client/profile/transport/can/can_transport_posix.h
-- Installing: /opt/xrce-agent/include/uxr/client/profile/transport/can/can_transport.h
-- Installing: /opt/xrce-agent/include/uxr/client/core
-- Installing: /opt/xrce-agent/include/uxr/client/core/communication
-- Installing: /opt/xrce-agent/include/uxr/client/core/communication/communication.h
-- Installing: /opt/xrce-agent/include/uxr/client/core/session
-- Installing: /opt/xrce-agent/include/uxr/client/core/session/session.h
-- Installing: /opt/xrce-agent/include/uxr/client/core/session/time_sync.h
-- Installing: /opt/xrce-agent/include/uxr/client/core/session/common_create_entities.h
-- Installing: /opt/xrce-agent/include/uxr/client/core/session/stream
-- Installing: /opt/xrce-agent/include/uxr/client/core/session/stream/reliable_stream.h
-- Installing: /opt/xrce-agent/include/uxr/client/core/session/stream/stream_storage.h
-- Installing: /opt/xrce-agent/include/uxr/client/core/session/stream/output_best_effort_stream.h
-- Installing: /opt/xrce-agent/include/uxr/client/core/session/stream/stream_id.h
-- Installing: /opt/xrce-agent/include/uxr/client/core/session/stream/input_reliable_stream.h
-- Installing: /opt/xrce-agent/include/uxr/client/core/session/stream/input_best_effort_stream.h
-- Installing: /opt/xrce-agent/include/uxr/client/core/session/stream/output_reliable_stream.h
-- Installing: /opt/xrce-agent/include/uxr/client/core/session/stream/seq_num.h
-- Installing: /opt/xrce-agent/include/uxr/client/core/session/create_entities_xml.h
-- Installing: /opt/xrce-agent/include/uxr/client/core/session/create_entities_bin.h
-- Installing: /opt/xrce-agent/include/uxr/client/core/session/write_access.h
-- Installing: /opt/xrce-agent/include/uxr/client/core/session/session_info.h
-- Installing: /opt/xrce-agent/include/uxr/client/core/session/object_id.h
-- Installing: /opt/xrce-agent/include/uxr/client/core/session/create_entities_ref.h
-- Installing: /opt/xrce-agent/include/uxr/client/core/session/read_access.h
-- Installing: /opt/xrce-agent/include/uxr/client/core/type
-- Installing: /opt/xrce-agent/include/uxr/client/core/type/xrce_types.h
-- Up-to-date: /opt/xrce-agent
-- Up-to-date: /opt/xrce-agent/lib
-- Installing: /opt/xrce-agent/lib/pkgconfig
-- Installing: /opt/xrce-agent/lib/pkgconfig/spdlog.pc
-- Installing: /opt/xrce-agent/lib/libspdlog.a
-- Up-to-date: /opt/xrce-agent/lib/cmake
-- Installing: /opt/xrce-agent/lib/cmake/spdlog
-- Installing: /opt/xrce-agent/lib/cmake/spdlog/spdlogConfig.cmake
-- Installing: /opt/xrce-agent/lib/cmake/spdlog/spdlogConfigVersion.cmake
-- Installing: /opt/xrce-agent/lib/cmake/spdlog/spdlogConfigTargets.cmake
-- Installing: /opt/xrce-agent/lib/cmake/spdlog/spdlogConfigTargets-release.cmake
-- Up-to-date: /opt/xrce-agent/include
-- Installing: /opt/xrce-agent/include/spdlog
-- Installing: /opt/xrce-agent/include/spdlog/async_logger.h
-- Installing: /opt/xrce-agent/include/spdlog/async.h
-- Installing: /opt/xrce-agent/include/spdlog/fmt
-- Installing: /opt/xrce-agent/include/spdlog/fmt/fmt.h
-- Installing: /opt/xrce-agent/include/spdlog/fmt/ostr.h
-- Installing: /opt/xrce-agent/include/spdlog/fmt/chrono.h
-- Installing: /opt/xrce-agent/include/spdlog/fmt/bundled
-- Installing: /opt/xrce-agent/include/spdlog/fmt/bundled/locale.h
-- Installing: /opt/xrce-agent/include/spdlog/fmt/bundled/core.h
-- Installing: /opt/xrce-agent/include/spdlog/fmt/bundled/printf.h
-- Installing: /opt/xrce-agent/include/spdlog/fmt/bundled/chrono.h
-- Installing: /opt/xrce-agent/include/spdlog/fmt/bundled/ranges.h
-- Installing: /opt/xrce-agent/include/spdlog/fmt/bundled/ostream.h
-- Installing: /opt/xrce-agent/include/spdlog/fmt/bundled/format.h
-- Installing: /opt/xrce-agent/include/spdlog/fmt/bundled/args.h
-- Installing: /opt/xrce-agent/include/spdlog/fmt/bundled/xchar.h
-- Installing: /opt/xrce-agent/include/spdlog/fmt/bundled/compile.h
-- Installing: /opt/xrce-agent/include/spdlog/fmt/bundled/os.h
-- Installing: /opt/xrce-agent/include/spdlog/fmt/bundled/color.h
-- Installing: /opt/xrce-agent/include/spdlog/fmt/bundled/format-inl.h
-- Installing: /opt/xrce-agent/include/spdlog/fmt/bin_to_hex.h
-- Installing: /opt/xrce-agent/include/spdlog/fmt/xchar.h
-- Installing: /opt/xrce-agent/include/spdlog/fmt/compile.h
-- Installing: /opt/xrce-agent/include/spdlog/formatter.h
-- Installing: /opt/xrce-agent/include/spdlog/pattern_formatter-inl.h
-- Installing: /opt/xrce-agent/include/spdlog/spdlog.h
-- Installing: /opt/xrce-agent/include/spdlog/version.h
-- Installing: /opt/xrce-agent/include/spdlog/tweakme.h
-- Installing: /opt/xrce-agent/include/spdlog/logger.h
-- Installing: /opt/xrce-agent/include/spdlog/sinks
-- Installing: /opt/xrce-agent/include/spdlog/sinks/basic_file_sink-inl.h
-- Installing: /opt/xrce-agent/include/spdlog/sinks/stdout_sinks-inl.h
-- Installing: /opt/xrce-agent/include/spdlog/sinks/base_sink-inl.h
-- Installing: /opt/xrce-agent/include/spdlog/sinks/mongo_sink.h
-- Installing: /opt/xrce-agent/include/spdlog/sinks/stdout_sinks.h
-- Installing: /opt/xrce-agent/include/spdlog/sinks/ostream_sink.h
-- Installing: /opt/xrce-agent/include/spdlog/sinks/syslog_sink.h
-- Installing: /opt/xrce-agent/include/spdlog/sinks/dup_filter_sink.h
-- Installing: /opt/xrce-agent/include/spdlog/sinks/win_eventlog_sink.h
-- Installing: /opt/xrce-agent/include/spdlog/sinks/dist_sink.h
-- Installing: /opt/xrce-agent/include/spdlog/sinks/daily_file_sink.h
-- Installing: /opt/xrce-agent/include/spdlog/sinks/stdout_color_sinks.h
-- Installing: /opt/xrce-agent/include/spdlog/sinks/hourly_file_sink.h
-- Installing: /opt/xrce-agent/include/spdlog/sinks/ringbuffer_sink.h
-- Installing: /opt/xrce-agent/include/spdlog/sinks/rotating_file_sink-inl.h
-- Installing: /opt/xrce-agent/include/spdlog/sinks/rotating_file_sink.h
-- Installing: /opt/xrce-agent/include/spdlog/sinks/basic_file_sink.h
-- Installing: /opt/xrce-agent/include/spdlog/sinks/qt_sinks.h
-- Installing: /opt/xrce-agent/include/spdlog/sinks/ansicolor_sink.h
-- Installing: /opt/xrce-agent/include/spdlog/sinks/sink-inl.h
-- Installing: /opt/xrce-agent/include/spdlog/sinks/sink.h
-- Installing: /opt/xrce-agent/include/spdlog/sinks/stdout_color_sinks-inl.h
-- Installing: /opt/xrce-agent/include/spdlog/sinks/msvc_sink.h
-- Installing: /opt/xrce-agent/include/spdlog/sinks/null_sink.h
-- Installing: /opt/xrce-agent/include/spdlog/sinks/base_sink.h
-- Installing: /opt/xrce-agent/include/spdlog/sinks/systemd_sink.h
-- Installing: /opt/xrce-agent/include/spdlog/sinks/ansicolor_sink-inl.h
-- Installing: /opt/xrce-agent/include/spdlog/sinks/wincolor_sink-inl.h
-- Installing: /opt/xrce-agent/include/spdlog/sinks/tcp_sink.h
-- Installing: /opt/xrce-agent/include/spdlog/sinks/android_sink.h
-- Installing: /opt/xrce-agent/include/spdlog/sinks/wincolor_sink.h
-- Installing: /opt/xrce-agent/include/spdlog/logger-inl.h
-- Installing: /opt/xrce-agent/include/spdlog/pattern_formatter.h
-- Installing: /opt/xrce-agent/include/spdlog/common.h
-- Installing: /opt/xrce-agent/include/spdlog/stopwatch.h
-- Installing: /opt/xrce-agent/include/spdlog/details
-- Installing: /opt/xrce-agent/include/spdlog/details/synchronous_factory.h
-- Installing: /opt/xrce-agent/include/spdlog/details/thread_pool.h
-- Installing: /opt/xrce-agent/include/spdlog/details/file_helper-inl.h
-- Installing: /opt/xrce-agent/include/spdlog/details/periodic_worker.h
-- Installing: /opt/xrce-agent/include/spdlog/details/tcp_client.h
-- Installing: /opt/xrce-agent/include/spdlog/details/null_mutex.h
-- Installing: /opt/xrce-agent/include/spdlog/details/circular_q.h
-- Installing: /opt/xrce-agent/include/spdlog/details/file_helper.h
-- Installing: /opt/xrce-agent/include/spdlog/details/log_msg-inl.h
-- Installing: /opt/xrce-agent/include/spdlog/details/os-inl.h
-- Installing: /opt/xrce-agent/include/spdlog/details/backtracer.h
-- Installing: /opt/xrce-agent/include/spdlog/details/thread_pool-inl.h
-- Installing: /opt/xrce-agent/include/spdlog/details/log_msg_buffer-inl.h
-- Installing: /opt/xrce-agent/include/spdlog/details/mpmc_blocking_q.h
-- Installing: /opt/xrce-agent/include/spdlog/details/console_globals.h
-- Installing: /opt/xrce-agent/include/spdlog/details/backtracer-inl.h
-- Installing: /opt/xrce-agent/include/spdlog/details/registry-inl.h
-- Installing: /opt/xrce-agent/include/spdlog/details/windows_include.h
-- Installing: /opt/xrce-agent/include/spdlog/details/periodic_worker-inl.h
-- Installing: /opt/xrce-agent/include/spdlog/details/registry.h
-- Installing: /opt/xrce-agent/include/spdlog/details/log_msg.h
-- Installing: /opt/xrce-agent/include/spdlog/details/fmt_helper.h
-- Installing: /opt/xrce-agent/include/spdlog/details/log_msg_buffer.h
-- Installing: /opt/xrce-agent/include/spdlog/details/os.h
-- Installing: /opt/xrce-agent/include/spdlog/details/tcp_client-windows.h
-- Installing: /opt/xrce-agent/include/spdlog/common-inl.h
-- Installing: /opt/xrce-agent/include/spdlog/fwd.h
-- Installing: /opt/xrce-agent/include/spdlog/cfg
-- Installing: /opt/xrce-agent/include/spdlog/cfg/argv.h
-- Installing: /opt/xrce-agent/include/spdlog/cfg/env.h
-- Installing: /opt/xrce-agent/include/spdlog/cfg/helpers-inl.h
-- Installing: /opt/xrce-agent/include/spdlog/cfg/helpers.h
-- Installing: /opt/xrce-agent/include/spdlog/async_logger-inl.h
-- Installing: /opt/xrce-agent/include/spdlog/spdlog-inl.h
PX4 SITL and XRCE agent staged in .tmp/simulation/px4-bootstrap-verified
